{
"type": "FeatureCollection",
"name": "projet-coso-Eau",
"crs": { "type": "name", "properties": { "name": "urn:ogc:def:crs:OGC:1.3:CRS84" } },
"features": [
{ "type": "Feature", "properties": { "id": 584, "number": 2, "joint_subproject_number": 1, "title": "Construction d'un centre communautaire à Alégba  + forage photovoltaïque à ALEGBA", "type": "Forage Photovoltaïque (Centre communautaire)", "subproject_type_designation": "Infrastructure", "sector": "Eau–Hydraulique", "works_type": "Construction", "component": "COMPOSANTE 1.1", "projects": "COSO", "financiers": "Banque Mondiale", "status": "Remise de l'ouvrage à la communauté 100.0%", "current_status_of_the_site": "Réception définitive", "progress_percent": 100.0, "progress_value": 100.0, "estimated_cost": 20000000.0, "contract_amount_work_companies": 13318882.0, "total_contract_amount_paid": 13318882.0, "amount_of_the_care_and_maintenance_fund_expected": 250000.0, "care_and_maintenance_amount_on_village_account": 300000.0, "date_signature_contract_work_companies": "2023-12-27", "date_signature_contract_efme": "2023-12-27", "contract_companies_amount_for_efme": 13318882.0, "date_signature_contract_controllers_in_SES": "2023-12-27", "date_of_signature_of_contract_for_construction_supervisors": "2023-12-27", "approval_date_cora": "2023-05-02", "launch_date": "2024-01-04", "expected_duration": 3.0, "expected_end_date": "2024-04-04", "work_completion_date": "2024-02-23", "date_of_technical_acceptance_of_work": "2024-03-07", "date_of_provisional_acceptance_of_work": "2024-03-07", "official_handover_date_to_community": "2025-05-09", "existence_of_maintenance_plan": true, "wave": "3", "number_of_classrooms": 0.0, "number_of_infrastructures": 1, "population": 795.0, "direct_beneficiaries_men": 439.0, "direct_beneficiaries_women": 418.0, "women_s_group": "True", "youth_group": "True", "breeders_farmers_group": "True", "ethnic_minority_group": "True", "date_of_organization_of_the_social_audit": "2024-10-29", "number_of_participants_m_in_social_audit": 44.0, "number_of_participants_w_in_social_audit": 47.0, "number_of_participants_t_in_social_audit": 91.0, "beneficiary_villages_count": 1, "beneficiary_villages": "1924", "list_of_villages_crossed_by_track_or_electrification": [ ], "infrastructure_changed": "True", "infrastructure_deleted": false, "level_of_achievement_donation_certificate": "Juge", "comments": null, "location_name": "ALEGBA", "latitude": 8.824055, "longitude": 1.606965, "hierarchy": "ALEGBA > BALANKA > TCHAMBA 3 > TCHAMBA > CENTRALE", "link_to_subproject": 583.0, "depth_of_drilling": 53.0, "drilling_flow_rate": 3.6, "number_of_latrine_blocks": null, "has_latrine_blocs": null, "storage_capacity": null, "official_handover_date_to_sector": null, "length_of_the_track": null, "extension_length": null, "number_of_drinking_fountains": null, "estimated_number_of_beneficiaries": null, "refugee_and_internally_displaced_persons_group": null, "has_fence": null, "number_of_sections_of_track_developed": null, "amount_of_the_controllers_contract_in_SES": null, "amount_of_the_contract_for_construction_supervisors": null, "date_signature_contract_facilitator": null, "amount_of_the_facilitator_contract": null, "amount_spent_on_completing_the_infrastructure": null, "amount_spent_on_infrastructure_up_to_provisional_acceptance": null, "number_of_streetlights": null, "distance_covered_by_streetlights": null, "canton": null, "market_name": null }, "geometry": { "type": "Point", "coordinates": [ 1.606965, 8.824055 ] } },
{ "type": "Feature", "properties": { "id": 585, "number": 3, "joint_subproject_number": 2, "title": "Réalisation d'un forage photovoltaïque pour eau de boisson ", "type": "Forages photovoltaïques dans les communautés pour eau de boisson", "subproject_type_designation": "Subproject", "sector": "Eau–Hydraulique", "works_type": "Construction", "component": "COMPOSANTE 1.1", "projects": "COSO", "financiers": "Banque Mondiale", "status": "Remise de l'ouvrage à la communauté 100.0%", "current_status_of_the_site": "Réception définitive", "progress_percent": 100.0, "progress_value": 100.0, "estimated_cost": 20000000.0, "contract_amount_work_companies": 14147099.0, "total_contract_amount_paid": 14147099.0, "amount_of_the_care_and_maintenance_fund_expected": null, "care_and_maintenance_amount_on_village_account": 250000.0, "date_signature_contract_work_companies": "2023-07-31", "date_signature_contract_efme": null, "contract_companies_amount_for_efme": null, "date_signature_contract_controllers_in_SES": "2023-08-02", "date_of_signature_of_contract_for_construction_supervisors": null, "approval_date_cora": "2023-05-02", "launch_date": "2023-08-06", "expected_duration": 3.0, "expected_end_date": "2023-11-05", "work_completion_date": "2023-12-31", "date_of_technical_acceptance_of_work": "2024-01-26", "date_of_provisional_acceptance_of_work": "2024-01-26", "official_handover_date_to_community": "2025-04-30", "existence_of_maintenance_plan": true, "wave": "3", "number_of_classrooms": 0.0, "number_of_infrastructures": 1, "population": 447.0, "direct_beneficiaries_men": 200.0, "direct_beneficiaries_women": 224.0, "women_s_group": "True", "youth_group": "True", "breeders_farmers_group": "True", "ethnic_minority_group": "True", "date_of_organization_of_the_social_audit": "2024-11-06", "number_of_participants_m_in_social_audit": 38.0, "number_of_participants_w_in_social_audit": 37.0, "number_of_participants_t_in_social_audit": 75.0, "beneficiary_villages_count": 1, "beneficiary_villages": "4028", "list_of_villages_crossed_by_track_or_electrification": [ ], "infrastructure_changed": "True", "infrastructure_deleted": false, "level_of_achievement_donation_certificate": "Juge", "comments": null, "location_name": "ATONTOMI", "latitude": 8.888017, "longitude": 1.577222, "hierarchy": "ATONTOMI > BALANKA > TCHAMBA 3 > TCHAMBA > CENTRALE", "link_to_subproject": null, "depth_of_drilling": 110.0, "drilling_flow_rate": 4.0, "number_of_latrine_blocks": null, "has_latrine_blocs": null, "storage_capacity": null, "official_handover_date_to_sector": null, "length_of_the_track": null, "extension_length": null, "number_of_drinking_fountains": null, "estimated_number_of_beneficiaries": null, "refugee_and_internally_displaced_persons_group": null, "has_fence": null, "number_of_sections_of_track_developed": null, "amount_of_the_controllers_contract_in_SES": null, "amount_of_the_contract_for_construction_supervisors": null, "date_signature_contract_facilitator": null, "amount_of_the_facilitator_contract": null, "amount_spent_on_completing_the_infrastructure": null, "amount_spent_on_infrastructure_up_to_provisional_acceptance": null, "number_of_streetlights": null, "distance_covered_by_streetlights": null, "canton": null, "market_name": null }, "geometry": { "type": "Point", "coordinates": [ 1.577222, 8.888017 ] } },
{ "type": "Feature", "properties": { "id": 587, "number": 5, "joint_subproject_number": 4, "title": "Réalisation d'un forage photovoltaïque pour eau de boisson ", "type": "Forages photovoltaïques dans les communautés pour eau de boisson", "subproject_type_designation": "Subproject", "sector": "Eau–Hydraulique", "works_type": "Construction", "component": "COMPOSANTE 1.1", "projects": "COSO", "financiers": "Banque Mondiale", "status": "Réception provisoire 100.0%", "current_status_of_the_site": "Réception provisoire", "progress_percent": 100.0, "progress_value": 100.0, "estimated_cost": 20000000.0, "contract_amount_work_companies": 14147099.0, "total_contract_amount_paid": 14147099.0, "amount_of_the_care_and_maintenance_fund_expected": null, "care_and_maintenance_amount_on_village_account": 250000.0, "date_signature_contract_work_companies": "2023-07-31", "date_signature_contract_efme": null, "contract_companies_amount_for_efme": null, "date_signature_contract_controllers_in_SES": "2023-08-02", "date_of_signature_of_contract_for_construction_supervisors": "2023-08-02", "approval_date_cora": "2023-05-02", "launch_date": "2023-08-06", "expected_duration": 3.0, "expected_end_date": "2023-11-05", "work_completion_date": "2024-06-01", "date_of_technical_acceptance_of_work": "2024-06-13", "date_of_provisional_acceptance_of_work": "2024-06-13", "official_handover_date_to_community": null, "existence_of_maintenance_plan": false, "wave": "3", "number_of_classrooms": 0.0, "number_of_infrastructures": 1, "population": 400.0, "direct_beneficiaries_men": 196.0, "direct_beneficiaries_women": 204.0, "women_s_group": "True", "youth_group": "True", "breeders_farmers_group": "True", "ethnic_minority_group": "True", "date_of_organization_of_the_social_audit": "2024-11-07", "number_of_participants_m_in_social_audit": 42.0, "number_of_participants_w_in_social_audit": 41.0, "number_of_participants_t_in_social_audit": 83.0, "beneficiary_villages_count": 1, "beneficiary_villages": "1926", "list_of_villages_crossed_by_track_or_electrification": [ ], "infrastructure_changed": "True", "infrastructure_deleted": false, "level_of_achievement_donation_certificate": "Maire", "comments": null, "location_name": "BELAGNI", "latitude": 8.918368, "longitude": 1.614907, "hierarchy": "BELAGNI > BALANKA > TCHAMBA 3 > TCHAMBA > CENTRALE", "link_to_subproject": null, "depth_of_drilling": 92.0, "drilling_flow_rate": 4.0, "number_of_latrine_blocks": null, "has_latrine_blocs": null, "storage_capacity": null, "official_handover_date_to_sector": null, "length_of_the_track": null, "extension_length": null, "number_of_drinking_fountains": null, "estimated_number_of_beneficiaries": null, "refugee_and_internally_displaced_persons_group": null, "has_fence": null, "number_of_sections_of_track_developed": null, "amount_of_the_controllers_contract_in_SES": null, "amount_of_the_contract_for_construction_supervisors": null, "date_signature_contract_facilitator": null, "amount_of_the_facilitator_contract": null, "amount_spent_on_completing_the_infrastructure": null, "amount_spent_on_infrastructure_up_to_provisional_acceptance": null, "number_of_streetlights": null, "distance_covered_by_streetlights": null, "canton": null, "market_name": null }, "geometry": { "type": "Point", "coordinates": [ 1.614907, 8.918368 ] } },
{ "type": "Feature", "properties": { "id": 590, "number": 8, "joint_subproject_number": 6, "title": "Construction d'un bâtiment scolaire de 4 classes, bureau, magasin + forage au CEG Agbansikiti + équipements", "type": "Forages photovoltaïques dans les établissements scolaires", "subproject_type_designation": "Infrastructure", "sector": "Eau–Hydraulique", "works_type": "Construction", "component": "COMPOSANTE 1.1", "projects": "COSO", "financiers": "Banque Mondiale", "status": "Remise de l'ouvrage à la communauté 100.0%", "current_status_of_the_site": "Réception définitive", "progress_percent": 100.0, "progress_value": 100.0, "estimated_cost": 20000000.0, "contract_amount_work_companies": 14147099.0, "total_contract_amount_paid": 18179041.0, "amount_of_the_care_and_maintenance_fund_expected": null, "care_and_maintenance_amount_on_village_account": 250000.0, "date_signature_contract_work_companies": "2023-07-31", "date_signature_contract_efme": null, "contract_companies_amount_for_efme": 4031942.0, "date_signature_contract_controllers_in_SES": null, "date_of_signature_of_contract_for_construction_supervisors": null, "approval_date_cora": "2023-05-02", "launch_date": "2023-08-06", "expected_duration": 3.0, "expected_end_date": "2023-11-05", "work_completion_date": "2023-12-31", "date_of_technical_acceptance_of_work": "2025-04-30", "date_of_provisional_acceptance_of_work": "2024-01-26", "official_handover_date_to_community": "2025-04-30", "existence_of_maintenance_plan": false, "wave": "3", "number_of_classrooms": 0.0, "number_of_infrastructures": 1, "population": 1300.0, "direct_beneficiaries_men": 637.0, "direct_beneficiaries_women": 663.0, "women_s_group": null, "youth_group": null, "breeders_farmers_group": null, "ethnic_minority_group": null, "date_of_organization_of_the_social_audit": "2025-11-26", "number_of_participants_m_in_social_audit": 36.0, "number_of_participants_w_in_social_audit": 15.0, "number_of_participants_t_in_social_audit": 51.0, "beneficiary_villages_count": 1, "beneficiary_villages": "1929", "list_of_villages_crossed_by_track_or_electrification": [ ], "infrastructure_changed": null, "infrastructure_deleted": false, "level_of_achievement_donation_certificate": "Juge", "comments": null, "location_name": "AGBANSIKITI", "latitude": 8.691495, "longitude": 1.619747, "hierarchy": "AGBANSIKITI > KABOLI > TCHAMBA 3 > TCHAMBA > CENTRALE", "link_to_subproject": 589.0, "depth_of_drilling": null, "drilling_flow_rate": null, "number_of_latrine_blocks": null, "has_latrine_blocs": null, "storage_capacity": null, "official_handover_date_to_sector": null, "length_of_the_track": null, "extension_length": null, "number_of_drinking_fountains": null, "estimated_number_of_beneficiaries": null, "refugee_and_internally_displaced_persons_group": null, "has_fence": null, "number_of_sections_of_track_developed": null, "amount_of_the_controllers_contract_in_SES": null, "amount_of_the_contract_for_construction_supervisors": null, "date_signature_contract_facilitator": null, "amount_of_the_facilitator_contract": null, "amount_spent_on_completing_the_infrastructure": null, "amount_spent_on_infrastructure_up_to_provisional_acceptance": null, "number_of_streetlights": null, "distance_covered_by_streetlights": null, "canton": null, "market_name": null }, "geometry": { "type": "Point", "coordinates": [ 1.619747, 8.691495 ] } },
{ "type": "Feature", "properties": { "id": 591, "number": 9, "joint_subproject_number": 7, "title": "Réalisation d'un forage photovoltaïque pour eau de boisson ", "type": "Forages photovoltaïques dans les communautés pour eau de boisson", "subproject_type_designation": "Subproject", "sector": "Eau–Hydraulique", "works_type": "Construction", "component": "COMPOSANTE 1.1", "projects": "COSO", "financiers": "Banque Mondiale", "status": "Réception technique 100.0%", "current_status_of_the_site": "Réception provisoire", "progress_percent": 100.0, "progress_value": 100.0, "estimated_cost": 20000000.0, "contract_amount_work_companies": 14802637.0, "total_contract_amount_paid": 14802637.0, "amount_of_the_care_and_maintenance_fund_expected": null, "care_and_maintenance_amount_on_village_account": 250000.0, "date_signature_contract_work_companies": "2023-07-31", "date_signature_contract_efme": null, "contract_companies_amount_for_efme": null, "date_signature_contract_controllers_in_SES": null, "date_of_signature_of_contract_for_construction_supervisors": null, "approval_date_cora": "2023-05-02", "launch_date": "2023-08-05", "expected_duration": 3.0, "expected_end_date": "2023-11-04", "work_completion_date": "2023-12-01", "date_of_technical_acceptance_of_work": "2025-04-28", "date_of_provisional_acceptance_of_work": "2023-12-01", "official_handover_date_to_community": null, "existence_of_maintenance_plan": true, "wave": "3", "number_of_classrooms": 0.0, "number_of_infrastructures": 1, "population": 1394.0, "direct_beneficiaries_men": 683.0, "direct_beneficiaries_women": 711.0, "women_s_group": "True", "youth_group": "True", "breeders_farmers_group": "True", "ethnic_minority_group": "True", "date_of_organization_of_the_social_audit": "2024-01-17", "number_of_participants_m_in_social_audit": 27.0, "number_of_participants_w_in_social_audit": 25.0, "number_of_participants_t_in_social_audit": 52.0, "beneficiary_villages_count": 1, "beneficiary_villages": "1930", "list_of_villages_crossed_by_track_or_electrification": [ ], "infrastructure_changed": "True", "infrastructure_deleted": false, "level_of_achievement_donation_certificate": "Juge", "comments": null, "location_name": "ATAFA 2", "latitude": 8.694493, "longitude": 1.563569, "hierarchy": "ATAFA 2 > KABOLI > TCHAMBA 3 > TCHAMBA > CENTRALE", "link_to_subproject": null, "depth_of_drilling": null, "drilling_flow_rate": null, "number_of_latrine_blocks": null, "has_latrine_blocs": null, "storage_capacity": null, "official_handover_date_to_sector": null, "length_of_the_track": null, "extension_length": null, "number_of_drinking_fountains": null, "estimated_number_of_beneficiaries": null, "refugee_and_internally_displaced_persons_group": null, "has_fence": null, "number_of_sections_of_track_developed": null, "amount_of_the_controllers_contract_in_SES": null, "amount_of_the_contract_for_construction_supervisors": null, "date_signature_contract_facilitator": null, "amount_of_the_facilitator_contract": null, "amount_spent_on_completing_the_infrastructure": null, "amount_spent_on_infrastructure_up_to_provisional_acceptance": null, "number_of_streetlights": null, "distance_covered_by_streetlights": null, "canton": null, "market_name": null }, "geometry": { "type": "Point", "coordinates": [ 1.563569, 8.694493 ] } },
{ "type": "Feature", "properties": { "id": 593, "number": 11, "joint_subproject_number": 8, "title": "Construction d'un bâtiment scolaire de trois (03) classes, bureau, magasin + forage à l'EPP Boléa + équipements", "type": "Forages photovoltaïques dans les établissements scolaires", "subproject_type_designation": "Infrastructure", "sector": "Eau–Hydraulique", "works_type": "Construction", "component": "COMPOSANTE 1.1", "projects": "COSO", "financiers": "Banque Mondiale", "status": "Réception définitive 100.0%", "current_status_of_the_site": "Réception définitive", "progress_percent": 100.0, "progress_value": 100.0, "estimated_cost": 20000000.0, "contract_amount_work_companies": 14147099.0, "total_contract_amount_paid": 17147072.0, "amount_of_the_care_and_maintenance_fund_expected": 250000.0, "care_and_maintenance_amount_on_village_account": 250000.0, "date_signature_contract_work_companies": "2023-07-31", "date_signature_contract_efme": "2024-02-05", "contract_companies_amount_for_efme": 2999973.0, "date_signature_contract_controllers_in_SES": "2024-02-02", "date_of_signature_of_contract_for_construction_supervisors": "2024-02-02", "approval_date_cora": "2023-05-02", "launch_date": "2023-08-06", "expected_duration": 3.0, "expected_end_date": "2023-11-05", "work_completion_date": "2024-06-01", "date_of_technical_acceptance_of_work": "2024-06-04", "date_of_provisional_acceptance_of_work": "2024-06-13", "official_handover_date_to_community": "2025-08-27", "existence_of_maintenance_plan": false, "wave": "3", "number_of_classrooms": 0.0, "number_of_infrastructures": 1, "population": 2500.0, "direct_beneficiaries_men": 1225.0, "direct_beneficiaries_women": 1275.0, "women_s_group": "True", "youth_group": "True", "breeders_farmers_group": "True", "ethnic_minority_group": "True", "date_of_organization_of_the_social_audit": "2024-11-06", "number_of_participants_m_in_social_audit": 47.0, "number_of_participants_w_in_social_audit": 27.0, "number_of_participants_t_in_social_audit": 74.0, "beneficiary_villages_count": 1, "beneficiary_villages": "1931", "list_of_villages_crossed_by_track_or_electrification": [ ], "infrastructure_changed": null, "infrastructure_deleted": false, "level_of_achievement_donation_certificate": "Chef Canton", "comments": null, "location_name": "BOLEA", "latitude": 8.528625, "longitude": 1.612648, "hierarchy": "BOLEA > KABOLI > TCHAMBA 3 > TCHAMBA > CENTRALE", "link_to_subproject": 592.0, "depth_of_drilling": 64.0, "drilling_flow_rate": 2.0, "number_of_latrine_blocks": null, "has_latrine_blocs": null, "storage_capacity": null, "official_handover_date_to_sector": null, "length_of_the_track": null, "extension_length": null, "number_of_drinking_fountains": null, "estimated_number_of_beneficiaries": null, "refugee_and_internally_displaced_persons_group": null, "has_fence": null, "number_of_sections_of_track_developed": null, "amount_of_the_controllers_contract_in_SES": null, "amount_of_the_contract_for_construction_supervisors": null, "date_signature_contract_facilitator": null, "amount_of_the_facilitator_contract": null, "amount_spent_on_completing_the_infrastructure": null, "amount_spent_on_infrastructure_up_to_provisional_acceptance": null, "number_of_streetlights": null, "distance_covered_by_streetlights": null, "canton": null, "market_name": null }, "geometry": { "type": "Point", "coordinates": [ 1.612648, 8.528625 ] } },
{ "type": "Feature", "properties": { "id": 595, "number": 13, "joint_subproject_number": 9, "title": "Construction d'un bâtiment scolaire de trois (03) classes, bureau, magasin + forage + blocs de latrines à l'EPP Dogodè + équipements ", "type": "Forages photovoltaïques dans les établissements scolaires", "subproject_type_designation": "Infrastructure", "sector": "Eau–Hydraulique", "works_type": "Construction", "component": "COMPOSANTE 1.1", "projects": "COSO", "financiers": "Banque Mondiale", "status": "Remise de l'ouvrage à la communauté 100.0%", "current_status_of_the_site": "Réception définitive", "progress_percent": 100.0, "progress_value": 100.0, "estimated_cost": 20000000.0, "contract_amount_work_companies": 12422082.0, "total_contract_amount_paid": 12422082.0, "amount_of_the_care_and_maintenance_fund_expected": null, "care_and_maintenance_amount_on_village_account": 340000.0, "date_signature_contract_work_companies": "2023-12-27", "date_signature_contract_efme": "2024-02-05", "contract_companies_amount_for_efme": null, "date_signature_contract_controllers_in_SES": "2024-02-05", "date_of_signature_of_contract_for_construction_supervisors": "2024-02-05", "approval_date_cora": "2023-05-02", "launch_date": "2024-01-04", "expected_duration": 3.0, "expected_end_date": "2024-04-04", "work_completion_date": "2024-02-23", "date_of_technical_acceptance_of_work": "2024-04-09", "date_of_provisional_acceptance_of_work": "2024-03-07", "official_handover_date_to_community": "2025-05-09", "existence_of_maintenance_plan": false, "wave": "3", "number_of_classrooms": 0.0, "number_of_infrastructures": 1, "population": 752.0, "direct_beneficiaries_men": 352.0, "direct_beneficiaries_women": 400.0, "women_s_group": "True", "youth_group": "True", "breeders_farmers_group": "True", "ethnic_minority_group": "True", "date_of_organization_of_the_social_audit": "2025-11-29", "number_of_participants_m_in_social_audit": 38.0, "number_of_participants_w_in_social_audit": 16.0, "number_of_participants_t_in_social_audit": 54.0, "beneficiary_villages_count": 1, "beneficiary_villages": "1932", "list_of_villages_crossed_by_track_or_electrification": [ ], "infrastructure_changed": "True", "infrastructure_deleted": false, "level_of_achievement_donation_certificate": "Juge", "comments": null, "location_name": "DOGODE", "latitude": 8.786747, "longitude": 1.630917, "hierarchy": "DOGODE > KABOLI > TCHAMBA 3 > TCHAMBA > CENTRALE", "link_to_subproject": 594.0, "depth_of_drilling": 55.0, "drilling_flow_rate": 6.0, "number_of_latrine_blocks": null, "has_latrine_blocs": null, "storage_capacity": null, "official_handover_date_to_sector": null, "length_of_the_track": null, "extension_length": null, "number_of_drinking_fountains": null, "estimated_number_of_beneficiaries": null, "refugee_and_internally_displaced_persons_group": null, "has_fence": null, "number_of_sections_of_track_developed": null, "amount_of_the_controllers_contract_in_SES": null, "amount_of_the_contract_for_construction_supervisors": null, "date_signature_contract_facilitator": null, "amount_of_the_facilitator_contract": null, "amount_spent_on_completing_the_infrastructure": null, "amount_spent_on_infrastructure_up_to_provisional_acceptance": null, "number_of_streetlights": null, "distance_covered_by_streetlights": null, "canton": null, "market_name": null }, "geometry": { "type": "Point", "coordinates": [ 1.630917, 8.786747 ] } },
{ "type": "Feature", "properties": { "id": 598, "number": 16, "joint_subproject_number": 12, "title": "Réalisation d'un forage photovoltaïque pour eau de boisson ", "type": "Forages photovoltaïques dans les communautés pour eau de boisson", "subproject_type_designation": "Subproject", "sector": "Eau–Hydraulique", "works_type": "Construction", "component": "COMPOSANTE 1.1", "projects": "COSO", "financiers": "Banque Mondiale", "status": "Réception technique 100.0%", "current_status_of_the_site": "Réception provisoire", "progress_percent": 100.0, "progress_value": 100.0, "estimated_cost": 20000000.0, "contract_amount_work_companies": 15937331.0, "total_contract_amount_paid": 15937331.0, "amount_of_the_care_and_maintenance_fund_expected": null, "care_and_maintenance_amount_on_village_account": 260000.0, "date_signature_contract_work_companies": "2023-07-31", "date_signature_contract_efme": null, "contract_companies_amount_for_efme": null, "date_signature_contract_controllers_in_SES": null, "date_of_signature_of_contract_for_construction_supervisors": null, "approval_date_cora": "2023-05-02", "launch_date": "2023-08-06", "expected_duration": 3.0, "expected_end_date": "2023-11-05", "work_completion_date": "2024-08-18", "date_of_technical_acceptance_of_work": "2025-05-08", "date_of_provisional_acceptance_of_work": "2024-11-13", "official_handover_date_to_community": "2024-11-13", "existence_of_maintenance_plan": true, "wave": "3", "number_of_classrooms": 0.0, "number_of_infrastructures": 1, "population": 1394.0, "direct_beneficiaries_men": 645.0, "direct_beneficiaries_women": 648.0, "women_s_group": "True", "youth_group": "True", "breeders_farmers_group": "True", "ethnic_minority_group": "True", "date_of_organization_of_the_social_audit": "2024-12-12", "number_of_participants_m_in_social_audit": 65.0, "number_of_participants_w_in_social_audit": 42.0, "number_of_participants_t_in_social_audit": 107.0, "beneficiary_villages_count": 1, "beneficiary_villages": "4026", "list_of_villages_crossed_by_track_or_electrification": [ ], "infrastructure_changed": null, "infrastructure_deleted": false, "level_of_achievement_donation_certificate": "Maire", "comments": null, "location_name": "KALA 2", "latitude": 8.673588, "longitude": 1.604208, "hierarchy": "KALA 2 > KABOLI > TCHAMBA 3 > TCHAMBA > CENTRALE", "link_to_subproject": null, "depth_of_drilling": null, "drilling_flow_rate": null, "number_of_latrine_blocks": null, "has_latrine_blocs": null, "storage_capacity": null, "official_handover_date_to_sector": null, "length_of_the_track": null, "extension_length": null, "number_of_drinking_fountains": null, "estimated_number_of_beneficiaries": null, "refugee_and_internally_displaced_persons_group": null, "has_fence": null, "number_of_sections_of_track_developed": null, "amount_of_the_controllers_contract_in_SES": null, "amount_of_the_contract_for_construction_supervisors": null, "date_signature_contract_facilitator": null, "amount_of_the_facilitator_contract": null, "amount_spent_on_completing_the_infrastructure": null, "amount_spent_on_infrastructure_up_to_provisional_acceptance": null, "number_of_streetlights": null, "distance_covered_by_streetlights": null, "canton": null, "market_name": null }, "geometry": { "type": "Point", "coordinates": [ 1.604208, 8.673588 ] } },
{ "type": "Feature", "properties": { "id": 602, "number": 20, "joint_subproject_number": 14, "title": "Construction d'un bâtiment scolaire de trois (03) classes, bureau, magasin + forage + blocs de latrines à l'EPP Lakaba + équipements ", "type": "Forages photovoltaïques dans les établissements scolaires", "subproject_type_designation": "Infrastructure", "sector": "Eau–Hydraulique", "works_type": "Construction", "component": "COMPOSANTE 1.1", "projects": "COSO", "financiers": "Banque Mondiale", "status": "Remise de l'ouvrage à la communauté 100.0%", "current_status_of_the_site": "Réception définitive", "progress_percent": 100.0, "progress_value": 100.0, "estimated_cost": 20000000.0, "contract_amount_work_companies": 15257400.0, "total_contract_amount_paid": 15257400.0, "amount_of_the_care_and_maintenance_fund_expected": null, "care_and_maintenance_amount_on_village_account": 330000.0, "date_signature_contract_work_companies": "2023-07-31", "date_signature_contract_efme": null, "contract_companies_amount_for_efme": 3098208.0, "date_signature_contract_controllers_in_SES": null, "date_of_signature_of_contract_for_construction_supervisors": null, "approval_date_cora": "2023-05-02", "launch_date": "2023-08-05", "expected_duration": 3.0, "expected_end_date": "2023-11-04", "work_completion_date": "2023-12-01", "date_of_technical_acceptance_of_work": "2025-05-08", "date_of_provisional_acceptance_of_work": "2023-12-01", "official_handover_date_to_community": "2025-05-08", "existence_of_maintenance_plan": true, "wave": "3", "number_of_classrooms": 0.0, "number_of_infrastructures": 1, "population": 700.0, "direct_beneficiaries_men": 343.0, "direct_beneficiaries_women": 357.0, "women_s_group": "True", "youth_group": "True", "breeders_farmers_group": "True", "ethnic_minority_group": "True", "date_of_organization_of_the_social_audit": "2024-12-13", "number_of_participants_m_in_social_audit": 53.0, "number_of_participants_w_in_social_audit": 34.0, "number_of_participants_t_in_social_audit": 87.0, "beneficiary_villages_count": 1, "beneficiary_villages": "4025", "list_of_villages_crossed_by_track_or_electrification": [ ], "infrastructure_changed": null, "infrastructure_deleted": false, "level_of_achievement_donation_certificate": "Juge", "comments": null, "location_name": "LAKABA", "latitude": 0.0, "longitude": 0.0, "hierarchy": "LAKABA > KABOLI > TCHAMBA 3 > TCHAMBA > CENTRALE", "link_to_subproject": 601.0, "depth_of_drilling": null, "drilling_flow_rate": null, "number_of_latrine_blocks": null, "has_latrine_blocs": null, "storage_capacity": null, "official_handover_date_to_sector": null, "length_of_the_track": null, "extension_length": null, "number_of_drinking_fountains": null, "estimated_number_of_beneficiaries": null, "refugee_and_internally_displaced_persons_group": null, "has_fence": null, "number_of_sections_of_track_developed": null, "amount_of_the_controllers_contract_in_SES": null, "amount_of_the_contract_for_construction_supervisors": null, "date_signature_contract_facilitator": null, "amount_of_the_facilitator_contract": null, "amount_spent_on_completing_the_infrastructure": null, "amount_spent_on_infrastructure_up_to_provisional_acceptance": null, "number_of_streetlights": null, "distance_covered_by_streetlights": null, "canton": null, "market_name": null }, "geometry": { "type": "Point", "coordinates": [ 0.0, 0.0 ] } },
{ "type": "Feature", "properties": { "id": 603, "number": 21, "joint_subproject_number": 15, "title": "Réalisation d'un forage photovoltaïque pour eau de boisson ", "type": "Forages photovoltaïques dans les communautés pour eau de boisson", "subproject_type_designation": "Subproject", "sector": "Eau–Hydraulique", "works_type": "Construction", "component": "COMPOSANTE 1.1", "projects": "COSO", "financiers": "Banque Mondiale", "status": "Remise de l'ouvrage à la communauté 100.0%", "current_status_of_the_site": "Réception définitive", "progress_percent": 100.0, "progress_value": 100.0, "estimated_cost": 20000000.0, "contract_amount_work_companies": 16121426.0, "total_contract_amount_paid": 16121426.0, "amount_of_the_care_and_maintenance_fund_expected": 250000.0, "care_and_maintenance_amount_on_village_account": 254137.0, "date_signature_contract_work_companies": "2023-07-31", "date_signature_contract_efme": null, "contract_companies_amount_for_efme": null, "date_signature_contract_controllers_in_SES": null, "date_of_signature_of_contract_for_construction_supervisors": null, "approval_date_cora": "2023-05-02", "launch_date": "2023-08-05", "expected_duration": 3.0, "expected_end_date": "2023-11-04", "work_completion_date": "2024-02-23", "date_of_technical_acceptance_of_work": "2024-05-08", "date_of_provisional_acceptance_of_work": "2024-03-07", "official_handover_date_to_community": "2025-05-08", "existence_of_maintenance_plan": true, "wave": "3", "number_of_classrooms": 0.0, "number_of_infrastructures": 1, "population": 600.0, "direct_beneficiaries_men": 294.0, "direct_beneficiaries_women": 306.0, "women_s_group": "True", "youth_group": "True", "breeders_farmers_group": "True", "ethnic_minority_group": "True", "date_of_organization_of_the_social_audit": "2024-03-08", "number_of_participants_m_in_social_audit": 23.0, "number_of_participants_w_in_social_audit": 30.0, "number_of_participants_t_in_social_audit": 53.0, "beneficiary_villages_count": 1, "beneficiary_villages": "4022", "list_of_villages_crossed_by_track_or_electrification": [ ], "infrastructure_changed": "True", "infrastructure_deleted": false, "level_of_achievement_donation_certificate": "Juge", "comments": null, "location_name": "ODORIN", "latitude": 8.594615, "longitude": 1.616948, "hierarchy": "ODORIN > KABOLI > TCHAMBA 3 > TCHAMBA > CENTRALE", "link_to_subproject": null, "depth_of_drilling": 82.0, "drilling_flow_rate": 1471.0, "number_of_latrine_blocks": null, "has_latrine_blocs": null, "storage_capacity": null, "official_handover_date_to_sector": null, "length_of_the_track": null, "extension_length": null, "number_of_drinking_fountains": null, "estimated_number_of_beneficiaries": null, "refugee_and_internally_displaced_persons_group": null, "has_fence": null, "number_of_sections_of_track_developed": null, "amount_of_the_controllers_contract_in_SES": null, "amount_of_the_contract_for_construction_supervisors": null, "date_signature_contract_facilitator": null, "amount_of_the_facilitator_contract": null, "amount_spent_on_completing_the_infrastructure": null, "amount_spent_on_infrastructure_up_to_provisional_acceptance": null, "number_of_streetlights": null, "distance_covered_by_streetlights": null, "canton": null, "market_name": null }, "geometry": { "type": "Point", "coordinates": [ 1.616948, 8.594615 ] } },
{ "type": "Feature", "properties": { "id": 605, "number": 23, "joint_subproject_number": 16, "title": "Construction d'un bâtiment scolaire de trois (03) classes, bureau, magasin + forage + blocs de latrines à l'EPP Samaï + équipements ", "type": "Forages photovoltaïques dans les établissements scolaires", "subproject_type_designation": "Infrastructure", "sector": "Eau–Hydraulique", "works_type": "Construction", "component": "COMPOSANTE 1.1", "projects": "COSO", "financiers": "Banque Mondiale", "status": "Réception provisoire 100.0%", "current_status_of_the_site": "Réception provisoire", "progress_percent": 12.0, "progress_value": 100.0, "estimated_cost": 20000000.0, "contract_amount_work_companies": 15937331.0, "total_contract_amount_paid": 19003266.0, "amount_of_the_care_and_maintenance_fund_expected": null, "care_and_maintenance_amount_on_village_account": 35000.0, "date_signature_contract_work_companies": "2023-07-31", "date_signature_contract_efme": null, "contract_companies_amount_for_efme": 3065935.0, "date_signature_contract_controllers_in_SES": null, "date_of_signature_of_contract_for_construction_supervisors": null, "approval_date_cora": "2023-05-02", "launch_date": "2023-08-06", "expected_duration": 3.0, "expected_end_date": "2023-11-05", "work_completion_date": "2024-10-04", "date_of_technical_acceptance_of_work": "2024-08-08", "date_of_provisional_acceptance_of_work": "2024-11-13", "official_handover_date_to_community": null, "existence_of_maintenance_plan": false, "wave": "3", "number_of_classrooms": 0.0, "number_of_infrastructures": 1, "population": 2050.0, "direct_beneficiaries_men": 1004.0, "direct_beneficiaries_women": 1046.0, "women_s_group": null, "youth_group": null, "breeders_farmers_group": null, "ethnic_minority_group": null, "date_of_organization_of_the_social_audit": "2024-12-06", "number_of_participants_m_in_social_audit": 56.0, "number_of_participants_w_in_social_audit": 20.0, "number_of_participants_t_in_social_audit": 76.0, "beneficiary_villages_count": 1, "beneficiary_villages": "4021", "list_of_villages_crossed_by_track_or_electrification": [ ], "infrastructure_changed": null, "infrastructure_deleted": false, "level_of_achievement_donation_certificate": "Juge", "comments": null, "location_name": "SAMAI", "latitude": 0.0, "longitude": 0.0, "hierarchy": "SAMAI > KABOLI > TCHAMBA 3 > TCHAMBA > CENTRALE", "link_to_subproject": 604.0, "depth_of_drilling": null, "drilling_flow_rate": null, "number_of_latrine_blocks": null, "has_latrine_blocs": null, "storage_capacity": null, "official_handover_date_to_sector": null, "length_of_the_track": null, "extension_length": null, "number_of_drinking_fountains": null, "estimated_number_of_beneficiaries": null, "refugee_and_internally_displaced_persons_group": null, "has_fence": null, "number_of_sections_of_track_developed": null, "amount_of_the_controllers_contract_in_SES": null, "amount_of_the_contract_for_construction_supervisors": null, "date_signature_contract_facilitator": null, "amount_of_the_facilitator_contract": null, "amount_spent_on_completing_the_infrastructure": null, "amount_spent_on_infrastructure_up_to_provisional_acceptance": null, "number_of_streetlights": null, "distance_covered_by_streetlights": null, "canton": null, "market_name": null }, "geometry": { "type": "Point", "coordinates": [ 0.0, 0.0 ] } },
{ "type": "Feature", "properties": { "id": 607, "number": 25, "joint_subproject_number": 17, "title": "Construction d'un centre communautaire + forage photovoltaïque", "type": "Forage Photovoltaïque (Centre communautaire)", "subproject_type_designation": "Infrastructure", "sector": "Eau–Hydraulique", "works_type": "Construction", "component": "COMPOSANTE 1.1", "projects": "COSO", "financiers": "Banque Mondiale", "status": "Remise de l'ouvrage à la communauté 100.0%", "current_status_of_the_site": "Réception définitive", "progress_percent": 100.0, "progress_value": 100.0, "estimated_cost": 20000000.0, "contract_amount_work_companies": 14147099.0, "total_contract_amount_paid": 14147099.0, "amount_of_the_care_and_maintenance_fund_expected": 250000.0, "care_and_maintenance_amount_on_village_account": 335000.0, "date_signature_contract_work_companies": "2023-07-31", "date_signature_contract_efme": "2023-07-31", "contract_companies_amount_for_efme": 14147099.0, "date_signature_contract_controllers_in_SES": "2023-07-31", "date_of_signature_of_contract_for_construction_supervisors": "2023-07-31", "approval_date_cora": "2023-05-02", "launch_date": "2023-08-06", "expected_duration": 3.0, "expected_end_date": "2023-11-06", "work_completion_date": "2023-12-31", "date_of_technical_acceptance_of_work": "2025-04-30", "date_of_provisional_acceptance_of_work": "2024-01-26", "official_handover_date_to_community": "2025-04-30", "existence_of_maintenance_plan": false, "wave": "3", "number_of_classrooms": 0.0, "number_of_infrastructures": 1, "population": 841.0, "direct_beneficiaries_men": 312.0, "direct_beneficiaries_women": 445.0, "women_s_group": "True", "youth_group": "True", "breeders_farmers_group": "True", "ethnic_minority_group": "True", "date_of_organization_of_the_social_audit": "2024-10-31", "number_of_participants_m_in_social_audit": 62.0, "number_of_participants_w_in_social_audit": 92.0, "number_of_participants_t_in_social_audit": 154.0, "beneficiary_villages_count": 1, "beneficiary_villages": "1935", "list_of_villages_crossed_by_track_or_electrification": [ ], "infrastructure_changed": null, "infrastructure_deleted": false, "level_of_achievement_donation_certificate": "Juge", "comments": null, "location_name": "SOLIMBIA", "latitude": 8.764615, "longitude": 1.617617, "hierarchy": "SOLIMBIA > KABOLI > TCHAMBA 3 > TCHAMBA > CENTRALE", "link_to_subproject": 606.0, "depth_of_drilling": 70.0, "drilling_flow_rate": 1.5, "number_of_latrine_blocks": null, "has_latrine_blocs": null, "storage_capacity": null, "official_handover_date_to_sector": null, "length_of_the_track": null, "extension_length": null, "number_of_drinking_fountains": null, "estimated_number_of_beneficiaries": null, "refugee_and_internally_displaced_persons_group": null, "has_fence": null, "number_of_sections_of_track_developed": null, "amount_of_the_controllers_contract_in_SES": null, "amount_of_the_contract_for_construction_supervisors": null, "date_signature_contract_facilitator": null, "amount_of_the_facilitator_contract": null, "amount_spent_on_completing_the_infrastructure": null, "amount_spent_on_infrastructure_up_to_provisional_acceptance": null, "number_of_streetlights": null, "distance_covered_by_streetlights": null, "canton": null, "market_name": null }, "geometry": { "type": "Point", "coordinates": [ 1.617617, 8.764615 ] } },
{ "type": "Feature", "properties": { "id": 611, "number": 29, "joint_subproject_number": 19, "title": "Construction d’un bâtiment scolaire de 4 classes +bureau – magasin +forage +mobilier+ 2 blocs latrines au CEG", "type": "Forages photovoltaïques dans les établissements scolaires", "subproject_type_designation": "Infrastructure", "sector": "Eau–Hydraulique", "works_type": "Construction", "component": "COMPOSANTE 1.1", "projects": "COSO", "financiers": "Banque Mondiale", "status": "Remise de l'ouvrage à la communauté 100.0%", "current_status_of_the_site": "Réception définitive", "progress_percent": 100.0, "progress_value": 100.0, "estimated_cost": 20000000.0, "contract_amount_work_companies": 13536120.0, "total_contract_amount_paid": 13536120.0, "amount_of_the_care_and_maintenance_fund_expected": 250000.0, "care_and_maintenance_amount_on_village_account": 542000.0, "date_signature_contract_work_companies": "2023-07-28", "date_signature_contract_efme": "2024-04-22", "contract_companies_amount_for_efme": null, "date_signature_contract_controllers_in_SES": "2023-07-21", "date_of_signature_of_contract_for_construction_supervisors": "2023-07-21", "approval_date_cora": "2023-05-02", "launch_date": "2023-08-04", "expected_duration": 3.0, "expected_end_date": "2023-10-04", "work_completion_date": "2023-12-31", "date_of_technical_acceptance_of_work": "2024-01-11", "date_of_provisional_acceptance_of_work": "2024-01-11", "official_handover_date_to_community": "2025-02-10", "existence_of_maintenance_plan": true, "wave": "3", "number_of_classrooms": 0.0, "number_of_infrastructures": 1, "population": 5545.0, "direct_beneficiaries_men": 1911.0, "direct_beneficiaries_women": 3149.0, "women_s_group": "True", "youth_group": "True", "breeders_farmers_group": "True", "ethnic_minority_group": "True", "date_of_organization_of_the_social_audit": "2024-12-04", "number_of_participants_m_in_social_audit": 118.0, "number_of_participants_w_in_social_audit": 86.0, "number_of_participants_t_in_social_audit": 204.0, "beneficiary_villages_count": 1, "beneficiary_villages": "1941", "list_of_villages_crossed_by_track_or_electrification": [ ], "infrastructure_changed": null, "infrastructure_deleted": false, "level_of_achievement_donation_certificate": "Juge", "comments": null, "location_name": "ASSERE", "latitude": 9.799855, "longitude": 1.298193, "hierarchy": "ASSERE > PAGOUDA > BINAH 1 > BINAH > KARA", "link_to_subproject": 610.0, "depth_of_drilling": 87.2, "drilling_flow_rate": 2.117, "number_of_latrine_blocks": null, "has_latrine_blocs": null, "storage_capacity": null, "official_handover_date_to_sector": "2025-02-10", "length_of_the_track": null, "extension_length": null, "number_of_drinking_fountains": null, "estimated_number_of_beneficiaries": null, "refugee_and_internally_displaced_persons_group": null, "has_fence": null, "number_of_sections_of_track_developed": null, "amount_of_the_controllers_contract_in_SES": null, "amount_of_the_contract_for_construction_supervisors": null, "date_signature_contract_facilitator": null, "amount_of_the_facilitator_contract": null, "amount_spent_on_completing_the_infrastructure": null, "amount_spent_on_infrastructure_up_to_provisional_acceptance": null, "number_of_streetlights": null, "distance_covered_by_streetlights": null, "canton": null, "market_name": null }, "geometry": { "type": "Point", "coordinates": [ 1.298193, 9.799855 ] } },
{ "type": "Feature", "properties": { "id": 615, "number": 33, "joint_subproject_number": 22, "title": "Construction d’un centre communautaire+ forage+équipement+2 chambres à KAGNISSI", "type": "Forage Photovoltaïque (Centre communautaire)", "subproject_type_designation": "Infrastructure", "sector": "Eau–Hydraulique", "works_type": "Construction", "component": "COMPOSANTE 1.1", "projects": "COSO", "financiers": "Banque Mondiale", "status": "Remise de l'ouvrage à la communauté 100.0%", "current_status_of_the_site": "Réception définitive", "progress_percent": 100.0, "progress_value": 100.0, "estimated_cost": 20000000.0, "contract_amount_work_companies": 13451797.0, "total_contract_amount_paid": 13451797.0, "amount_of_the_care_and_maintenance_fund_expected": 250000.0, "care_and_maintenance_amount_on_village_account": 100000.0, "date_signature_contract_work_companies": "2024-02-10", "date_signature_contract_efme": null, "contract_companies_amount_for_efme": null, "date_signature_contract_controllers_in_SES": "2023-07-21", "date_of_signature_of_contract_for_construction_supervisors": "2023-07-21", "approval_date_cora": "2023-05-02", "launch_date": "2024-02-22", "expected_duration": 3.0, "expected_end_date": "2025-05-21", "work_completion_date": "2024-04-25", "date_of_technical_acceptance_of_work": "2025-05-01", "date_of_provisional_acceptance_of_work": "2024-05-06", "official_handover_date_to_community": "2025-05-27", "existence_of_maintenance_plan": true, "wave": "3", "number_of_classrooms": 0.0, "number_of_infrastructures": 1, "population": 4000.0, "direct_beneficiaries_men": 1241.0, "direct_beneficiaries_women": 1511.0, "women_s_group": "True", "youth_group": "True", "breeders_farmers_group": "True", "ethnic_minority_group": "True", "date_of_organization_of_the_social_audit": "2024-09-20", "number_of_participants_m_in_social_audit": 70.0, "number_of_participants_w_in_social_audit": 62.0, "number_of_participants_t_in_social_audit": 132.0, "beneficiary_villages_count": 1, "beneficiary_villages": "1944", "list_of_villages_crossed_by_track_or_electrification": [ ], "infrastructure_changed": "True", "infrastructure_deleted": false, "level_of_achievement_donation_certificate": "Juge", "comments": null, "location_name": "KAGNISSI", "latitude": 9.7638567, "longitude": 1.3124717, "hierarchy": "KAGNISSI > PAGOUDA > BINAH 1 > BINAH > KARA", "link_to_subproject": 614.0, "depth_of_drilling": 50.0, "drilling_flow_rate": 4.0, "number_of_latrine_blocks": null, "has_latrine_blocs": null, "storage_capacity": null, "official_handover_date_to_sector": "2025-05-27", "length_of_the_track": null, "extension_length": null, "number_of_drinking_fountains": null, "estimated_number_of_beneficiaries": null, "refugee_and_internally_displaced_persons_group": null, "has_fence": null, "number_of_sections_of_track_developed": null, "amount_of_the_controllers_contract_in_SES": null, "amount_of_the_contract_for_construction_supervisors": null, "date_signature_contract_facilitator": null, "amount_of_the_facilitator_contract": null, "amount_spent_on_completing_the_infrastructure": null, "amount_spent_on_infrastructure_up_to_provisional_acceptance": null, "number_of_streetlights": null, "distance_covered_by_streetlights": null, "canton": null, "market_name": null }, "geometry": { "type": "Point", "coordinates": [ 1.3124717, 9.7638567 ] } },
{ "type": "Feature", "properties": { "id": 617, "number": 35, "joint_subproject_number": 23, "title": "Construction d’un bâtiment scolaire de 3 classes+bureau-magasin+forage+2 blocs latrines+ mobilier à l’EPP", "type": "Forages photovoltaïques dans les établissements scolaires", "subproject_type_designation": "Infrastructure", "sector": "Eau–Hydraulique", "works_type": "Construction", "component": "COMPOSANTE 1.1", "projects": "COSO", "financiers": "Banque Mondiale", "status": "Remise de l'ouvrage à la communauté 100.0%", "current_status_of_the_site": "Réception définitive", "progress_percent": 100.0, "progress_value": 100.0, "estimated_cost": 20000000.0, "contract_amount_work_companies": 13536120.0, "total_contract_amount_paid": 13536120.0, "amount_of_the_care_and_maintenance_fund_expected": null, "care_and_maintenance_amount_on_village_account": 177200.0, "date_signature_contract_work_companies": "2023-07-13", "date_signature_contract_efme": null, "contract_companies_amount_for_efme": null, "date_signature_contract_controllers_in_SES": null, "date_of_signature_of_contract_for_construction_supervisors": null, "approval_date_cora": "2023-05-02", "launch_date": "2023-07-19", "expected_duration": 3.0, "expected_end_date": "2023-10-18", "work_completion_date": "2023-12-31", "date_of_technical_acceptance_of_work": "2024-01-11", "date_of_provisional_acceptance_of_work": "2024-01-11", "official_handover_date_to_community": "2025-02-10", "existence_of_maintenance_plan": true, "wave": "3", "number_of_classrooms": 0.0, "number_of_infrastructures": 1, "population": 1984.0, "direct_beneficiaries_men": 972.0, "direct_beneficiaries_women": 1012.0, "women_s_group": null, "youth_group": "True", "breeders_farmers_group": "True", "ethnic_minority_group": "True", "date_of_organization_of_the_social_audit": "2024-10-28", "number_of_participants_m_in_social_audit": 69.0, "number_of_participants_w_in_social_audit": 40.0, "number_of_participants_t_in_social_audit": 109.0, "beneficiary_villages_count": 1, "beneficiary_villages": "1945", "list_of_villages_crossed_by_track_or_electrification": [ ], "infrastructure_changed": null, "infrastructure_deleted": false, "level_of_achievement_donation_certificate": "N/A (ancien site)", "comments": null, "location_name": "KAWA", "latitude": 9.73982, "longitude": 1.3079933, "hierarchy": "KAWA > PAGOUDA > BINAH 1 > BINAH > KARA", "link_to_subproject": 616.0, "depth_of_drilling": 77.9, "drilling_flow_rate": 7.0, "number_of_latrine_blocks": null, "has_latrine_blocs": null, "storage_capacity": null, "official_handover_date_to_sector": null, "length_of_the_track": null, "extension_length": null, "number_of_drinking_fountains": null, "estimated_number_of_beneficiaries": null, "refugee_and_internally_displaced_persons_group": null, "has_fence": null, "number_of_sections_of_track_developed": null, "amount_of_the_controllers_contract_in_SES": null, "amount_of_the_contract_for_construction_supervisors": null, "date_signature_contract_facilitator": null, "amount_of_the_facilitator_contract": null, "amount_spent_on_completing_the_infrastructure": null, "amount_spent_on_infrastructure_up_to_provisional_acceptance": null, "number_of_streetlights": null, "distance_covered_by_streetlights": null, "canton": null, "market_name": null }, "geometry": { "type": "Point", "coordinates": [ 1.3079933, 9.73982 ] } },
{ "type": "Feature", "properties": { "id": 619, "number": 37, "joint_subproject_number": 24, "title": "Construction d’un bâtiment scolaire de 2 classes (au JEP) +bureau-magasin+forage+2 blocs latrines+ mobilier", "type": "Forages photovoltaïques dans les établissements scolaires", "subproject_type_designation": "Infrastructure", "sector": "Eau–Hydraulique", "works_type": "Construction", "component": "COMPOSANTE 1.1", "projects": "COSO", "financiers": "Banque Mondiale", "status": "Remise de l'ouvrage à la communauté 100.0%", "current_status_of_the_site": "Réception définitive", "progress_percent": 100.0, "progress_value": 100.0, "estimated_cost": 20000000.0, "contract_amount_work_companies": 16090209.0, "total_contract_amount_paid": 16090209.0, "amount_of_the_care_and_maintenance_fund_expected": null, "care_and_maintenance_amount_on_village_account": 250000.0, "date_signature_contract_work_companies": "2023-07-13", "date_signature_contract_efme": null, "contract_companies_amount_for_efme": null, "date_signature_contract_controllers_in_SES": null, "date_of_signature_of_contract_for_construction_supervisors": null, "approval_date_cora": "2023-05-02", "launch_date": "2023-07-19", "expected_duration": 3.0, "expected_end_date": "2023-10-18", "work_completion_date": "2023-11-03", "date_of_technical_acceptance_of_work": "2023-10-17", "date_of_provisional_acceptance_of_work": "2023-11-03", "official_handover_date_to_community": "2025-02-10", "existence_of_maintenance_plan": true, "wave": "3", "number_of_classrooms": 0.0, "number_of_infrastructures": 1, "population": 1011.0, "direct_beneficiaries_men": 446.0, "direct_beneficiaries_women": 565.0, "women_s_group": "True", "youth_group": "True", "breeders_farmers_group": "True", "ethnic_minority_group": null, "date_of_organization_of_the_social_audit": "2024-10-04", "number_of_participants_m_in_social_audit": 90.0, "number_of_participants_w_in_social_audit": 81.0, "number_of_participants_t_in_social_audit": 171.0, "beneficiary_villages_count": 1, "beneficiary_villages": "1946", "list_of_villages_crossed_by_track_or_electrification": [ ], "infrastructure_changed": null, "infrastructure_deleted": false, "level_of_achievement_donation_certificate": "Juge", "comments": null, "location_name": "KPANAHORE", "latitude": 9.75361, "longitude": 1.331408, "hierarchy": "KPANAHORE > PAGOUDA > BINAH 1 > BINAH > KARA", "link_to_subproject": 618.0, "depth_of_drilling": 105.07, "drilling_flow_rate": 2.03, "number_of_latrine_blocks": null, "has_latrine_blocs": null, "storage_capacity": null, "official_handover_date_to_sector": "2025-02-10", "length_of_the_track": null, "extension_length": null, "number_of_drinking_fountains": null, "estimated_number_of_beneficiaries": null, "refugee_and_internally_displaced_persons_group": null, "has_fence": null, "number_of_sections_of_track_developed": null, "amount_of_the_controllers_contract_in_SES": null, "amount_of_the_contract_for_construction_supervisors": null, "date_signature_contract_facilitator": null, "amount_of_the_facilitator_contract": null, "amount_spent_on_completing_the_infrastructure": null, "amount_spent_on_infrastructure_up_to_provisional_acceptance": null, "number_of_streetlights": null, "distance_covered_by_streetlights": null, "canton": null, "market_name": null }, "geometry": { "type": "Point", "coordinates": [ 1.331408, 9.75361 ] } },
{ "type": "Feature", "properties": { "id": 622, "number": 40, "joint_subproject_number": 26, "title": "Construction d’un bâtiment scolaire de 2 classes (au JEP) +bureau-magasin+forage+2 blocs latrines +mobilier", "type": "Forages photovoltaïques dans les établissements scolaires", "subproject_type_designation": "Infrastructure", "sector": "Eau–Hydraulique", "works_type": "Construction", "component": "COMPOSANTE 1.1", "projects": "COSO", "financiers": "Banque Mondiale", "status": "Remise de l'ouvrage à la communauté 100.0%", "current_status_of_the_site": "Réception définitive", "progress_percent": 100.0, "progress_value": 100.0, "estimated_cost": 20000000.0, "contract_amount_work_companies": 13536120.0, "total_contract_amount_paid": 13536120.0, "amount_of_the_care_and_maintenance_fund_expected": null, "care_and_maintenance_amount_on_village_account": 91000.0, "date_signature_contract_work_companies": "2023-07-26", "date_signature_contract_efme": null, "contract_companies_amount_for_efme": null, "date_signature_contract_controllers_in_SES": null, "date_of_signature_of_contract_for_construction_supervisors": null, "approval_date_cora": "2023-05-02", "launch_date": "2023-08-03", "expected_duration": 3.0, "expected_end_date": "2023-11-02", "work_completion_date": "2023-12-31", "date_of_technical_acceptance_of_work": null, "date_of_provisional_acceptance_of_work": "2024-01-11", "official_handover_date_to_community": "2025-02-10", "existence_of_maintenance_plan": true, "wave": "3", "number_of_classrooms": 0.0, "number_of_infrastructures": 1, "population": 590.0, "direct_beneficiaries_men": 303.0, "direct_beneficiaries_women": 287.0, "women_s_group": null, "youth_group": null, "breeders_farmers_group": null, "ethnic_minority_group": null, "date_of_organization_of_the_social_audit": "2024-09-13", "number_of_participants_m_in_social_audit": 68.0, "number_of_participants_w_in_social_audit": 50.0, "number_of_participants_t_in_social_audit": 118.0, "beneficiary_villages_count": 1, "beneficiary_villages": "1948", "list_of_villages_crossed_by_track_or_electrification": [ ], "infrastructure_changed": null, "infrastructure_deleted": false, "level_of_achievement_donation_certificate": "N/A (ancien site)", "comments": null, "location_name": "SOMSIA", "latitude": 9.7106983, "longitude": 1.3185617, "hierarchy": "SOMSIA > PAGOUDA > BINAH 1 > BINAH > KARA", "link_to_subproject": 621.0, "depth_of_drilling": 110.17, "drilling_flow_rate": 1.85, "number_of_latrine_blocks": null, "has_latrine_blocs": null, "storage_capacity": null, "official_handover_date_to_sector": "2025-02-10", "length_of_the_track": null, "extension_length": null, "number_of_drinking_fountains": null, "estimated_number_of_beneficiaries": null, "refugee_and_internally_displaced_persons_group": null, "has_fence": null, "number_of_sections_of_track_developed": null, "amount_of_the_controllers_contract_in_SES": null, "amount_of_the_contract_for_construction_supervisors": null, "date_signature_contract_facilitator": null, "amount_of_the_facilitator_contract": null, "amount_spent_on_completing_the_infrastructure": null, "amount_spent_on_infrastructure_up_to_provisional_acceptance": null, "number_of_streetlights": null, "distance_covered_by_streetlights": null, "canton": null, "market_name": null }, "geometry": { "type": "Point", "coordinates": [ 1.3185617, 9.7106983 ] } },
{ "type": "Feature", "properties": { "id": 625, "number": 43, "joint_subproject_number": 28, "title": "Construction d’un bâtiment scolaire de 4 classes +bureau – magasin +forage +mobilier+ 1 bloc administratif au CEG", "type": "Forages photovoltaïques dans les établissements scolaires", "subproject_type_designation": "Infrastructure", "sector": "Eau–Hydraulique", "works_type": "Construction", "component": "COMPOSANTE 1.1", "projects": "COSO", "financiers": "Banque Mondiale", "status": "Remise de l'ouvrage à la communauté 100.0%", "current_status_of_the_site": "Réception définitive", "progress_percent": 100.0, "progress_value": 100.0, "estimated_cost": 20000000.0, "contract_amount_work_companies": 14005170.0, "total_contract_amount_paid": 14005170.0, "amount_of_the_care_and_maintenance_fund_expected": null, "care_and_maintenance_amount_on_village_account": 250000.0, "date_signature_contract_work_companies": "2023-12-18", "date_signature_contract_efme": null, "contract_companies_amount_for_efme": null, "date_signature_contract_controllers_in_SES": null, "date_of_signature_of_contract_for_construction_supervisors": null, "approval_date_cora": "2023-05-02", "launch_date": "2023-12-23", "expected_duration": 3.0, "expected_end_date": "2024-03-22", "work_completion_date": "2024-03-15", "date_of_technical_acceptance_of_work": "2024-03-26", "date_of_provisional_acceptance_of_work": "2024-03-26", "official_handover_date_to_community": "2025-06-04", "existence_of_maintenance_plan": true, "wave": "3", "number_of_classrooms": 0.0, "number_of_infrastructures": 1, "population": 1845.0, "direct_beneficiaries_men": 795.0, "direct_beneficiaries_women": 1050.0, "women_s_group": "True", "youth_group": null, "breeders_farmers_group": "True", "ethnic_minority_group": "True", "date_of_organization_of_the_social_audit": "2025-10-17", "number_of_participants_m_in_social_audit": 53.0, "number_of_participants_w_in_social_audit": 57.0, "number_of_participants_t_in_social_audit": 110.0, "beneficiary_villages_count": 1, "beneficiary_villages": "1950", "list_of_villages_crossed_by_track_or_electrification": [ ], "infrastructure_changed": null, "infrastructure_deleted": false, "level_of_achievement_donation_certificate": "Juge", "comments": null, "location_name": "WAZE", "latitude": 9.744758, "longitude": 1.320824, "hierarchy": "WAZE > PAGOUDA > BINAH 1 > BINAH > KARA", "link_to_subproject": 624.0, "depth_of_drilling": 110.4, "drilling_flow_rate": 2.88, "number_of_latrine_blocks": null, "has_latrine_blocs": null, "storage_capacity": null, "official_handover_date_to_sector": null, "length_of_the_track": null, "extension_length": null, "number_of_drinking_fountains": null, "estimated_number_of_beneficiaries": null, "refugee_and_internally_displaced_persons_group": null, "has_fence": null, "number_of_sections_of_track_developed": null, "amount_of_the_controllers_contract_in_SES": null, "amount_of_the_contract_for_construction_supervisors": null, "date_signature_contract_facilitator": null, "amount_of_the_facilitator_contract": null, "amount_spent_on_completing_the_infrastructure": null, "amount_spent_on_infrastructure_up_to_provisional_acceptance": null, "number_of_streetlights": null, "distance_covered_by_streetlights": null, "canton": null, "market_name": null }, "geometry": { "type": "Point", "coordinates": [ 1.320824, 9.744758 ] } },
{ "type": "Feature", "properties": { "id": 627, "number": 45, "joint_subproject_number": 30, "title": "Réalisation d’un forage photovoltaïque pour eau de boisson dans le quartier Peuhl", "type": "Forages photovoltaïques dans les communautés pour eau de boisson", "subproject_type_designation": "Subproject", "sector": "Eau–Hydraulique", "works_type": "Construction", "component": "COMPOSANTE 1.1", "projects": "COSO", "financiers": "Banque Mondiale", "status": "Remise de l'ouvrage à la communauté 100.0%", "current_status_of_the_site": "Réception définitive", "progress_percent": 100.0, "progress_value": 100.0, "estimated_cost": 20000000.0, "contract_amount_work_companies": 14710195.0, "total_contract_amount_paid": 14710195.0, "amount_of_the_care_and_maintenance_fund_expected": null, "care_and_maintenance_amount_on_village_account": 252175.0, "date_signature_contract_work_companies": "2023-07-16", "date_signature_contract_efme": null, "contract_companies_amount_for_efme": null, "date_signature_contract_controllers_in_SES": null, "date_of_signature_of_contract_for_construction_supervisors": null, "approval_date_cora": "2023-05-02", "launch_date": "2023-07-22", "expected_duration": 3.0, "expected_end_date": "2023-10-21", "work_completion_date": "2024-02-05", "date_of_technical_acceptance_of_work": "2024-02-12", "date_of_provisional_acceptance_of_work": "2024-02-12", "official_handover_date_to_community": "2025-02-10", "existence_of_maintenance_plan": true, "wave": "3", "number_of_classrooms": 0.0, "number_of_infrastructures": 1, "population": 674.0, "direct_beneficiaries_men": 317.0, "direct_beneficiaries_women": 357.0, "women_s_group": null, "youth_group": null, "breeders_farmers_group": "True", "ethnic_minority_group": "True", "date_of_organization_of_the_social_audit": "2024-03-21", "number_of_participants_m_in_social_audit": 57.0, "number_of_participants_w_in_social_audit": 65.0, "number_of_participants_t_in_social_audit": 122.0, "beneficiary_villages_count": 1, "beneficiary_villages": "1953", "list_of_villages_crossed_by_track_or_electrification": [ ], "infrastructure_changed": null, "infrastructure_deleted": false, "level_of_achievement_donation_certificate": null, "comments": null, "location_name": "ASSIMA", "latitude": null, "longitude": null, "hierarchy": "ASSIMA > KETAO > BINAH 2 > BINAH > KARA", "link_to_subproject": null, "depth_of_drilling": 77.8, "drilling_flow_rate": 28.8, "number_of_latrine_blocks": null, "has_latrine_blocs": null, "storage_capacity": null, "official_handover_date_to_sector": "2025-02-10", "length_of_the_track": null, "extension_length": null, "number_of_drinking_fountains": null, "estimated_number_of_beneficiaries": null, "refugee_and_internally_displaced_persons_group": null, "has_fence": null, "number_of_sections_of_track_developed": null, "amount_of_the_controllers_contract_in_SES": null, "amount_of_the_contract_for_construction_supervisors": null, "date_signature_contract_facilitator": null, "amount_of_the_facilitator_contract": null, "amount_spent_on_completing_the_infrastructure": null, "amount_spent_on_infrastructure_up_to_provisional_acceptance": null, "number_of_streetlights": null, "distance_covered_by_streetlights": null, "canton": null, "market_name": null }, "geometry": null },
{ "type": "Feature", "properties": { "id": 628, "number": 46, "joint_subproject_number": 31, "title": "Réalisation d’un forage photovoltaïque pour eau de boisson et réparation de 2 forages existant", "type": "Forages photovoltaïques dans les communautés pour eau de boisson", "subproject_type_designation": "Subproject", "sector": "Eau–Hydraulique", "works_type": "Construction", "component": "COMPOSANTE 1.1", "projects": "COSO", "financiers": "Banque Mondiale", "status": "Remise de l'ouvrage à la communauté 100.0%", "current_status_of_the_site": "Réception définitive", "progress_percent": 100.0, "progress_value": 100.0, "estimated_cost": 20000000.0, "contract_amount_work_companies": 14710195.0, "total_contract_amount_paid": 14710195.0, "amount_of_the_care_and_maintenance_fund_expected": 250000.0, "care_and_maintenance_amount_on_village_account": 250000.0, "date_signature_contract_work_companies": "2023-07-13", "date_signature_contract_efme": null, "contract_companies_amount_for_efme": null, "date_signature_contract_controllers_in_SES": "2023-07-12", "date_of_signature_of_contract_for_construction_supervisors": "2023-07-12", "approval_date_cora": "2023-05-02", "launch_date": "2023-07-19", "expected_duration": 3.0, "expected_end_date": "2023-10-13", "work_completion_date": "2023-12-31", "date_of_technical_acceptance_of_work": "2023-12-08", "date_of_provisional_acceptance_of_work": "2024-01-11", "official_handover_date_to_community": "2025-02-10", "existence_of_maintenance_plan": true, "wave": "3", "number_of_classrooms": 0.0, "number_of_infrastructures": 1, "population": 752.0, "direct_beneficiaries_men": 303.0, "direct_beneficiaries_women": 190.0, "women_s_group": "True", "youth_group": "True", "breeders_farmers_group": "True", "ethnic_minority_group": "True", "date_of_organization_of_the_social_audit": "2024-02-15", "number_of_participants_m_in_social_audit": 45.0, "number_of_participants_w_in_social_audit": 38.0, "number_of_participants_t_in_social_audit": 83.0, "beneficiary_villages_count": 1, "beneficiary_villages": "3890", "list_of_villages_crossed_by_track_or_electrification": [ ], "infrastructure_changed": "True", "infrastructure_deleted": false, "level_of_achievement_donation_certificate": "Niveau Juge", "comments": null, "location_name": "BOMWAÏ", "latitude": 0.0, "longitude": 0.0, "hierarchy": "BOMWAÏ > KETAO > BINAH 2 > BINAH > KARA", "link_to_subproject": null, "depth_of_drilling": 87.2, "drilling_flow_rate": 2.11, "number_of_latrine_blocks": null, "has_latrine_blocs": null, "storage_capacity": null, "official_handover_date_to_sector": "2025-02-10", "length_of_the_track": null, "extension_length": null, "number_of_drinking_fountains": null, "estimated_number_of_beneficiaries": null, "refugee_and_internally_displaced_persons_group": null, "has_fence": null, "number_of_sections_of_track_developed": null, "amount_of_the_controllers_contract_in_SES": null, "amount_of_the_contract_for_construction_supervisors": null, "date_signature_contract_facilitator": null, "amount_of_the_facilitator_contract": null, "amount_spent_on_completing_the_infrastructure": null, "amount_spent_on_infrastructure_up_to_provisional_acceptance": null, "number_of_streetlights": null, "distance_covered_by_streetlights": null, "canton": null, "market_name": null }, "geometry": { "type": "Point", "coordinates": [ 0.0, 0.0 ] } },
{ "type": "Feature", "properties": { "id": 631, "number": 49, "joint_subproject_number": 33, "title": "Réalisation d’un forage photovoltaïque pour eau de boisson dans le quartier Peuhl", "type": "Forages photovoltaïques dans les communautés pour eau de boisson", "subproject_type_designation": "Subproject", "sector": "Eau–Hydraulique", "works_type": "Construction", "component": "COMPOSANTE 1.1", "projects": "COSO", "financiers": "Banque Mondiale", "status": "Remise de l'ouvrage à la communauté 100.0%", "current_status_of_the_site": "Réception définitive", "progress_percent": 100.0, "progress_value": 100.0, "estimated_cost": 20250000.0, "contract_amount_work_companies": 14802637.0, "total_contract_amount_paid": 14802637.0, "amount_of_the_care_and_maintenance_fund_expected": null, "care_and_maintenance_amount_on_village_account": 252000.0, "date_signature_contract_work_companies": "2023-07-11", "date_signature_contract_efme": null, "contract_companies_amount_for_efme": null, "date_signature_contract_controllers_in_SES": null, "date_of_signature_of_contract_for_construction_supervisors": null, "approval_date_cora": "2023-05-02", "launch_date": "2023-07-17", "expected_duration": 3.0, "expected_end_date": "2025-10-16", "work_completion_date": "2023-12-31", "date_of_technical_acceptance_of_work": null, "date_of_provisional_acceptance_of_work": "2024-01-11", "official_handover_date_to_community": "2025-02-10", "existence_of_maintenance_plan": true, "wave": "3", "number_of_classrooms": 0.0, "number_of_infrastructures": 1, "population": 939.0, "direct_beneficiaries_men": 370.0, "direct_beneficiaries_women": 569.0, "women_s_group": "True", "youth_group": "True", "breeders_farmers_group": "True", "ethnic_minority_group": "True", "date_of_organization_of_the_social_audit": "2024-01-17", "number_of_participants_m_in_social_audit": 107.0, "number_of_participants_w_in_social_audit": 122.0, "number_of_participants_t_in_social_audit": 229.0, "beneficiary_villages_count": 1, "beneficiary_villages": "1954", "list_of_villages_crossed_by_track_or_electrification": [ ], "infrastructure_changed": null, "infrastructure_deleted": false, "level_of_achievement_donation_certificate": "Niveau Juge", "comments": null, "location_name": "KADJANGA", "latitude": 9.724313, "longitude": 1.35165, "hierarchy": "KADJANGA > KETAO > BINAH 2 > BINAH > KARA", "link_to_subproject": null, "depth_of_drilling": null, "drilling_flow_rate": null, "number_of_latrine_blocks": null, "has_latrine_blocs": null, "storage_capacity": null, "official_handover_date_to_sector": null, "length_of_the_track": null, "extension_length": null, "number_of_drinking_fountains": null, "estimated_number_of_beneficiaries": null, "refugee_and_internally_displaced_persons_group": null, "has_fence": null, "number_of_sections_of_track_developed": null, "amount_of_the_controllers_contract_in_SES": null, "amount_of_the_contract_for_construction_supervisors": null, "date_signature_contract_facilitator": null, "amount_of_the_facilitator_contract": null, "amount_spent_on_completing_the_infrastructure": null, "amount_spent_on_infrastructure_up_to_provisional_acceptance": null, "number_of_streetlights": null, "distance_covered_by_streetlights": null, "canton": null, "market_name": null }, "geometry": { "type": "Point", "coordinates": [ 1.35165, 9.724313 ] } },
{ "type": "Feature", "properties": { "id": 635, "number": 53, "joint_subproject_number": 36, "title": "Construction d’un centre communautaire+ forage+équipement+2 chambres à TERODA", "type": "Forage Photovoltaïque (Centre communautaire)", "subproject_type_designation": "Infrastructure", "sector": "Eau–Hydraulique", "works_type": "Construction", "component": "COMPOSANTE 1.1", "projects": "COSO", "financiers": "Banque Mondiale", "status": "Remise de l'ouvrage à la communauté 100.0%", "current_status_of_the_site": "Réception définitive", "progress_percent": 100.0, "progress_value": 100.0, "estimated_cost": 20000000.0, "contract_amount_work_companies": 14710195.0, "total_contract_amount_paid": 14710195.0, "amount_of_the_care_and_maintenance_fund_expected": null, "care_and_maintenance_amount_on_village_account": 254500.0, "date_signature_contract_work_companies": "2023-07-13", "date_signature_contract_efme": null, "contract_companies_amount_for_efme": null, "date_signature_contract_controllers_in_SES": null, "date_of_signature_of_contract_for_construction_supervisors": null, "approval_date_cora": "2023-05-02", "launch_date": "2023-07-19", "expected_duration": 3.0, "expected_end_date": "2023-10-18", "work_completion_date": "2023-12-31", "date_of_technical_acceptance_of_work": "2024-01-11", "date_of_provisional_acceptance_of_work": "2024-01-11", "official_handover_date_to_community": "2025-02-10", "existence_of_maintenance_plan": true, "wave": "3", "number_of_classrooms": 0.0, "number_of_infrastructures": 1, "population": 2007.0, "direct_beneficiaries_men": 969.0, "direct_beneficiaries_women": 1038.0, "women_s_group": "True", "youth_group": null, "breeders_farmers_group": null, "ethnic_minority_group": null, "date_of_organization_of_the_social_audit": "2024-02-29", "number_of_participants_m_in_social_audit": 79.0, "number_of_participants_w_in_social_audit": 99.0, "number_of_participants_t_in_social_audit": 178.0, "beneficiary_villages_count": 1, "beneficiary_villages": "1956", "list_of_villages_crossed_by_track_or_electrification": [ ], "infrastructure_changed": "True", "infrastructure_deleted": false, "level_of_achievement_donation_certificate": null, "comments": null, "location_name": "TERODA", "latitude": null, "longitude": null, "hierarchy": "TERODA > KETAO > BINAH 2 > BINAH > KARA", "link_to_subproject": 634.0, "depth_of_drilling": 91.75, "drilling_flow_rate": 2.07, "number_of_latrine_blocks": null, "has_latrine_blocs": null, "storage_capacity": null, "official_handover_date_to_sector": "2025-02-10", "length_of_the_track": null, "extension_length": null, "number_of_drinking_fountains": 1.0, "estimated_number_of_beneficiaries": null, "refugee_and_internally_displaced_persons_group": null, "has_fence": null, "number_of_sections_of_track_developed": null, "amount_of_the_controllers_contract_in_SES": null, "amount_of_the_contract_for_construction_supervisors": null, "date_signature_contract_facilitator": null, "amount_of_the_facilitator_contract": null, "amount_spent_on_completing_the_infrastructure": null, "amount_spent_on_infrastructure_up_to_provisional_acceptance": null, "number_of_streetlights": null, "distance_covered_by_streetlights": null, "canton": null, "market_name": null }, "geometry": null },
{ "type": "Feature", "properties": { "id": 636, "number": 54, "joint_subproject_number": 37, "title": "Réalisation d’un forage photovoltaïque pour eau de boisson dans le quartier Peuhl", "type": "Forages photovoltaïques dans les communautés pour eau de boisson", "subproject_type_designation": "Subproject", "sector": "Eau–Hydraulique", "works_type": "Construction", "component": "COMPOSANTE 1.1", "projects": "COSO", "financiers": "Banque Mondiale", "status": "Remise de l'ouvrage à la communauté 100.0%", "current_status_of_the_site": "Réception définitive", "progress_percent": 100.0, "progress_value": 100.0, "estimated_cost": 22500000.0, "contract_amount_work_companies": 14802637.0, "total_contract_amount_paid": 14802637.0, "amount_of_the_care_and_maintenance_fund_expected": null, "care_and_maintenance_amount_on_village_account": 200000.0, "date_signature_contract_work_companies": "2023-07-11", "date_signature_contract_efme": null, "contract_companies_amount_for_efme": null, "date_signature_contract_controllers_in_SES": null, "date_of_signature_of_contract_for_construction_supervisors": null, "approval_date_cora": "2023-05-02", "launch_date": "2023-07-17", "expected_duration": 3.0, "expected_end_date": "2023-10-16", "work_completion_date": "2023-11-22", "date_of_technical_acceptance_of_work": "2023-11-03", "date_of_provisional_acceptance_of_work": "2023-11-22", "official_handover_date_to_community": "2025-02-10", "existence_of_maintenance_plan": true, "wave": "3", "number_of_classrooms": 0.0, "number_of_infrastructures": 1, "population": 2007.0, "direct_beneficiaries_men": 969.0, "direct_beneficiaries_women": 1038.0, "women_s_group": "True", "youth_group": null, "breeders_farmers_group": null, "ethnic_minority_group": null, "date_of_organization_of_the_social_audit": "2024-02-29", "number_of_participants_m_in_social_audit": 79.0, "number_of_participants_w_in_social_audit": 99.0, "number_of_participants_t_in_social_audit": 178.0, "beneficiary_villages_count": 1, "beneficiary_villages": "1956", "list_of_villages_crossed_by_track_or_electrification": [ ], "infrastructure_changed": null, "infrastructure_deleted": false, "level_of_achievement_donation_certificate": null, "comments": null, "location_name": "TERODA", "latitude": 9.671325, "longitude": 1.357624, "hierarchy": "TERODA > KETAO > BINAH 2 > BINAH > KARA", "link_to_subproject": null, "depth_of_drilling": 110.3, "drilling_flow_rate": 4.07, "number_of_latrine_blocks": null, "has_latrine_blocs": null, "storage_capacity": null, "official_handover_date_to_sector": "2025-02-10", "length_of_the_track": null, "extension_length": null, "number_of_drinking_fountains": null, "estimated_number_of_beneficiaries": null, "refugee_and_internally_displaced_persons_group": null, "has_fence": null, "number_of_sections_of_track_developed": null, "amount_of_the_controllers_contract_in_SES": null, "amount_of_the_contract_for_construction_supervisors": null, "date_signature_contract_facilitator": null, "amount_of_the_facilitator_contract": null, "amount_spent_on_completing_the_infrastructure": null, "amount_spent_on_infrastructure_up_to_provisional_acceptance": null, "number_of_streetlights": null, "distance_covered_by_streetlights": null, "canton": null, "market_name": null }, "geometry": { "type": "Point", "coordinates": [ 1.357624, 9.671325 ] } },
{ "type": "Feature", "properties": { "id": 639, "number": 57, "joint_subproject_number": 39, "title": "Construction d'un centre communautaire avec charpente métallique + forage photovoltaïque à BOADE CENTRE", "type": "Forage Photovoltaïque (Centre communautaire)", "subproject_type_designation": "Infrastructure", "sector": "Eau–Hydraulique", "works_type": "Construction", "component": "COMPOSANTE 1.1", "projects": "COSO", "financiers": "Banque Mondiale", "status": "Remise de l'ouvrage à la communauté 100.0%", "current_status_of_the_site": "Réception définitive", "progress_percent": 100.0, "progress_value": 100.0, "estimated_cost": 20000000.0, "contract_amount_work_companies": 13238514.0, "total_contract_amount_paid": 13238514.0, "amount_of_the_care_and_maintenance_fund_expected": null, "care_and_maintenance_amount_on_village_account": null, "date_signature_contract_work_companies": "2023-03-22", "date_signature_contract_efme": null, "contract_companies_amount_for_efme": null, "date_signature_contract_controllers_in_SES": null, "date_of_signature_of_contract_for_construction_supervisors": null, "approval_date_cora": "2022-10-28", "launch_date": "2023-04-05", "expected_duration": 3.0, "expected_end_date": "2023-07-05", "work_completion_date": "2023-08-16", "date_of_technical_acceptance_of_work": null, "date_of_provisional_acceptance_of_work": "2023-08-16", "official_handover_date_to_community": "2025-12-03", "existence_of_maintenance_plan": true, "wave": "1", "number_of_classrooms": 0.0, "number_of_infrastructures": 1, "population": 1618.0, "direct_beneficiaries_men": 747.0, "direct_beneficiaries_women": 326.0, "women_s_group": "True", "youth_group": null, "breeders_farmers_group": "True", "ethnic_minority_group": null, "date_of_organization_of_the_social_audit": "2024-03-08", "number_of_participants_m_in_social_audit": 85.0, "number_of_participants_w_in_social_audit": 125.0, "number_of_participants_t_in_social_audit": 210.0, "beneficiary_villages_count": 1, "beneficiary_villages": "1961", "list_of_villages_crossed_by_track_or_electrification": [ ], "infrastructure_changed": "True", "infrastructure_deleted": false, "level_of_achievement_donation_certificate": "Maire", "comments": null, "location_name": "BOADE CENTRE", "latitude": 11.137485, "longitude": -0.081247, "hierarchy": "BOADE CENTRE > BOADE > CINKASSE 1 > CINKASSE > SAVANES", "link_to_subproject": 638.0, "depth_of_drilling": null, "drilling_flow_rate": null, "number_of_latrine_blocks": null, "has_latrine_blocs": null, "storage_capacity": null, "official_handover_date_to_sector": null, "length_of_the_track": null, "extension_length": null, "number_of_drinking_fountains": null, "estimated_number_of_beneficiaries": 1821.0, "refugee_and_internally_displaced_persons_group": "True", "has_fence": null, "number_of_sections_of_track_developed": null, "amount_of_the_controllers_contract_in_SES": null, "amount_of_the_contract_for_construction_supervisors": null, "date_signature_contract_facilitator": null, "amount_of_the_facilitator_contract": null, "amount_spent_on_completing_the_infrastructure": null, "amount_spent_on_infrastructure_up_to_provisional_acceptance": null, "number_of_streetlights": null, "distance_covered_by_streetlights": null, "canton": null, "market_name": null }, "geometry": { "type": "Point", "coordinates": [ -0.081247, 11.137485 ] } },
{ "type": "Feature", "properties": { "id": 640, "number": 58, "joint_subproject_number": 40, "title": "Réalisation d'un forage photovoltaïque ", "type": "Forages photovoltaïques dans les communautés pour eau de boisson", "subproject_type_designation": "Subproject", "sector": "Eau–Hydraulique", "works_type": "Construction", "component": "COMPOSANTE 1.1", "projects": "COSO", "financiers": "Banque Mondiale", "status": "Remise de l'ouvrage à la communauté 100.0%", "current_status_of_the_site": "Réception définitive", "progress_percent": 100.0, "progress_value": 100.0, "estimated_cost": 20000000.0, "contract_amount_work_companies": 15610897.0, "total_contract_amount_paid": 15610897.0, "amount_of_the_care_and_maintenance_fund_expected": null, "care_and_maintenance_amount_on_village_account": 160000.0, "date_signature_contract_work_companies": "2023-03-20", "date_signature_contract_efme": null, "contract_companies_amount_for_efme": null, "date_signature_contract_controllers_in_SES": null, "date_of_signature_of_contract_for_construction_supervisors": null, "approval_date_cora": "2022-10-28", "launch_date": "2023-04-03", "expected_duration": 3.0, "expected_end_date": "2023-07-03", "work_completion_date": "2023-08-09", "date_of_technical_acceptance_of_work": null, "date_of_provisional_acceptance_of_work": "2023-08-09", "official_handover_date_to_community": "2025-02-04", "existence_of_maintenance_plan": false, "wave": "1", "number_of_classrooms": 0.0, "number_of_infrastructures": 1, "population": 481.0, "direct_beneficiaries_men": 180.0, "direct_beneficiaries_women": 307.0, "women_s_group": "True", "youth_group": "True", "breeders_farmers_group": "True", "ethnic_minority_group": null, "date_of_organization_of_the_social_audit": "2024-05-11", "number_of_participants_m_in_social_audit": 45.0, "number_of_participants_w_in_social_audit": 60.0, "number_of_participants_t_in_social_audit": 105.0, "beneficiary_villages_count": 1, "beneficiary_villages": "1962", "list_of_villages_crossed_by_track_or_electrification": [ ], "infrastructure_changed": null, "infrastructure_deleted": false, "level_of_achievement_donation_certificate": "Maire", "comments": "Prof: 100 m débit :7 m3/h", "location_name": "GANGA 1", "latitude": 0.0, "longitude": 0.0, "hierarchy": "GANGA 1 > BOADE > CINKASSE 1 > CINKASSE > SAVANES", "link_to_subproject": null, "depth_of_drilling": 100.0, "drilling_flow_rate": 7.0, "number_of_latrine_blocks": null, "has_latrine_blocs": null, "storage_capacity": null, "official_handover_date_to_sector": null, "length_of_the_track": null, "extension_length": null, "number_of_drinking_fountains": null, "estimated_number_of_beneficiaries": 487.0, "refugee_and_internally_displaced_persons_group": null, "has_fence": null, "number_of_sections_of_track_developed": null, "amount_of_the_controllers_contract_in_SES": null, "amount_of_the_contract_for_construction_supervisors": null, "date_signature_contract_facilitator": null, "amount_of_the_facilitator_contract": null, "amount_spent_on_completing_the_infrastructure": null, "amount_spent_on_infrastructure_up_to_provisional_acceptance": null, "number_of_streetlights": null, "distance_covered_by_streetlights": null, "canton": null, "market_name": null }, "geometry": { "type": "Point", "coordinates": [ 0.0, 0.0 ] } },
{ "type": "Feature", "properties": { "id": 641, "number": 59, "joint_subproject_number": 41, "title": "Réalisation d'un forage photovoltaïque ", "type": "Forages photovoltaïques dans les communautés pour eau de boisson", "subproject_type_designation": "Subproject", "sector": "Eau–Hydraulique", "works_type": "Construction", "component": "COMPOSANTE 1.1", "projects": "COSO", "financiers": "Banque Mondiale", "status": "Remise de l'ouvrage à la communauté 100.0%", "current_status_of_the_site": "Réception définitive", "progress_percent": 100.0, "progress_value": 100.0, "estimated_cost": 20000000.0, "contract_amount_work_companies": 16825077.0, "total_contract_amount_paid": 16825077.0, "amount_of_the_care_and_maintenance_fund_expected": null, "care_and_maintenance_amount_on_village_account": 160000.0, "date_signature_contract_work_companies": "2023-03-20", "date_signature_contract_efme": null, "contract_companies_amount_for_efme": null, "date_signature_contract_controllers_in_SES": null, "date_of_signature_of_contract_for_construction_supervisors": null, "approval_date_cora": "2022-10-28", "launch_date": "2023-04-03", "expected_duration": 3.0, "expected_end_date": "2023-07-03", "work_completion_date": "2023-08-09", "date_of_technical_acceptance_of_work": "2023-04-05", "date_of_provisional_acceptance_of_work": "2023-08-09", "official_handover_date_to_community": "2025-02-04", "existence_of_maintenance_plan": false, "wave": "1", "number_of_classrooms": 0.0, "number_of_infrastructures": 1, "population": 462.0, "direct_beneficiaries_men": 176.0, "direct_beneficiaries_women": 286.0, "women_s_group": "True", "youth_group": "True", "breeders_farmers_group": "True", "ethnic_minority_group": "True", "date_of_organization_of_the_social_audit": "2024-05-10", "number_of_participants_m_in_social_audit": 21.0, "number_of_participants_w_in_social_audit": 53.0, "number_of_participants_t_in_social_audit": 74.0, "beneficiary_villages_count": 1, "beneficiary_villages": "1963", "list_of_villages_crossed_by_track_or_electrification": [ ], "infrastructure_changed": null, "infrastructure_deleted": false, "level_of_achievement_donation_certificate": "Maire", "comments": "Prof: 100 m débit :12 m3/h", "location_name": "GANGA 2", "latitude": 0.0, "longitude": 0.0, "hierarchy": "GANGA 2 > BOADE > CINKASSE 1 > CINKASSE > SAVANES", "link_to_subproject": null, "depth_of_drilling": 100.0, "drilling_flow_rate": 12.0, "number_of_latrine_blocks": null, "has_latrine_blocs": null, "storage_capacity": null, "official_handover_date_to_sector": null, "length_of_the_track": null, "extension_length": null, "number_of_drinking_fountains": null, "estimated_number_of_beneficiaries": 600.0, "refugee_and_internally_displaced_persons_group": null, "has_fence": null, "number_of_sections_of_track_developed": null, "amount_of_the_controllers_contract_in_SES": null, "amount_of_the_contract_for_construction_supervisors": null, "date_signature_contract_facilitator": null, "amount_of_the_facilitator_contract": null, "amount_spent_on_completing_the_infrastructure": null, "amount_spent_on_infrastructure_up_to_provisional_acceptance": null, "number_of_streetlights": null, "distance_covered_by_streetlights": null, "canton": null, "market_name": null }, "geometry": { "type": "Point", "coordinates": [ 0.0, 0.0 ] } },
{ "type": "Feature", "properties": { "id": 643, "number": 61, "joint_subproject_number": 43, "title": "Réalisation d'un forage photovoltaïque ", "type": "Forages photovoltaïques dans les communautés pour eau de boisson", "subproject_type_designation": "Subproject", "sector": "Eau–Hydraulique", "works_type": "Construction", "component": "COMPOSANTE 1.1", "projects": "COSO", "financiers": "Banque Mondiale", "status": "Remise de l'ouvrage à la communauté 100.0%", "current_status_of_the_site": "Réception définitive", "progress_percent": 100.0, "progress_value": 100.0, "estimated_cost": 20000000.0, "contract_amount_work_companies": 17513357.0, "total_contract_amount_paid": 17513357.0, "amount_of_the_care_and_maintenance_fund_expected": null, "care_and_maintenance_amount_on_village_account": 250000.0, "date_signature_contract_work_companies": "2023-03-08", "date_signature_contract_efme": null, "contract_companies_amount_for_efme": null, "date_signature_contract_controllers_in_SES": null, "date_of_signature_of_contract_for_construction_supervisors": null, "approval_date_cora": "2022-10-28", "launch_date": "2023-03-22", "expected_duration": 3.0, "expected_end_date": "2023-06-22", "work_completion_date": "2023-08-04", "date_of_technical_acceptance_of_work": null, "date_of_provisional_acceptance_of_work": "2023-08-04", "official_handover_date_to_community": "2025-05-21", "existence_of_maintenance_plan": false, "wave": "1", "number_of_classrooms": 0.0, "number_of_infrastructures": 1, "population": 323.0, "direct_beneficiaries_men": 165.0, "direct_beneficiaries_women": 178.0, "women_s_group": "True", "youth_group": "True", "breeders_farmers_group": "True", "ethnic_minority_group": "True", "date_of_organization_of_the_social_audit": "2024-03-12", "number_of_participants_m_in_social_audit": 24.0, "number_of_participants_w_in_social_audit": 33.0, "number_of_participants_t_in_social_audit": 57.0, "beneficiary_villages_count": 1, "beneficiary_villages": "1966", "list_of_villages_crossed_by_track_or_electrification": [ ], "infrastructure_changed": null, "infrastructure_deleted": false, "level_of_achievement_donation_certificate": "Maire", "comments": "Prof: 64,4 m débit  : 8 m3/h", "location_name": "KASSOU 2", "latitude": 0.0, "longitude": 0.0, "hierarchy": "KASSOU 2 > BOADE > CINKASSE 1 > CINKASSE > SAVANES", "link_to_subproject": null, "depth_of_drilling": 64.4, "drilling_flow_rate": 8.0, "number_of_latrine_blocks": null, "has_latrine_blocs": null, "storage_capacity": null, "official_handover_date_to_sector": null, "length_of_the_track": null, "extension_length": null, "number_of_drinking_fountains": null, "estimated_number_of_beneficiaries": 300.0, "refugee_and_internally_displaced_persons_group": "True", "has_fence": null, "number_of_sections_of_track_developed": null, "amount_of_the_controllers_contract_in_SES": null, "amount_of_the_contract_for_construction_supervisors": null, "date_signature_contract_facilitator": null, "amount_of_the_facilitator_contract": null, "amount_spent_on_completing_the_infrastructure": null, "amount_spent_on_infrastructure_up_to_provisional_acceptance": null, "number_of_streetlights": null, "distance_covered_by_streetlights": null, "canton": null, "market_name": null }, "geometry": { "type": "Point", "coordinates": [ 0.0, 0.0 ] } },
{ "type": "Feature", "properties": { "id": 646, "number": 64, "joint_subproject_number": 45, "title": "Réalisation d'un forage photovoltaïque ", "type": "Forages photovoltaïques dans les communautés pour eau de boisson", "subproject_type_designation": "Subproject", "sector": "Eau–Hydraulique", "works_type": "Construction", "component": "COMPOSANTE 1.1", "projects": "COSO", "financiers": "Banque Mondiale", "status": "Remise de l'ouvrage à la communauté 100.0%", "current_status_of_the_site": "Réception définitive", "progress_percent": 100.0, "progress_value": 100.0, "estimated_cost": 20000000.0, "contract_amount_work_companies": 18675158.0, "total_contract_amount_paid": 18675158.0, "amount_of_the_care_and_maintenance_fund_expected": null, "care_and_maintenance_amount_on_village_account": 235000.0, "date_signature_contract_work_companies": "2023-03-08", "date_signature_contract_efme": null, "contract_companies_amount_for_efme": null, "date_signature_contract_controllers_in_SES": null, "date_of_signature_of_contract_for_construction_supervisors": null, "approval_date_cora": "2022-10-28", "launch_date": "2023-03-22", "expected_duration": 3.0, "expected_end_date": "2023-06-22", "work_completion_date": "2023-09-14", "date_of_technical_acceptance_of_work": null, "date_of_provisional_acceptance_of_work": "2023-09-14", "official_handover_date_to_community": "2025-08-20", "existence_of_maintenance_plan": false, "wave": "1", "number_of_classrooms": 0.0, "number_of_infrastructures": 1, "population": 519.0, "direct_beneficiaries_men": 179.0, "direct_beneficiaries_women": 340.0, "women_s_group": "True", "youth_group": null, "breeders_farmers_group": "True", "ethnic_minority_group": "True", "date_of_organization_of_the_social_audit": "2024-05-02", "number_of_participants_m_in_social_audit": 50.0, "number_of_participants_w_in_social_audit": 30.0, "number_of_participants_t_in_social_audit": 80.0, "beneficiary_villages_count": 1, "beneficiary_villages": "3824", "list_of_villages_crossed_by_track_or_electrification": [ ], "infrastructure_changed": null, "infrastructure_deleted": false, "level_of_achievement_donation_certificate": "Maire", "comments": null, "location_name": "KORENZOAGA 2", "latitude": 0.0, "longitude": 0.0, "hierarchy": "KORENZOAGA 2 > BOADE > CINKASSE 1 > CINKASSE > SAVANES", "link_to_subproject": null, "depth_of_drilling": null, "drilling_flow_rate": null, "number_of_latrine_blocks": null, "has_latrine_blocs": null, "storage_capacity": null, "official_handover_date_to_sector": null, "length_of_the_track": null, "extension_length": null, "number_of_drinking_fountains": null, "estimated_number_of_beneficiaries": 519.0, "refugee_and_internally_displaced_persons_group": "True", "has_fence": null, "number_of_sections_of_track_developed": null, "amount_of_the_controllers_contract_in_SES": null, "amount_of_the_contract_for_construction_supervisors": null, "date_signature_contract_facilitator": null, "amount_of_the_facilitator_contract": null, "amount_spent_on_completing_the_infrastructure": null, "amount_spent_on_infrastructure_up_to_provisional_acceptance": null, "number_of_streetlights": null, "distance_covered_by_streetlights": null, "canton": null, "market_name": null }, "geometry": { "type": "Point", "coordinates": [ 0.0, 0.0 ] } },
{ "type": "Feature", "properties": { "id": 647, "number": 65, "joint_subproject_number": 46, "title": "Réalisation d'un forage photovoltaïque ", "type": "Forages photovoltaïques dans les communautés pour eau de boisson", "subproject_type_designation": "Subproject", "sector": "Eau–Hydraulique", "works_type": "Construction", "component": "COMPOSANTE 1.1", "projects": "COSO", "financiers": "Banque Mondiale", "status": "Remise de l'ouvrage à la communauté 100.0%", "current_status_of_the_site": "Réception définitive", "progress_percent": 100.0, "progress_value": 100.0, "estimated_cost": 20000000.0, "contract_amount_work_companies": 17272439.0, "total_contract_amount_paid": 17272439.0, "amount_of_the_care_and_maintenance_fund_expected": null, "care_and_maintenance_amount_on_village_account": 240000.0, "date_signature_contract_work_companies": "2023-03-08", "date_signature_contract_efme": null, "contract_companies_amount_for_efme": null, "date_signature_contract_controllers_in_SES": null, "date_of_signature_of_contract_for_construction_supervisors": null, "approval_date_cora": "2022-10-28", "launch_date": "2023-03-22", "expected_duration": 3.0, "expected_end_date": "2023-06-22", "work_completion_date": "2023-08-29", "date_of_technical_acceptance_of_work": null, "date_of_provisional_acceptance_of_work": "2023-08-29", "official_handover_date_to_community": "2025-06-19", "existence_of_maintenance_plan": false, "wave": "1", "number_of_classrooms": 0.0, "number_of_infrastructures": 1, "population": 517.0, "direct_beneficiaries_men": 267.0, "direct_beneficiaries_women": 306.0, "women_s_group": "True", "youth_group": "True", "breeders_farmers_group": "True", "ethnic_minority_group": null, "date_of_organization_of_the_social_audit": "2024-03-12", "number_of_participants_m_in_social_audit": 45.0, "number_of_participants_w_in_social_audit": 89.0, "number_of_participants_t_in_social_audit": 134.0, "beneficiary_villages_count": 1, "beneficiary_villages": "1968", "list_of_villages_crossed_by_track_or_electrification": [ ], "infrastructure_changed": null, "infrastructure_deleted": false, "level_of_achievement_donation_certificate": "Maire", "comments": "Site litigeux et attente de remplacement", "location_name": "NAPOGO", "latitude": 11.10989, "longitude": -0.081831, "hierarchy": "NAPOGO > BOADE > CINKASSE 1 > CINKASSE > SAVANES", "link_to_subproject": null, "depth_of_drilling": null, "drilling_flow_rate": null, "number_of_latrine_blocks": null, "has_latrine_blocs": null, "storage_capacity": null, "official_handover_date_to_sector": null, "length_of_the_track": null, "extension_length": null, "number_of_drinking_fountains": null, "estimated_number_of_beneficiaries": 471.0, "refugee_and_internally_displaced_persons_group": null, "has_fence": null, "number_of_sections_of_track_developed": null, "amount_of_the_controllers_contract_in_SES": null, "amount_of_the_contract_for_construction_supervisors": null, "date_signature_contract_facilitator": null, "amount_of_the_facilitator_contract": null, "amount_spent_on_completing_the_infrastructure": null, "amount_spent_on_infrastructure_up_to_provisional_acceptance": null, "number_of_streetlights": null, "distance_covered_by_streetlights": null, "canton": null, "market_name": null }, "geometry": { "type": "Point", "coordinates": [ -0.081831, 11.10989 ] } },
{ "type": "Feature", "properties": { "id": 648, "number": 66, "joint_subproject_number": 47, "title": "Réalisation d'un forage photovoltaïque ", "type": "Forages photovoltaïques dans les communautés pour eau de boisson", "subproject_type_designation": "Subproject", "sector": "Eau–Hydraulique", "works_type": "Construction", "component": "COMPOSANTE 1.1", "projects": "COSO", "financiers": "Banque Mondiale", "status": "Remise de l'ouvrage à la communauté 100.0%", "current_status_of_the_site": "Réception définitive", "progress_percent": 100.0, "progress_value": 100.0, "estimated_cost": 20000000.0, "contract_amount_work_companies": 17808357.0, "total_contract_amount_paid": 17808357.0, "amount_of_the_care_and_maintenance_fund_expected": null, "care_and_maintenance_amount_on_village_account": 240000.0, "date_signature_contract_work_companies": "2023-03-08", "date_signature_contract_efme": null, "contract_companies_amount_for_efme": null, "date_signature_contract_controllers_in_SES": null, "date_of_signature_of_contract_for_construction_supervisors": null, "approval_date_cora": "2022-10-28", "launch_date": "2023-03-22", "expected_duration": 3.0, "expected_end_date": "2023-06-22", "work_completion_date": "2023-08-17", "date_of_technical_acceptance_of_work": null, "date_of_provisional_acceptance_of_work": "2023-08-17", "official_handover_date_to_community": "2025-05-15", "existence_of_maintenance_plan": false, "wave": "1", "number_of_classrooms": 0.0, "number_of_infrastructures": 1, "population": 484.0, "direct_beneficiaries_men": 172.0, "direct_beneficiaries_women": 312.0, "women_s_group": null, "youth_group": null, "breeders_farmers_group": null, "ethnic_minority_group": null, "date_of_organization_of_the_social_audit": "2024-03-11", "number_of_participants_m_in_social_audit": 29.0, "number_of_participants_w_in_social_audit": 23.0, "number_of_participants_t_in_social_audit": 52.0, "beneficiary_villages_count": 1, "beneficiary_villages": "1969", "list_of_villages_crossed_by_track_or_electrification": [ ], "infrastructure_changed": null, "infrastructure_deleted": false, "level_of_achievement_donation_certificate": "Maire", "comments": null, "location_name": "SANDOGO", "latitude": 11.099809, "longitude": -0.067271, "hierarchy": "SANDOGO > BOADE > CINKASSE 1 > CINKASSE > SAVANES", "link_to_subproject": null, "depth_of_drilling": null, "drilling_flow_rate": null, "number_of_latrine_blocks": null, "has_latrine_blocs": null, "storage_capacity": null, "official_handover_date_to_sector": null, "length_of_the_track": null, "extension_length": null, "number_of_drinking_fountains": null, "estimated_number_of_beneficiaries": null, "refugee_and_internally_displaced_persons_group": null, "has_fence": null, "number_of_sections_of_track_developed": null, "amount_of_the_controllers_contract_in_SES": null, "amount_of_the_contract_for_construction_supervisors": null, "date_signature_contract_facilitator": null, "amount_of_the_facilitator_contract": null, "amount_spent_on_completing_the_infrastructure": null, "amount_spent_on_infrastructure_up_to_provisional_acceptance": null, "number_of_streetlights": null, "distance_covered_by_streetlights": null, "canton": null, "market_name": null }, "geometry": { "type": "Point", "coordinates": [ -0.067271, 11.099809 ] } },
{ "type": "Feature", "properties": { "id": 649, "number": 67, "joint_subproject_number": 48, "title": "Réalisation d'un forage photovoltaïque ", "type": "Forages photovoltaïques dans les communautés pour eau de boisson", "subproject_type_designation": "Subproject", "sector": "Eau–Hydraulique", "works_type": "Construction", "component": "COMPOSANTE 1.1", "projects": "COSO", "financiers": "Banque Mondiale", "status": "Remise de l'ouvrage à la communauté 100.0%", "current_status_of_the_site": "Réception définitive", "progress_percent": 100.0, "progress_value": 100.0, "estimated_cost": 20000000.0, "contract_amount_work_companies": 16857277.0, "total_contract_amount_paid": 16857277.0, "amount_of_the_care_and_maintenance_fund_expected": null, "care_and_maintenance_amount_on_village_account": 214000.0, "date_signature_contract_work_companies": "2023-03-10", "date_signature_contract_efme": null, "contract_companies_amount_for_efme": null, "date_signature_contract_controllers_in_SES": null, "date_of_signature_of_contract_for_construction_supervisors": null, "approval_date_cora": "2022-10-28", "launch_date": "2023-03-24", "expected_duration": 3.0, "expected_end_date": "2023-03-24", "work_completion_date": "2023-08-17", "date_of_technical_acceptance_of_work": null, "date_of_provisional_acceptance_of_work": "2023-08-17", "official_handover_date_to_community": "2025-05-21", "existence_of_maintenance_plan": false, "wave": "1", "number_of_classrooms": 0.0, "number_of_infrastructures": 1, "population": 1103.0, "direct_beneficiaries_men": 535.0, "direct_beneficiaries_women": 568.0, "women_s_group": "True", "youth_group": "True", "breeders_farmers_group": "True", "ethnic_minority_group": "True", "date_of_organization_of_the_social_audit": "2024-05-08", "number_of_participants_m_in_social_audit": 85.0, "number_of_participants_w_in_social_audit": 123.0, "number_of_participants_t_in_social_audit": 208.0, "beneficiary_villages_count": 2, "beneficiary_villages": "1964; 1970", "list_of_villages_crossed_by_track_or_electrification": [ ], "infrastructure_changed": "True", "infrastructure_deleted": false, "level_of_achievement_donation_certificate": "Maire", "comments": null, "location_name": "WOURI-WOURI", "latitude": 11.116633, "longitude": -0.03386, "hierarchy": "WOURI-WOURI > BOADE > CINKASSE 1 > CINKASSE > SAVANES", "link_to_subproject": null, "depth_of_drilling": 9239.0, "drilling_flow_rate": null, "number_of_latrine_blocks": null, "has_latrine_blocs": null, "storage_capacity": null, "official_handover_date_to_sector": null, "length_of_the_track": null, "extension_length": null, "number_of_drinking_fountains": null, "estimated_number_of_beneficiaries": 300.0, "refugee_and_internally_displaced_persons_group": "True", "has_fence": null, "number_of_sections_of_track_developed": null, "amount_of_the_controllers_contract_in_SES": null, "amount_of_the_contract_for_construction_supervisors": null, "date_signature_contract_facilitator": null, "amount_of_the_facilitator_contract": null, "amount_spent_on_completing_the_infrastructure": null, "amount_spent_on_infrastructure_up_to_provisional_acceptance": null, "number_of_streetlights": null, "distance_covered_by_streetlights": null, "canton": null, "market_name": null }, "geometry": { "type": "Point", "coordinates": [ -0.03386, 11.116633 ] } },
{ "type": "Feature", "properties": { "id": 650, "number": 68, "joint_subproject_number": 49, "title": "Réalisation d'un forage photovoltaïque ", "type": "Forages photovoltaïques dans les communautés pour eau de boisson", "subproject_type_designation": "Subproject", "sector": "Eau–Hydraulique", "works_type": "Construction", "component": "COMPOSANTE 1.1", "projects": "COSO", "financiers": "Banque Mondiale", "status": "Réception définitive 100.0%", "current_status_of_the_site": "Réception définitive", "progress_percent": 100.0, "progress_value": 100.0, "estimated_cost": 20000000.0, "contract_amount_work_companies": 17926357.0, "total_contract_amount_paid": 17926357.0, "amount_of_the_care_and_maintenance_fund_expected": null, "care_and_maintenance_amount_on_village_account": 200000.0, "date_signature_contract_work_companies": "2023-03-08", "date_signature_contract_efme": null, "contract_companies_amount_for_efme": null, "date_signature_contract_controllers_in_SES": null, "date_of_signature_of_contract_for_construction_supervisors": null, "approval_date_cora": "2022-10-28", "launch_date": "2023-03-22", "expected_duration": 3.0, "expected_end_date": "2023-06-22", "work_completion_date": "2023-08-17", "date_of_technical_acceptance_of_work": null, "date_of_provisional_acceptance_of_work": "2023-08-17", "official_handover_date_to_community": "2025-05-15", "existence_of_maintenance_plan": false, "wave": "1", "number_of_classrooms": 0.0, "number_of_infrastructures": 1, "population": 539.0, "direct_beneficiaries_men": 230.0, "direct_beneficiaries_women": 309.0, "women_s_group": "True", "youth_group": null, "breeders_farmers_group": "True", "ethnic_minority_group": null, "date_of_organization_of_the_social_audit": "2024-03-13", "number_of_participants_m_in_social_audit": 21.0, "number_of_participants_w_in_social_audit": 40.0, "number_of_participants_t_in_social_audit": 61.0, "beneficiary_villages_count": 1, "beneficiary_villages": "1971", "list_of_villages_crossed_by_track_or_electrification": [ ], "infrastructure_changed": null, "infrastructure_deleted": false, "level_of_achievement_donation_certificate": "Maire", "comments": null, "location_name": "ZAMISSI", "latitude": 11.089657, "longitude": -0.066757, "hierarchy": "ZAMISSI > BOADE > CINKASSE 1 > CINKASSE > SAVANES", "link_to_subproject": null, "depth_of_drilling": null, "drilling_flow_rate": null, "number_of_latrine_blocks": null, "has_latrine_blocs": null, "storage_capacity": null, "official_handover_date_to_sector": null, "length_of_the_track": null, "extension_length": null, "number_of_drinking_fountains": null, "estimated_number_of_beneficiaries": null, "refugee_and_internally_displaced_persons_group": null, "has_fence": null, "number_of_sections_of_track_developed": null, "amount_of_the_controllers_contract_in_SES": null, "amount_of_the_contract_for_construction_supervisors": null, "date_signature_contract_facilitator": null, "amount_of_the_facilitator_contract": null, "amount_spent_on_completing_the_infrastructure": null, "amount_spent_on_infrastructure_up_to_provisional_acceptance": null, "number_of_streetlights": null, "distance_covered_by_streetlights": null, "canton": null, "market_name": null }, "geometry": { "type": "Point", "coordinates": [ -0.066757, 11.089657 ] } },
{ "type": "Feature", "properties": { "id": 651, "number": 69, "joint_subproject_number": 50, "title": "Réalisation d'un forage photovoltaïque ", "type": "Forages photovoltaïques dans les communautés pour eau de boisson", "subproject_type_designation": "Subproject", "sector": "Eau–Hydraulique", "works_type": "Construction", "component": "COMPOSANTE 1.1", "projects": "COSO", "financiers": "Banque Mondiale", "status": "Remise de l'ouvrage à la communauté 100.0%", "current_status_of_the_site": "Réception définitive", "progress_percent": 100.0, "progress_value": 100.0, "estimated_cost": 20000000.0, "contract_amount_work_companies": 16701573.0, "total_contract_amount_paid": 16701573.0, "amount_of_the_care_and_maintenance_fund_expected": null, "care_and_maintenance_amount_on_village_account": 250000.0, "date_signature_contract_work_companies": "2023-03-16", "date_signature_contract_efme": null, "contract_companies_amount_for_efme": null, "date_signature_contract_controllers_in_SES": null, "date_of_signature_of_contract_for_construction_supervisors": null, "approval_date_cora": "2022-10-28", "launch_date": "2023-03-30", "expected_duration": 3.0, "expected_end_date": "2023-06-30", "work_completion_date": "2023-08-29", "date_of_technical_acceptance_of_work": null, "date_of_provisional_acceptance_of_work": "2023-08-29", "official_handover_date_to_community": "2025-04-10", "existence_of_maintenance_plan": false, "wave": "1", "number_of_classrooms": 0.0, "number_of_infrastructures": 1, "population": 1821.0, "direct_beneficiaries_men": 635.0, "direct_beneficiaries_women": 843.0, "women_s_group": "True", "youth_group": "True", "breeders_farmers_group": null, "ethnic_minority_group": null, "date_of_organization_of_the_social_audit": "2024-05-05", "number_of_participants_m_in_social_audit": 29.0, "number_of_participants_w_in_social_audit": 40.0, "number_of_participants_t_in_social_audit": 69.0, "beneficiary_villages_count": 1, "beneficiary_villages": "1972", "list_of_villages_crossed_by_track_or_electrification": [ ], "infrastructure_changed": null, "infrastructure_deleted": false, "level_of_achievement_donation_certificate": "Maire", "comments": "Prof:91,8 m débit 6,11 m3/h", "location_name": "ZINTANGO", "latitude": 11.125808, "longitude": -0.08592, "hierarchy": "ZINTANGO > BOADE > CINKASSE 1 > CINKASSE > SAVANES", "link_to_subproject": null, "depth_of_drilling": 91.8, "drilling_flow_rate": 6.11, "number_of_latrine_blocks": null, "has_latrine_blocs": null, "storage_capacity": null, "official_handover_date_to_sector": null, "length_of_the_track": null, "extension_length": null, "number_of_drinking_fountains": null, "estimated_number_of_beneficiaries": null, "refugee_and_internally_displaced_persons_group": null, "has_fence": null, "number_of_sections_of_track_developed": null, "amount_of_the_controllers_contract_in_SES": null, "amount_of_the_contract_for_construction_supervisors": null, "date_signature_contract_facilitator": null, "amount_of_the_facilitator_contract": null, "amount_spent_on_completing_the_infrastructure": null, "amount_spent_on_infrastructure_up_to_provisional_acceptance": null, "number_of_streetlights": null, "distance_covered_by_streetlights": null, "canton": null, "market_name": null }, "geometry": { "type": "Point", "coordinates": [ -0.08592, 11.125808 ] } },
{ "type": "Feature", "properties": { "id": 652, "number": 70, "joint_subproject_number": 51, "title": "Réalisation d'un forage photovoltaïque ", "type": "Forages photovoltaïques dans les communautés pour eau de boisson", "subproject_type_designation": "Subproject", "sector": "Eau–Hydraulique", "works_type": "Construction", "component": "COMPOSANTE 1.1", "projects": "COSO", "financiers": "Banque Mondiale", "status": "Réception définitive 100.0%", "current_status_of_the_site": "Réception définitive", "progress_percent": 100.0, "progress_value": 100.0, "estimated_cost": 20000000.0, "contract_amount_work_companies": 17926357.0, "total_contract_amount_paid": 17926357.0, "amount_of_the_care_and_maintenance_fund_expected": null, "care_and_maintenance_amount_on_village_account": 250000.0, "date_signature_contract_work_companies": "2023-03-08", "date_signature_contract_efme": null, "contract_companies_amount_for_efme": null, "date_signature_contract_controllers_in_SES": null, "date_of_signature_of_contract_for_construction_supervisors": null, "approval_date_cora": "2022-10-28", "launch_date": "2023-03-22", "expected_duration": 3.0, "expected_end_date": "2023-03-22", "work_completion_date": "2023-08-18", "date_of_technical_acceptance_of_work": null, "date_of_provisional_acceptance_of_work": "2023-08-18", "official_handover_date_to_community": "2025-02-07", "existence_of_maintenance_plan": false, "wave": "1", "number_of_classrooms": 0.0, "number_of_infrastructures": 1, "population": 589.0, "direct_beneficiaries_men": 318.0, "direct_beneficiaries_women": 460.0, "women_s_group": "True", "youth_group": null, "breeders_farmers_group": "True", "ethnic_minority_group": "True", "date_of_organization_of_the_social_audit": "2024-03-15", "number_of_participants_m_in_social_audit": 45.0, "number_of_participants_w_in_social_audit": 39.0, "number_of_participants_t_in_social_audit": 84.0, "beneficiary_villages_count": 1, "beneficiary_villages": "1974", "list_of_villages_crossed_by_track_or_electrification": [ ], "infrastructure_changed": null, "infrastructure_deleted": false, "level_of_achievement_donation_certificate": "Maire", "comments": null, "location_name": "BARGOUNDE", "latitude": 11.081848, "longitude": 0.015431, "hierarchy": "BARGOUNDE > CINKASSE > CINKASSE 1 > CINKASSE > SAVANES", "link_to_subproject": null, "depth_of_drilling": null, "drilling_flow_rate": 3.0, "number_of_latrine_blocks": null, "has_latrine_blocs": null, "storage_capacity": null, "official_handover_date_to_sector": null, "length_of_the_track": null, "extension_length": null, "number_of_drinking_fountains": null, "estimated_number_of_beneficiaries": 400.0, "refugee_and_internally_displaced_persons_group": null, "has_fence": null, "number_of_sections_of_track_developed": null, "amount_of_the_controllers_contract_in_SES": null, "amount_of_the_contract_for_construction_supervisors": null, "date_signature_contract_facilitator": null, "amount_of_the_facilitator_contract": null, "amount_spent_on_completing_the_infrastructure": null, "amount_spent_on_infrastructure_up_to_provisional_acceptance": null, "number_of_streetlights": null, "distance_covered_by_streetlights": null, "canton": null, "market_name": null }, "geometry": { "type": "Point", "coordinates": [ 0.015431, 11.081848 ] } },
{ "type": "Feature", "properties": { "id": 653, "number": 71, "joint_subproject_number": 52, "title": "Réalisation d'un forage photovoltaïque", "type": "Forages photovoltaïques dans les communautés pour eau de boisson", "subproject_type_designation": "Subproject", "sector": "Eau–Hydraulique", "works_type": "Construction", "component": "COMPOSANTE 1.1", "projects": "COSO", "financiers": "Banque Mondiale", "status": "Réception définitive 100.0%", "current_status_of_the_site": "Réception définitive", "progress_percent": 100.0, "progress_value": 100.0, "estimated_cost": 20000000.0, "contract_amount_work_companies": 17808357.0, "total_contract_amount_paid": 17808357.0, "amount_of_the_care_and_maintenance_fund_expected": null, "care_and_maintenance_amount_on_village_account": 211835.0, "date_signature_contract_work_companies": "2023-03-08", "date_signature_contract_efme": null, "contract_companies_amount_for_efme": null, "date_signature_contract_controllers_in_SES": null, "date_of_signature_of_contract_for_construction_supervisors": null, "approval_date_cora": "2022-10-28", "launch_date": "2023-03-22", "expected_duration": 3.0, "expected_end_date": "2023-03-22", "work_completion_date": "2023-10-17", "date_of_technical_acceptance_of_work": null, "date_of_provisional_acceptance_of_work": "2023-10-17", "official_handover_date_to_community": "2025-02-06", "existence_of_maintenance_plan": false, "wave": "1", "number_of_classrooms": 0.0, "number_of_infrastructures": 1, "population": 1792.0, "direct_beneficiaries_men": 729.0, "direct_beneficiaries_women": 1063.0, "women_s_group": "True", "youth_group": "True", "breeders_farmers_group": "True", "ethnic_minority_group": null, "date_of_organization_of_the_social_audit": "2024-03-13", "number_of_participants_m_in_social_audit": 24.0, "number_of_participants_w_in_social_audit": 26.0, "number_of_participants_t_in_social_audit": 50.0, "beneficiary_villages_count": 2, "beneficiary_villages": "3836; 3962", "list_of_villages_crossed_by_track_or_electrification": [ ], "infrastructure_changed": null, "infrastructure_deleted": false, "level_of_achievement_donation_certificate": "Maire", "comments": null, "location_name": "BOUSSANGA 1", "latitude": 0.0, "longitude": 0.0, "hierarchy": "BOUSSANGA 1 > CINKASSE > CINKASSE 1 > CINKASSE > SAVANES", "link_to_subproject": null, "depth_of_drilling": 103.97, "drilling_flow_rate": 3.08, "number_of_latrine_blocks": null, "has_latrine_blocs": null, "storage_capacity": null, "official_handover_date_to_sector": null, "length_of_the_track": null, "extension_length": null, "number_of_drinking_fountains": null, "estimated_number_of_beneficiaries": 1792.0, "refugee_and_internally_displaced_persons_group": "True", "has_fence": null, "number_of_sections_of_track_developed": null, "amount_of_the_controllers_contract_in_SES": null, "amount_of_the_contract_for_construction_supervisors": null, "date_signature_contract_facilitator": null, "amount_of_the_facilitator_contract": null, "amount_spent_on_completing_the_infrastructure": null, "amount_spent_on_infrastructure_up_to_provisional_acceptance": null, "number_of_streetlights": null, "distance_covered_by_streetlights": null, "canton": null, "market_name": null }, "geometry": { "type": "Point", "coordinates": [ 0.0, 0.0 ] } },
{ "type": "Feature", "properties": { "id": 656, "number": 74, "joint_subproject_number": 54, "title": "Réalisation d'un forage photovoltaïque", "type": "Forages photovoltaïques dans les communautés pour eau de boisson", "subproject_type_designation": "Subproject", "sector": "Eau–Hydraulique", "works_type": "Construction", "component": "COMPOSANTE 1.1", "projects": "COSO", "financiers": "Banque Mondiale", "status": "Réception provisoire 100.0%", "current_status_of_the_site": "Réception provisoire", "progress_percent": 100.0, "progress_value": 100.0, "estimated_cost": 20000000.0, "contract_amount_work_companies": 17859025.0, "total_contract_amount_paid": 17859025.0, "amount_of_the_care_and_maintenance_fund_expected": null, "care_and_maintenance_amount_on_village_account": null, "date_signature_contract_work_companies": "2022-12-16", "date_signature_contract_efme": null, "contract_companies_amount_for_efme": null, "date_signature_contract_controllers_in_SES": "2022-12-16", "date_of_signature_of_contract_for_construction_supervisors": "2022-12-16", "approval_date_cora": "2022-10-28", "launch_date": "2023-05-31", "expected_duration": 3.0, "expected_end_date": "2023-03-16", "work_completion_date": "2023-06-14", "date_of_technical_acceptance_of_work": null, "date_of_provisional_acceptance_of_work": "2023-06-14", "official_handover_date_to_community": null, "existence_of_maintenance_plan": false, "wave": "1", "number_of_classrooms": 0.0, "number_of_infrastructures": 1, "population": 1115.0, "direct_beneficiaries_men": 515.0, "direct_beneficiaries_women": 600.0, "women_s_group": "True", "youth_group": "True", "breeders_farmers_group": "True", "ethnic_minority_group": "True", "date_of_organization_of_the_social_audit": "2024-05-18", "number_of_participants_m_in_social_audit": 38.0, "number_of_participants_w_in_social_audit": 115.0, "number_of_participants_t_in_social_audit": 153.0, "beneficiary_villages_count": 1, "beneficiary_villages": "1976", "list_of_villages_crossed_by_track_or_electrification": [ ], "infrastructure_changed": null, "infrastructure_deleted": false, "level_of_achievement_donation_certificate": null, "comments": null, "location_name": "GOYAMBA 1", "latitude": 0.0, "longitude": 0.0, "hierarchy": "GOYAMBA 1 > CINKASSE > CINKASSE 1 > CINKASSE > SAVANES", "link_to_subproject": null, "depth_of_drilling": null, "drilling_flow_rate": null, "number_of_latrine_blocks": null, "has_latrine_blocs": null, "storage_capacity": null, "official_handover_date_to_sector": null, "length_of_the_track": null, "extension_length": null, "number_of_drinking_fountains": null, "estimated_number_of_beneficiaries": 170.0, "refugee_and_internally_displaced_persons_group": "True", "has_fence": null, "number_of_sections_of_track_developed": null, "amount_of_the_controllers_contract_in_SES": 200000.0, "amount_of_the_contract_for_construction_supervisors": 301000.0, "date_signature_contract_facilitator": "2022-08-01", "amount_of_the_facilitator_contract": 300000.0, "amount_spent_on_completing_the_infrastructure": null, "amount_spent_on_infrastructure_up_to_provisional_acceptance": null, "number_of_streetlights": null, "distance_covered_by_streetlights": null, "canton": null, "market_name": null }, "geometry": { "type": "Point", "coordinates": [ 0.0, 0.0 ] } },
{ "type": "Feature", "properties": { "id": 657, "number": 75, "joint_subproject_number": 55, "title": "Réalisation d'un forage photovoltaïque ", "type": "Forages photovoltaïques dans les communautés pour eau de boisson", "subproject_type_designation": "Subproject", "sector": "Eau–Hydraulique", "works_type": "Construction", "component": "COMPOSANTE 1.1", "projects": "COSO", "financiers": "Banque Mondiale", "status": "Remise de l'ouvrage à la communauté 100.0%", "current_status_of_the_site": "Réception définitive", "progress_percent": 100.0, "progress_value": 100.0, "estimated_cost": 20000000.0, "contract_amount_work_companies": 14517056.0, "total_contract_amount_paid": 14517056.0, "amount_of_the_care_and_maintenance_fund_expected": null, "care_and_maintenance_amount_on_village_account": 148000.0, "date_signature_contract_work_companies": "2023-03-16", "date_signature_contract_efme": null, "contract_companies_amount_for_efme": null, "date_signature_contract_controllers_in_SES": null, "date_of_signature_of_contract_for_construction_supervisors": null, "approval_date_cora": "2022-10-28", "launch_date": "2023-03-30", "expected_duration": 3.0, "expected_end_date": "2023-03-30", "work_completion_date": "2023-08-18", "date_of_technical_acceptance_of_work": null, "date_of_provisional_acceptance_of_work": "2023-08-18", "official_handover_date_to_community": "2025-02-13", "existence_of_maintenance_plan": false, "wave": "1", "number_of_classrooms": 0.0, "number_of_infrastructures": 1, "population": 1115.0, "direct_beneficiaries_men": 372.0, "direct_beneficiaries_women": 743.0, "women_s_group": "True", "youth_group": null, "breeders_farmers_group": "True", "ethnic_minority_group": "True", "date_of_organization_of_the_social_audit": "2024-04-12", "number_of_participants_m_in_social_audit": 23.0, "number_of_participants_w_in_social_audit": 50.0, "number_of_participants_t_in_social_audit": 73.0, "beneficiary_villages_count": 1, "beneficiary_villages": "3827", "list_of_villages_crossed_by_track_or_electrification": [ ], "infrastructure_changed": "True", "infrastructure_deleted": false, "level_of_achievement_donation_certificate": "Maire", "comments": "Géophysique", "location_name": "GOYAMBA 2", "latitude": 0.0, "longitude": 0.0, "hierarchy": "GOYAMBA 2 > CINKASSE > CINKASSE 1 > CINKASSE > SAVANES", "link_to_subproject": null, "depth_of_drilling": null, "drilling_flow_rate": null, "number_of_latrine_blocks": null, "has_latrine_blocs": null, "storage_capacity": null, "official_handover_date_to_sector": null, "length_of_the_track": null, "extension_length": null, "number_of_drinking_fountains": null, "estimated_number_of_beneficiaries": 1321.0, "refugee_and_internally_displaced_persons_group": "True", "has_fence": null, "number_of_sections_of_track_developed": null, "amount_of_the_controllers_contract_in_SES": null, "amount_of_the_contract_for_construction_supervisors": null, "date_signature_contract_facilitator": null, "amount_of_the_facilitator_contract": null, "amount_spent_on_completing_the_infrastructure": null, "amount_spent_on_infrastructure_up_to_provisional_acceptance": null, "number_of_streetlights": null, "distance_covered_by_streetlights": null, "canton": null, "market_name": null }, "geometry": { "type": "Point", "coordinates": [ 0.0, 0.0 ] } },
{ "type": "Feature", "properties": { "id": 658, "number": 76, "joint_subproject_number": 56, "title": "Réalisation d'un forage photovoltaïque", "type": "Forages photovoltaïques dans les communautés pour eau de boisson", "subproject_type_designation": "Subproject", "sector": "Eau–Hydraulique", "works_type": "Construction", "component": "COMPOSANTE 1.1", "projects": "COSO", "financiers": "Banque Mondiale", "status": "Réception définitive 100.0%", "current_status_of_the_site": "Réception définitive", "progress_percent": 100.0, "progress_value": 100.0, "estimated_cost": 20000000.0, "contract_amount_work_companies": 13573056.0, "total_contract_amount_paid": 13573056.0, "amount_of_the_care_and_maintenance_fund_expected": 250000.0, "care_and_maintenance_amount_on_village_account": 270000.0, "date_signature_contract_work_companies": "2023-03-13", "date_signature_contract_efme": null, "contract_companies_amount_for_efme": null, "date_signature_contract_controllers_in_SES": null, "date_of_signature_of_contract_for_construction_supervisors": null, "approval_date_cora": "2022-10-28", "launch_date": "2023-03-20", "expected_duration": 3.0, "expected_end_date": "2023-04-03", "work_completion_date": "2023-11-22", "date_of_technical_acceptance_of_work": null, "date_of_provisional_acceptance_of_work": "2023-11-22", "official_handover_date_to_community": "2025-02-13", "existence_of_maintenance_plan": true, "wave": "1", "number_of_classrooms": 0.0, "number_of_infrastructures": 1, "population": 528.0, "direct_beneficiaries_men": 219.0, "direct_beneficiaries_women": 309.0, "women_s_group": "True", "youth_group": "True", "breeders_farmers_group": "True", "ethnic_minority_group": "True", "date_of_organization_of_the_social_audit": "2024-03-13", "number_of_participants_m_in_social_audit": 16.0, "number_of_participants_w_in_social_audit": 64.0, "number_of_participants_t_in_social_audit": 80.0, "beneficiary_villages_count": 1, "beneficiary_villages": "3833", "list_of_villages_crossed_by_track_or_electrification": [ ], "infrastructure_changed": "True", "infrastructure_deleted": false, "level_of_achievement_donation_certificate": "Maire", "comments": "Géophysique", "location_name": "KALYADA", "latitude": 0.0, "longitude": 0.0, "hierarchy": "KALYADA > CINKASSE > CINKASSE 1 > CINKASSE > SAVANES", "link_to_subproject": null, "depth_of_drilling": 32.29, "drilling_flow_rate": 3.21, "number_of_latrine_blocks": null, "has_latrine_blocs": null, "storage_capacity": null, "official_handover_date_to_sector": null, "length_of_the_track": null, "extension_length": null, "number_of_drinking_fountains": null, "estimated_number_of_beneficiaries": 847.0, "refugee_and_internally_displaced_persons_group": "True", "has_fence": null, "number_of_sections_of_track_developed": null, "amount_of_the_controllers_contract_in_SES": null, "amount_of_the_contract_for_construction_supervisors": null, "date_signature_contract_facilitator": null, "amount_of_the_facilitator_contract": null, "amount_spent_on_completing_the_infrastructure": null, "amount_spent_on_infrastructure_up_to_provisional_acceptance": null, "number_of_streetlights": null, "distance_covered_by_streetlights": null, "canton": null, "market_name": null }, "geometry": { "type": "Point", "coordinates": [ 0.0, 0.0 ] } },
{ "type": "Feature", "properties": { "id": 659, "number": 77, "joint_subproject_number": 57, "title": "Réalisation d'un forage photovoltaïque", "type": "Forages photovoltaïques dans les communautés pour eau de boisson", "subproject_type_designation": "Subproject", "sector": "Eau–Hydraulique", "works_type": "Construction", "component": "COMPOSANTE 1.1", "projects": "COSO", "financiers": "Banque Mondiale", "status": "Remise de l'ouvrage à la communauté 100.0%", "current_status_of_the_site": "Réception définitive", "progress_percent": 100.0, "progress_value": 100.0, "estimated_cost": 20000000.0, "contract_amount_work_companies": 18340150.0, "total_contract_amount_paid": 18340150.0, "amount_of_the_care_and_maintenance_fund_expected": 250000.0, "care_and_maintenance_amount_on_village_account": 100000.0, "date_signature_contract_work_companies": "2023-03-08", "date_signature_contract_efme": null, "contract_companies_amount_for_efme": null, "date_signature_contract_controllers_in_SES": null, "date_of_signature_of_contract_for_construction_supervisors": null, "approval_date_cora": "2022-10-28", "launch_date": "2023-03-22", "expected_duration": 3.0, "expected_end_date": "2023-03-22", "work_completion_date": "2023-11-02", "date_of_technical_acceptance_of_work": "2023-10-10", "date_of_provisional_acceptance_of_work": "2023-11-02", "official_handover_date_to_community": "2025-03-26", "existence_of_maintenance_plan": true, "wave": "1", "number_of_classrooms": 0.0, "number_of_infrastructures": 1, "population": 362.0, "direct_beneficiaries_men": 170.0, "direct_beneficiaries_women": 192.0, "women_s_group": "True", "youth_group": "True", "breeders_farmers_group": "True", "ethnic_minority_group": "True", "date_of_organization_of_the_social_audit": "2024-03-29", "number_of_participants_m_in_social_audit": 21.0, "number_of_participants_w_in_social_audit": 73.0, "number_of_participants_t_in_social_audit": 94.0, "beneficiary_villages_count": 1, "beneficiary_villages": "1977", "list_of_villages_crossed_by_track_or_electrification": [ ], "infrastructure_changed": "True", "infrastructure_deleted": false, "level_of_achievement_donation_certificate": "Maire", "comments": null, "location_name": "KODAGO", "latitude": 11.10398, "longitude": 0.042313, "hierarchy": "KODAGO > CINKASSE > CINKASSE 1 > CINKASSE > SAVANES", "link_to_subproject": null, "depth_of_drilling": null, "drilling_flow_rate": null, "number_of_latrine_blocks": null, "has_latrine_blocs": null, "storage_capacity": null, "official_handover_date_to_sector": null, "length_of_the_track": null, "extension_length": null, "number_of_drinking_fountains": null, "estimated_number_of_beneficiaries": 350.0, "refugee_and_internally_displaced_persons_group": null, "has_fence": null, "number_of_sections_of_track_developed": null, "amount_of_the_controllers_contract_in_SES": null, "amount_of_the_contract_for_construction_supervisors": null, "date_signature_contract_facilitator": null, "amount_of_the_facilitator_contract": null, "amount_spent_on_completing_the_infrastructure": null, "amount_spent_on_infrastructure_up_to_provisional_acceptance": null, "number_of_streetlights": null, "distance_covered_by_streetlights": null, "canton": null, "market_name": null }, "geometry": { "type": "Point", "coordinates": [ 0.042313, 11.10398 ] } },
{ "type": "Feature", "properties": { "id": 661, "number": 79, "joint_subproject_number": 58, "title": "Construction d'un Bâtiment scolaire de 3 classes avec bureau et magasin + 2 Blocs de Latrines +forage photovoltaïque à l'EPP KOMOULOGOU 1", "type": "Forages photovoltaïques dans les communautés pour eau de boisson", "subproject_type_designation": "Infrastructure", "sector": "Eau–Hydraulique", "works_type": "Construction", "component": "COMPOSANTE 1.1", "projects": "COSO", "financiers": "Banque Mondiale", "status": "Réception provisoire 100.0%", "current_status_of_the_site": "Réception provisoire", "progress_percent": 100.0, "progress_value": 100.0, "estimated_cost": 20000000.0, "contract_amount_work_companies": 15309715.0, "total_contract_amount_paid": 15309715.0, "amount_of_the_care_and_maintenance_fund_expected": null, "care_and_maintenance_amount_on_village_account": null, "date_signature_contract_work_companies": "2025-03-18", "date_signature_contract_efme": null, "contract_companies_amount_for_efme": null, "date_signature_contract_controllers_in_SES": null, "date_of_signature_of_contract_for_construction_supervisors": null, "approval_date_cora": "2022-10-28", "launch_date": "2025-03-22", "expected_duration": 3.0, "expected_end_date": "2025-06-21", "work_completion_date": "2025-06-18", "date_of_technical_acceptance_of_work": "2025-06-18", "date_of_provisional_acceptance_of_work": "2025-07-03", "official_handover_date_to_community": null, "existence_of_maintenance_plan": false, "wave": "1", "number_of_classrooms": 0.0, "number_of_infrastructures": 1, "population": 2452.0, "direct_beneficiaries_men": 1102.0, "direct_beneficiaries_women": 1350.0, "women_s_group": "True", "youth_group": null, "breeders_farmers_group": null, "ethnic_minority_group": null, "date_of_organization_of_the_social_audit": "2024-03-30", "number_of_participants_m_in_social_audit": 33.0, "number_of_participants_w_in_social_audit": 77.0, "number_of_participants_t_in_social_audit": 110.0, "beneficiary_villages_count": 2, "beneficiary_villages": "3839; 3840", "list_of_villages_crossed_by_track_or_electrification": [ ], "infrastructure_changed": "True", "infrastructure_deleted": false, "level_of_achievement_donation_certificate": "Aucun", "comments": null, "location_name": "KOMOULOGOU 2", "latitude": 0.0, "longitude": 0.0, "hierarchy": "KOMOULOGOU 2 > CINKASSE > CINKASSE 1 > CINKASSE > SAVANES", "link_to_subproject": 660.0, "depth_of_drilling": null, "drilling_flow_rate": null, "number_of_latrine_blocks": null, "has_latrine_blocs": null, "storage_capacity": null, "official_handover_date_to_sector": null, "length_of_the_track": null, "extension_length": null, "number_of_drinking_fountains": null, "estimated_number_of_beneficiaries": null, "refugee_and_internally_displaced_persons_group": null, "has_fence": null, "number_of_sections_of_track_developed": null, "amount_of_the_controllers_contract_in_SES": null, "amount_of_the_contract_for_construction_supervisors": null, "date_signature_contract_facilitator": null, "amount_of_the_facilitator_contract": null, "amount_spent_on_completing_the_infrastructure": null, "amount_spent_on_infrastructure_up_to_provisional_acceptance": null, "number_of_streetlights": null, "distance_covered_by_streetlights": null, "canton": null, "market_name": null }, "geometry": { "type": "Point", "coordinates": [ 0.0, 0.0 ] } },
{ "type": "Feature", "properties": { "id": 662, "number": 80, "joint_subproject_number": 59, "title": "Réalisation d'un forage photovoltaïque", "type": "Forages photovoltaïques dans les communautés pour eau de boisson", "subproject_type_designation": "Subproject", "sector": "Eau–Hydraulique", "works_type": "Construction", "component": "COMPOSANTE 1.1", "projects": "COSO", "financiers": "Banque Mondiale", "status": "Remise de l'ouvrage à la communauté 100.0%", "current_status_of_the_site": "Réception définitive", "progress_percent": 100.0, "progress_value": 100.0, "estimated_cost": 20000000.0, "contract_amount_work_companies": 18340150.0, "total_contract_amount_paid": 18340150.0, "amount_of_the_care_and_maintenance_fund_expected": null, "care_and_maintenance_amount_on_village_account": 200000.0, "date_signature_contract_work_companies": "2023-03-08", "date_signature_contract_efme": null, "contract_companies_amount_for_efme": null, "date_signature_contract_controllers_in_SES": null, "date_of_signature_of_contract_for_construction_supervisors": null, "approval_date_cora": "2022-10-28", "launch_date": "2023-03-22", "expected_duration": 3.0, "expected_end_date": "2023-03-22", "work_completion_date": "2023-11-02", "date_of_technical_acceptance_of_work": null, "date_of_provisional_acceptance_of_work": "2023-11-02", "official_handover_date_to_community": "2025-03-26", "existence_of_maintenance_plan": false, "wave": "1", "number_of_classrooms": 0.0, "number_of_infrastructures": 1, "population": 205.0, "direct_beneficiaries_men": 83.0, "direct_beneficiaries_women": 122.0, "women_s_group": "True", "youth_group": null, "breeders_farmers_group": "True", "ethnic_minority_group": "True", "date_of_organization_of_the_social_audit": "2024-03-12", "number_of_participants_m_in_social_audit": 22.0, "number_of_participants_w_in_social_audit": 30.0, "number_of_participants_t_in_social_audit": 52.0, "beneficiary_villages_count": 1, "beneficiary_villages": "1978", "list_of_villages_crossed_by_track_or_electrification": [ ], "infrastructure_changed": null, "infrastructure_deleted": false, "level_of_achievement_donation_certificate": "Maire", "comments": null, "location_name": "KOWONGO", "latitude": 0.0, "longitude": 0.0, "hierarchy": "KOWONGO > CINKASSE > CINKASSE 1 > CINKASSE > SAVANES", "link_to_subproject": null, "depth_of_drilling": null, "drilling_flow_rate": null, "number_of_latrine_blocks": null, "has_latrine_blocs": null, "storage_capacity": null, "official_handover_date_to_sector": null, "length_of_the_track": null, "extension_length": null, "number_of_drinking_fountains": null, "estimated_number_of_beneficiaries": 300.0, "refugee_and_internally_displaced_persons_group": null, "has_fence": null, "number_of_sections_of_track_developed": null, "amount_of_the_controllers_contract_in_SES": null, "amount_of_the_contract_for_construction_supervisors": null, "date_signature_contract_facilitator": null, "amount_of_the_facilitator_contract": null, "amount_spent_on_completing_the_infrastructure": null, "amount_spent_on_infrastructure_up_to_provisional_acceptance": null, "number_of_streetlights": null, "distance_covered_by_streetlights": null, "canton": null, "market_name": null }, "geometry": { "type": "Point", "coordinates": [ 0.0, 0.0 ] } },
{ "type": "Feature", "properties": { "id": 663, "number": 81, "joint_subproject_number": 60, "title": "Réalisation d'un forage photovoltaïque", "type": "Forages photovoltaïques dans les communautés pour eau de boisson", "subproject_type_designation": "Subproject", "sector": "Eau–Hydraulique", "works_type": "Construction", "component": "COMPOSANTE 1.1", "projects": "COSO", "financiers": "Banque Mondiale", "status": "Réception définitive 100.0%", "current_status_of_the_site": "Réception définitive", "progress_percent": 100.0, "progress_value": 100.0, "estimated_cost": 20000000.0, "contract_amount_work_companies": 17859025.0, "total_contract_amount_paid": 17859025.0, "amount_of_the_care_and_maintenance_fund_expected": 250000.0, "care_and_maintenance_amount_on_village_account": 332670.0, "date_signature_contract_work_companies": "2022-12-16", "date_signature_contract_efme": null, "contract_companies_amount_for_efme": null, "date_signature_contract_controllers_in_SES": "2022-12-16", "date_of_signature_of_contract_for_construction_supervisors": "2022-12-16", "approval_date_cora": "2022-10-28", "launch_date": "2023-03-16", "expected_duration": 3.0, "expected_end_date": "2023-03-16", "work_completion_date": "2023-04-18", "date_of_technical_acceptance_of_work": "2023-04-18", "date_of_provisional_acceptance_of_work": "2023-04-18", "official_handover_date_to_community": "2024-08-22", "existence_of_maintenance_plan": true, "wave": "1", "number_of_classrooms": 0.0, "number_of_infrastructures": 1, "population": 1115.0, "direct_beneficiaries_men": 515.0, "direct_beneficiaries_women": 600.0, "women_s_group": "True", "youth_group": "True", "breeders_farmers_group": "True", "ethnic_minority_group": "True", "date_of_organization_of_the_social_audit": "2024-03-06", "number_of_participants_m_in_social_audit": 12.0, "number_of_participants_w_in_social_audit": 67.0, "number_of_participants_t_in_social_audit": 79.0, "beneficiary_villages_count": 1, "beneficiary_villages": "4031", "list_of_villages_crossed_by_track_or_electrification": [ ], "infrastructure_changed": "True", "infrastructure_deleted": false, "level_of_achievement_donation_certificate": "Maire", "comments": null, "location_name": "KPALBIAGA 1", "latitude": 0.0, "longitude": 0.0, "hierarchy": "KPALBIAGA 1 > CINKASSE > CINKASSE 1 > CINKASSE > SAVANES", "link_to_subproject": null, "depth_of_drilling": 101.0, "drilling_flow_rate": 5.14, "number_of_latrine_blocks": null, "has_latrine_blocs": null, "storage_capacity": null, "official_handover_date_to_sector": null, "length_of_the_track": null, "extension_length": null, "number_of_drinking_fountains": null, "estimated_number_of_beneficiaries": 752.0, "refugee_and_internally_displaced_persons_group": "True", "has_fence": null, "number_of_sections_of_track_developed": null, "amount_of_the_controllers_contract_in_SES": 200000.0, "amount_of_the_contract_for_construction_supervisors": 301000.0, "date_signature_contract_facilitator": "2022-08-01", "amount_of_the_facilitator_contract": 300000.0, "amount_spent_on_completing_the_infrastructure": null, "amount_spent_on_infrastructure_up_to_provisional_acceptance": null, "number_of_streetlights": null, "distance_covered_by_streetlights": null, "canton": null, "market_name": null }, "geometry": { "type": "Point", "coordinates": [ 0.0, 0.0 ] } },
{ "type": "Feature", "properties": { "id": 664, "number": 82, "joint_subproject_number": 61, "title": "Réalisation d'un forage photovoltaïque ", "type": "Forages photovoltaïques dans les communautés pour eau de boisson", "subproject_type_designation": "Subproject", "sector": "Eau–Hydraulique", "works_type": "Construction", "component": "COMPOSANTE 1.1", "projects": "COSO", "financiers": "Banque Mondiale", "status": "Remise de l'ouvrage à la communauté 100.0%", "current_status_of_the_site": "Réception définitive", "progress_percent": 100.0, "progress_value": 100.0, "estimated_cost": 20000000.0, "contract_amount_work_companies": 19767189.0, "total_contract_amount_paid": 19767189.0, "amount_of_the_care_and_maintenance_fund_expected": null, "care_and_maintenance_amount_on_village_account": 219000.0, "date_signature_contract_work_companies": "2023-03-16", "date_signature_contract_efme": null, "contract_companies_amount_for_efme": null, "date_signature_contract_controllers_in_SES": null, "date_of_signature_of_contract_for_construction_supervisors": null, "approval_date_cora": "2022-10-28", "launch_date": "2023-03-30", "expected_duration": 3.0, "expected_end_date": "2023-03-30", "work_completion_date": "2023-08-22", "date_of_technical_acceptance_of_work": null, "date_of_provisional_acceptance_of_work": "2023-08-22", "official_handover_date_to_community": "2025-02-20", "existence_of_maintenance_plan": false, "wave": "1", "number_of_classrooms": 0.0, "number_of_infrastructures": 1, "population": 1306.0, "direct_beneficiaries_men": 463.0, "direct_beneficiaries_women": 870.0, "women_s_group": "True", "youth_group": "True", "breeders_farmers_group": "True", "ethnic_minority_group": "True", "date_of_organization_of_the_social_audit": "2024-03-06", "number_of_participants_m_in_social_audit": 23.0, "number_of_participants_w_in_social_audit": 101.0, "number_of_participants_t_in_social_audit": 124.0, "beneficiary_villages_count": 1, "beneficiary_villages": "4032", "list_of_villages_crossed_by_track_or_electrification": [ ], "infrastructure_changed": null, "infrastructure_deleted": false, "level_of_achievement_donation_certificate": "Maire", "comments": "Géophysique", "location_name": "KPALBIAGA 2", "latitude": 0.0, "longitude": 0.0, "hierarchy": "KPALBIAGA 2 > CINKASSE > CINKASSE 1 > CINKASSE > SAVANES", "link_to_subproject": null, "depth_of_drilling": 49.06, "drilling_flow_rate": 10.5, "number_of_latrine_blocks": null, "has_latrine_blocs": null, "storage_capacity": null, "official_handover_date_to_sector": null, "length_of_the_track": null, "extension_length": null, "number_of_drinking_fountains": null, "estimated_number_of_beneficiaries": 1306.0, "refugee_and_internally_displaced_persons_group": "True", "has_fence": null, "number_of_sections_of_track_developed": null, "amount_of_the_controllers_contract_in_SES": null, "amount_of_the_contract_for_construction_supervisors": null, "date_signature_contract_facilitator": null, "amount_of_the_facilitator_contract": null, "amount_spent_on_completing_the_infrastructure": null, "amount_spent_on_infrastructure_up_to_provisional_acceptance": null, "number_of_streetlights": null, "distance_covered_by_streetlights": null, "canton": null, "market_name": null }, "geometry": { "type": "Point", "coordinates": [ 0.0, 0.0 ] } },
{ "type": "Feature", "properties": { "id": 667, "number": 85, "joint_subproject_number": 63, "title": "Réalisation d'un forage photovoltaïque", "type": "Forages photovoltaïques dans les communautés pour eau de boisson", "subproject_type_designation": "Subproject", "sector": "Eau–Hydraulique", "works_type": "Construction", "component": "COMPOSANTE 1.1", "projects": "COSO", "financiers": "Banque Mondiale", "status": "Réception définitive 100.0%", "current_status_of_the_site": "Réception définitive", "progress_percent": 100.0, "progress_value": 100.0, "estimated_cost": 20000000.0, "contract_amount_work_companies": 16610058.0, "total_contract_amount_paid": 16610058.0, "amount_of_the_care_and_maintenance_fund_expected": 250000.0, "care_and_maintenance_amount_on_village_account": 250000.0, "date_signature_contract_work_companies": "2023-03-03", "date_signature_contract_efme": null, "contract_companies_amount_for_efme": null, "date_signature_contract_controllers_in_SES": null, "date_of_signature_of_contract_for_construction_supervisors": null, "approval_date_cora": "2022-10-28", "launch_date": "2023-03-22", "expected_duration": 3.0, "expected_end_date": "2023-03-24", "work_completion_date": "2023-08-31", "date_of_technical_acceptance_of_work": "2023-08-31", "date_of_provisional_acceptance_of_work": "2023-08-31", "official_handover_date_to_community": "2024-12-19", "existence_of_maintenance_plan": true, "wave": "1", "number_of_classrooms": 0.0, "number_of_infrastructures": 1, "population": 735.0, "direct_beneficiaries_men": 311.0, "direct_beneficiaries_women": 424.0, "women_s_group": "True", "youth_group": "True", "breeders_farmers_group": "True", "ethnic_minority_group": "True", "date_of_organization_of_the_social_audit": "2024-05-15", "number_of_participants_m_in_social_audit": 27.0, "number_of_participants_w_in_social_audit": 69.0, "number_of_participants_t_in_social_audit": 96.0, "beneficiary_villages_count": 1, "beneficiary_villages": "3834", "list_of_villages_crossed_by_track_or_electrification": [ ], "infrastructure_changed": "True", "infrastructure_deleted": false, "level_of_achievement_donation_certificate": "Maire", "comments": null, "location_name": "NONLEDE", "latitude": 0.0, "longitude": 0.0, "hierarchy": "NONLEDE > CINKASSE > CINKASSE 1 > CINKASSE > SAVANES", "link_to_subproject": null, "depth_of_drilling": 73.6, "drilling_flow_rate": 14.13, "number_of_latrine_blocks": null, "has_latrine_blocs": null, "storage_capacity": null, "official_handover_date_to_sector": null, "length_of_the_track": null, "extension_length": null, "number_of_drinking_fountains": null, "estimated_number_of_beneficiaries": 700.0, "refugee_and_internally_displaced_persons_group": "True", "has_fence": null, "number_of_sections_of_track_developed": null, "amount_of_the_controllers_contract_in_SES": null, "amount_of_the_contract_for_construction_supervisors": null, "date_signature_contract_facilitator": null, "amount_of_the_facilitator_contract": null, "amount_spent_on_completing_the_infrastructure": null, "amount_spent_on_infrastructure_up_to_provisional_acceptance": null, "number_of_streetlights": null, "distance_covered_by_streetlights": null, "canton": null, "market_name": null }, "geometry": { "type": "Point", "coordinates": [ 0.0, 0.0 ] } },
{ "type": "Feature", "properties": { "id": 668, "number": 86, "joint_subproject_number": 64, "title": "Réalisation d'un forage photovoltaïque ", "type": "Forages photovoltaïques dans les communautés pour eau de boisson", "subproject_type_designation": "Subproject", "sector": "Eau–Hydraulique", "works_type": "Construction", "component": "COMPOSANTE 1.1", "projects": "COSO", "financiers": "Banque Mondiale", "status": "Réception provisoire 100.0%", "current_status_of_the_site": "Réception provisoire", "progress_percent": 100.0, "progress_value": 100.0, "estimated_cost": 20000000.0, "contract_amount_work_companies": 17926357.0, "total_contract_amount_paid": 17926357.0, "amount_of_the_care_and_maintenance_fund_expected": null, "care_and_maintenance_amount_on_village_account": 400000.0, "date_signature_contract_work_companies": "2023-03-08", "date_signature_contract_efme": null, "contract_companies_amount_for_efme": null, "date_signature_contract_controllers_in_SES": null, "date_of_signature_of_contract_for_construction_supervisors": null, "approval_date_cora": "2022-10-28", "launch_date": "2023-03-22", "expected_duration": 3.0, "expected_end_date": "2023-03-22", "work_completion_date": "2023-08-22", "date_of_technical_acceptance_of_work": null, "date_of_provisional_acceptance_of_work": "2023-08-22", "official_handover_date_to_community": null, "existence_of_maintenance_plan": false, "wave": "1", "number_of_classrooms": 0.0, "number_of_infrastructures": 1, "population": 2942.0, "direct_beneficiaries_men": 1036.0, "direct_beneficiaries_women": 1904.0, "women_s_group": "True", "youth_group": null, "breeders_farmers_group": "True", "ethnic_minority_group": "True", "date_of_organization_of_the_social_audit": "2024-05-08", "number_of_participants_m_in_social_audit": 21.0, "number_of_participants_w_in_social_audit": 64.0, "number_of_participants_t_in_social_audit": 85.0, "beneficiary_villages_count": 1, "beneficiary_villages": "3830", "list_of_villages_crossed_by_track_or_electrification": [ ], "infrastructure_changed": null, "infrastructure_deleted": false, "level_of_achievement_donation_certificate": "Maire", "comments": null, "location_name": "PIZOSGO 1", "latitude": 0.0, "longitude": 0.0, "hierarchy": "PIZOSGO 1 > CINKASSE > CINKASSE 1 > CINKASSE > SAVANES", "link_to_subproject": null, "depth_of_drilling": null, "drilling_flow_rate": 3.3, "number_of_latrine_blocks": null, "has_latrine_blocs": null, "storage_capacity": null, "official_handover_date_to_sector": null, "length_of_the_track": null, "extension_length": null, "number_of_drinking_fountains": null, "estimated_number_of_beneficiaries": 2924.0, "refugee_and_internally_displaced_persons_group": null, "has_fence": null, "number_of_sections_of_track_developed": null, "amount_of_the_controllers_contract_in_SES": null, "amount_of_the_contract_for_construction_supervisors": null, "date_signature_contract_facilitator": null, "amount_of_the_facilitator_contract": null, "amount_spent_on_completing_the_infrastructure": null, "amount_spent_on_infrastructure_up_to_provisional_acceptance": null, "number_of_streetlights": null, "distance_covered_by_streetlights": null, "canton": null, "market_name": null }, "geometry": { "type": "Point", "coordinates": [ 0.0, 0.0 ] } },
{ "type": "Feature", "properties": { "id": 671, "number": 89, "joint_subproject_number": 66, "title": "Réalisation d'un forage photovoltaïque", "type": "Forages photovoltaïques dans les communautés pour eau de boisson", "subproject_type_designation": "Subproject", "sector": "Eau–Hydraulique", "works_type": "Construction", "component": "COMPOSANTE 1.1", "projects": "COSO", "financiers": "Banque Mondiale", "status": "Remise de l'ouvrage à la communauté 100.0%", "current_status_of_the_site": "Réception définitive", "progress_percent": 100.0, "progress_value": 100.0, "estimated_cost": 20000000.0, "contract_amount_work_companies": 17059883.0, "total_contract_amount_paid": 17059883.0, "amount_of_the_care_and_maintenance_fund_expected": null, "care_and_maintenance_amount_on_village_account": 250000.0, "date_signature_contract_work_companies": "2023-03-01", "date_signature_contract_efme": null, "contract_companies_amount_for_efme": null, "date_signature_contract_controllers_in_SES": null, "date_of_signature_of_contract_for_construction_supervisors": null, "approval_date_cora": "2022-10-28", "launch_date": "2023-04-05", "expected_duration": 3.0, "expected_end_date": "2023-03-22", "work_completion_date": "2023-08-31", "date_of_technical_acceptance_of_work": null, "date_of_provisional_acceptance_of_work": "2023-08-31", "official_handover_date_to_community": "2025-02-14", "existence_of_maintenance_plan": false, "wave": "1", "number_of_classrooms": 0.0, "number_of_infrastructures": 1, "population": 2665.0, "direct_beneficiaries_men": 770.0, "direct_beneficiaries_women": 1895.0, "women_s_group": "True", "youth_group": "True", "breeders_farmers_group": "True", "ethnic_minority_group": "True", "date_of_organization_of_the_social_audit": "2024-03-09", "number_of_participants_m_in_social_audit": 47.0, "number_of_participants_w_in_social_audit": 86.0, "number_of_participants_t_in_social_audit": 133.0, "beneficiary_villages_count": 2, "beneficiary_villages": "3842; 3843", "list_of_villages_crossed_by_track_or_electrification": [ ], "infrastructure_changed": null, "infrastructure_deleted": false, "level_of_achievement_donation_certificate": "Maire", "comments": null, "location_name": "POGOYOGO 2", "latitude": 0.0, "longitude": 0.0, "hierarchy": "POGOYOGO 2 > CINKASSE > CINKASSE 1 > CINKASSE > SAVANES", "link_to_subproject": null, "depth_of_drilling": 64.4, "drilling_flow_rate": 14.0, "number_of_latrine_blocks": null, "has_latrine_blocs": null, "storage_capacity": null, "official_handover_date_to_sector": null, "length_of_the_track": null, "extension_length": null, "number_of_drinking_fountains": null, "estimated_number_of_beneficiaries": null, "refugee_and_internally_displaced_persons_group": "True", "has_fence": null, "number_of_sections_of_track_developed": null, "amount_of_the_controllers_contract_in_SES": null, "amount_of_the_contract_for_construction_supervisors": null, "date_signature_contract_facilitator": null, "amount_of_the_facilitator_contract": null, "amount_spent_on_completing_the_infrastructure": null, "amount_spent_on_infrastructure_up_to_provisional_acceptance": null, "number_of_streetlights": null, "distance_covered_by_streetlights": null, "canton": null, "market_name": null }, "geometry": { "type": "Point", "coordinates": [ 0.0, 0.0 ] } },
{ "type": "Feature", "properties": { "id": 673, "number": 91, "joint_subproject_number": 67, "title": "Construction deux blocs de latrines communautaires + forage photovoltaïque", "type": "Forages photovoltaïques dans les communautés pour eau de boisson", "subproject_type_designation": "Infrastructure", "sector": "Eau–Hydraulique", "works_type": "Construction", "component": "COMPOSANTE 1.1", "projects": "COSO", "financiers": "Banque Mondiale", "status": "Remise de l'ouvrage à la communauté 100.0%", "current_status_of_the_site": "Réception définitive", "progress_percent": 100.0, "progress_value": 100.0, "estimated_cost": 20000000.0, "contract_amount_work_companies": 12335470.0, "total_contract_amount_paid": 12335470.0, "amount_of_the_care_and_maintenance_fund_expected": null, "care_and_maintenance_amount_on_village_account": null, "date_signature_contract_work_companies": "2024-01-15", "date_signature_contract_efme": null, "contract_companies_amount_for_efme": null, "date_signature_contract_controllers_in_SES": null, "date_of_signature_of_contract_for_construction_supervisors": null, "approval_date_cora": "2022-10-28", "launch_date": "2024-01-28", "expected_duration": 3.0, "expected_end_date": "2024-04-28", "work_completion_date": "2024-04-03", "date_of_technical_acceptance_of_work": null, "date_of_provisional_acceptance_of_work": "2024-04-11", "official_handover_date_to_community": "2025-02-07", "existence_of_maintenance_plan": false, "wave": "1", "number_of_classrooms": 0.0, "number_of_infrastructures": 1, "population": 2452.0, "direct_beneficiaries_men": 1350.0, "direct_beneficiaries_women": 10102.0, "women_s_group": "True", "youth_group": "True", "breeders_farmers_group": "True", "ethnic_minority_group": "True", "date_of_organization_of_the_social_audit": "2024-10-05", "number_of_participants_m_in_social_audit": 21.0, "number_of_participants_w_in_social_audit": 33.0, "number_of_participants_t_in_social_audit": 54.0, "beneficiary_villages_count": 1, "beneficiary_villages": "3841", "list_of_villages_crossed_by_track_or_electrification": [ ], "infrastructure_changed": null, "infrastructure_deleted": false, "level_of_achievement_donation_certificate": "Maire", "comments": null, "location_name": "SIAMBIN", "latitude": 0.0, "longitude": 0.0, "hierarchy": "SIAMBIN > CINKASSE > CINKASSE 1 > CINKASSE > SAVANES", "link_to_subproject": 672.0, "depth_of_drilling": 55.1, "drilling_flow_rate": 4.5, "number_of_latrine_blocks": null, "has_latrine_blocs": null, "storage_capacity": null, "official_handover_date_to_sector": null, "length_of_the_track": null, "extension_length": null, "number_of_drinking_fountains": null, "estimated_number_of_beneficiaries": null, "refugee_and_internally_displaced_persons_group": null, "has_fence": null, "number_of_sections_of_track_developed": null, "amount_of_the_controllers_contract_in_SES": null, "amount_of_the_contract_for_construction_supervisors": null, "date_signature_contract_facilitator": null, "amount_of_the_facilitator_contract": null, "amount_spent_on_completing_the_infrastructure": null, "amount_spent_on_infrastructure_up_to_provisional_acceptance": null, "number_of_streetlights": null, "distance_covered_by_streetlights": null, "canton": null, "market_name": null }, "geometry": { "type": "Point", "coordinates": [ 0.0, 0.0 ] } },
{ "type": "Feature", "properties": { "id": 676, "number": 94, "joint_subproject_number": 70, "title": "Réalisation d'un forage photovoltaïque", "type": "Forages photovoltaïques dans les communautés pour eau de boisson", "subproject_type_designation": "Subproject", "sector": "Eau–Hydraulique", "works_type": "Construction", "component": "COMPOSANTE 1.1", "projects": "COSO", "financiers": "Banque Mondiale", "status": "Réception définitive 100.0%", "current_status_of_the_site": "Réception définitive", "progress_percent": 100.0, "progress_value": 100.0, "estimated_cost": 20000000.0, "contract_amount_work_companies": 17562917.0, "total_contract_amount_paid": 17562917.0, "amount_of_the_care_and_maintenance_fund_expected": null, "care_and_maintenance_amount_on_village_account": 250000.0, "date_signature_contract_work_companies": "2023-03-08", "date_signature_contract_efme": null, "contract_companies_amount_for_efme": null, "date_signature_contract_controllers_in_SES": null, "date_of_signature_of_contract_for_construction_supervisors": null, "approval_date_cora": "2022-10-28", "launch_date": "2023-03-22", "expected_duration": 3.0, "expected_end_date": "2023-06-21", "work_completion_date": "2023-08-23", "date_of_technical_acceptance_of_work": null, "date_of_provisional_acceptance_of_work": "2023-08-23", "official_handover_date_to_community": "2025-02-07", "existence_of_maintenance_plan": false, "wave": "1", "number_of_classrooms": 0.0, "number_of_infrastructures": 1, "population": 10152.0, "direct_beneficiaries_men": 624.0, "direct_beneficiaries_women": 991.0, "women_s_group": "True", "youth_group": null, "breeders_farmers_group": "True", "ethnic_minority_group": "True", "date_of_organization_of_the_social_audit": "2024-03-13", "number_of_participants_m_in_social_audit": 45.0, "number_of_participants_w_in_social_audit": 150.0, "number_of_participants_t_in_social_audit": 195.0, "beneficiary_villages_count": 3, "beneficiary_villages": "1982; 1984; 1985", "list_of_villages_crossed_by_track_or_electrification": [ ], "infrastructure_changed": null, "infrastructure_deleted": false, "level_of_achievement_donation_certificate": "Maire", "comments": null, "location_name": "SAYODE", "latitude": 11.07053, "longitude": 0.019593, "hierarchy": "SAYODE > CINKASSE > CINKASSE 1 > CINKASSE > SAVANES", "link_to_subproject": null, "depth_of_drilling": 64.0, "drilling_flow_rate": 4.5, "number_of_latrine_blocks": null, "has_latrine_blocs": null, "storage_capacity": null, "official_handover_date_to_sector": null, "length_of_the_track": null, "extension_length": null, "number_of_drinking_fountains": null, "estimated_number_of_beneficiaries": 500.0, "refugee_and_internally_displaced_persons_group": null, "has_fence": null, "number_of_sections_of_track_developed": null, "amount_of_the_controllers_contract_in_SES": null, "amount_of_the_contract_for_construction_supervisors": null, "date_signature_contract_facilitator": null, "amount_of_the_facilitator_contract": null, "amount_spent_on_completing_the_infrastructure": null, "amount_spent_on_infrastructure_up_to_provisional_acceptance": null, "number_of_streetlights": null, "distance_covered_by_streetlights": null, "canton": null, "market_name": null }, "geometry": { "type": "Point", "coordinates": [ 0.019593, 11.07053 ] } },
{ "type": "Feature", "properties": { "id": 677, "number": 95, "joint_subproject_number": 71, "title": "Réalisation d'un forage photovoltaïque", "type": "Forages photovoltaïques dans les communautés pour eau de boisson", "subproject_type_designation": "Subproject", "sector": "Eau–Hydraulique", "works_type": "Construction", "component": "COMPOSANTE 1.1", "projects": "COSO", "financiers": "Banque Mondiale", "status": "Réception définitive 100.0%", "current_status_of_the_site": "Réception définitive", "progress_percent": 100.0, "progress_value": 100.0, "estimated_cost": 20000000.0, "contract_amount_work_companies": 17926357.0, "total_contract_amount_paid": 17926357.0, "amount_of_the_care_and_maintenance_fund_expected": 250000.0, "care_and_maintenance_amount_on_village_account": 275000.0, "date_signature_contract_work_companies": "2023-03-08", "date_signature_contract_efme": null, "contract_companies_amount_for_efme": null, "date_signature_contract_controllers_in_SES": null, "date_of_signature_of_contract_for_construction_supervisors": null, "approval_date_cora": "2022-10-28", "launch_date": "2023-03-22", "expected_duration": 3.0, "expected_end_date": "2023-03-22", "work_completion_date": "2023-08-23", "date_of_technical_acceptance_of_work": "2023-08-23", "date_of_provisional_acceptance_of_work": "2023-08-23", "official_handover_date_to_community": "2025-02-06", "existence_of_maintenance_plan": true, "wave": "1", "number_of_classrooms": 0.0, "number_of_infrastructures": 1, "population": 1682.0, "direct_beneficiaries_men": 639.0, "direct_beneficiaries_women": 1043.0, "women_s_group": "True", "youth_group": "True", "breeders_farmers_group": "True", "ethnic_minority_group": "True", "date_of_organization_of_the_social_audit": "2024-03-20", "number_of_participants_m_in_social_audit": 28.0, "number_of_participants_w_in_social_audit": 67.0, "number_of_participants_t_in_social_audit": 95.0, "beneficiary_villages_count": 1, "beneficiary_villages": "1986", "list_of_villages_crossed_by_track_or_electrification": [ ], "infrastructure_changed": "True", "infrastructure_deleted": false, "level_of_achievement_donation_certificate": "Maire", "comments": null, "location_name": "TIMANGA (CINKASSE)", "latitude": 11.083669, "longitude": 0.031963, "hierarchy": "TIMANGA (CINKASSE) > CINKASSE > CINKASSE 1 > CINKASSE > SAVANES", "link_to_subproject": null, "depth_of_drilling": 64.0, "drilling_flow_rate": 4.32, "number_of_latrine_blocks": null, "has_latrine_blocs": null, "storage_capacity": null, "official_handover_date_to_sector": null, "length_of_the_track": null, "extension_length": null, "number_of_drinking_fountains": null, "estimated_number_of_beneficiaries": 1375.0, "refugee_and_internally_displaced_persons_group": "True", "has_fence": null, "number_of_sections_of_track_developed": null, "amount_of_the_controllers_contract_in_SES": null, "amount_of_the_contract_for_construction_supervisors": null, "date_signature_contract_facilitator": null, "amount_of_the_facilitator_contract": null, "amount_spent_on_completing_the_infrastructure": null, "amount_spent_on_infrastructure_up_to_provisional_acceptance": null, "number_of_streetlights": null, "distance_covered_by_streetlights": null, "canton": null, "market_name": null }, "geometry": { "type": "Point", "coordinates": [ 0.031963, 11.083669 ] } },
{ "type": "Feature", "properties": { "id": 679, "number": 97, "joint_subproject_number": 73, "title": "Réalisation d'un forage photovoltaïque", "type": "Forages photovoltaïques dans les communautés pour eau de boisson", "subproject_type_designation": "Subproject", "sector": "Eau–Hydraulique", "works_type": "Construction", "component": "COMPOSANTE 1.1", "projects": "COSO", "financiers": "Banque Mondiale", "status": "Réception définitive 100.0%", "current_status_of_the_site": "Réception définitive", "progress_percent": 100.0, "progress_value": 100.0, "estimated_cost": 20000000.0, "contract_amount_work_companies": 18340150.0, "total_contract_amount_paid": 18340150.0, "amount_of_the_care_and_maintenance_fund_expected": 250000.0, "care_and_maintenance_amount_on_village_account": 349600.0, "date_signature_contract_work_companies": "2023-03-08", "date_signature_contract_efme": null, "contract_companies_amount_for_efme": null, "date_signature_contract_controllers_in_SES": null, "date_of_signature_of_contract_for_construction_supervisors": null, "approval_date_cora": "2022-10-28", "launch_date": "2023-03-22", "expected_duration": 3.0, "expected_end_date": "2023-04-03", "work_completion_date": "2023-12-31", "date_of_technical_acceptance_of_work": "2024-10-02", "date_of_provisional_acceptance_of_work": "2024-10-02", "official_handover_date_to_community": "2025-02-13", "existence_of_maintenance_plan": true, "wave": "1", "number_of_classrooms": 0.0, "number_of_infrastructures": 1, "population": 926.0, "direct_beneficiaries_men": 347.0, "direct_beneficiaries_women": 579.0, "women_s_group": "True", "youth_group": "True", "breeders_farmers_group": "True", "ethnic_minority_group": "True", "date_of_organization_of_the_social_audit": "2024-10-09", "number_of_participants_m_in_social_audit": 16.0, "number_of_participants_w_in_social_audit": 51.0, "number_of_participants_t_in_social_audit": 67.0, "beneficiary_villages_count": 1, "beneficiary_villages": "1987", "list_of_villages_crossed_by_track_or_electrification": [ ], "infrastructure_changed": "True", "infrastructure_deleted": false, "level_of_achievement_donation_certificate": "Maire", "comments": "Géophysique", "location_name": "WOMNOGO", "latitude": 0.0, "longitude": 0.0, "hierarchy": "WOMNOGO > CINKASSE > CINKASSE 1 > CINKASSE > SAVANES", "link_to_subproject": null, "depth_of_drilling": 55.2, "drilling_flow_rate": 2.2, "number_of_latrine_blocks": null, "has_latrine_blocs": null, "storage_capacity": null, "official_handover_date_to_sector": null, "length_of_the_track": null, "extension_length": null, "number_of_drinking_fountains": null, "estimated_number_of_beneficiaries": 800.0, "refugee_and_internally_displaced_persons_group": "True", "has_fence": null, "number_of_sections_of_track_developed": null, "amount_of_the_controllers_contract_in_SES": null, "amount_of_the_contract_for_construction_supervisors": null, "date_signature_contract_facilitator": null, "amount_of_the_facilitator_contract": null, "amount_spent_on_completing_the_infrastructure": null, "amount_spent_on_infrastructure_up_to_provisional_acceptance": null, "number_of_streetlights": null, "distance_covered_by_streetlights": null, "canton": null, "market_name": null }, "geometry": { "type": "Point", "coordinates": [ 0.0, 0.0 ] } },
{ "type": "Feature", "properties": { "id": 680, "number": 98, "joint_subproject_number": 74, "title": "Réalisation d'un forage photovoltaïque", "type": "Forages photovoltaïques dans les communautés pour eau de boisson", "subproject_type_designation": "Subproject", "sector": "Eau–Hydraulique", "works_type": "Construction", "component": "COMPOSANTE 1.1", "projects": "COSO", "financiers": "Banque Mondiale", "status": "Remise de l'ouvrage à la communauté 100.0%", "current_status_of_the_site": "Réception définitive", "progress_percent": 100.0, "progress_value": 100.0, "estimated_cost": 20000000.0, "contract_amount_work_companies": 13788286.0, "total_contract_amount_paid": 13788286.0, "amount_of_the_care_and_maintenance_fund_expected": null, "care_and_maintenance_amount_on_village_account": 250000.0, "date_signature_contract_work_companies": "2023-03-09", "date_signature_contract_efme": null, "contract_companies_amount_for_efme": null, "date_signature_contract_controllers_in_SES": null, "date_of_signature_of_contract_for_construction_supervisors": null, "approval_date_cora": "2022-10-28", "launch_date": "2023-03-22", "expected_duration": 3.0, "expected_end_date": "2023-03-30", "work_completion_date": "2023-05-19", "date_of_technical_acceptance_of_work": null, "date_of_provisional_acceptance_of_work": "2023-05-19", "official_handover_date_to_community": "2025-03-25", "existence_of_maintenance_plan": false, "wave": "1", "number_of_classrooms": 0.0, "number_of_infrastructures": 1, "population": 854.0, "direct_beneficiaries_men": 342.0, "direct_beneficiaries_women": 512.0, "women_s_group": "True", "youth_group": null, "breeders_farmers_group": "True", "ethnic_minority_group": null, "date_of_organization_of_the_social_audit": "2024-05-31", "number_of_participants_m_in_social_audit": 22.0, "number_of_participants_w_in_social_audit": 42.0, "number_of_participants_t_in_social_audit": 64.0, "beneficiary_villages_count": 1, "beneficiary_villages": "3862", "list_of_villages_crossed_by_track_or_electrification": [ ], "infrastructure_changed": null, "infrastructure_deleted": false, "level_of_achievement_donation_certificate": "Maire", "comments": null, "location_name": "YIEGOU (CINKASSE)", "latitude": 11.098188, "longitude": 0.036734, "hierarchy": "YIEGOU (CINKASSE) > CINKASSE > CINKASSE 1 > CINKASSE > SAVANES", "link_to_subproject": null, "depth_of_drilling": 62.91, "drilling_flow_rate": 4.0, "number_of_latrine_blocks": null, "has_latrine_blocs": null, "storage_capacity": null, "official_handover_date_to_sector": null, "length_of_the_track": null, "extension_length": null, "number_of_drinking_fountains": null, "estimated_number_of_beneficiaries": 854.0, "refugee_and_internally_displaced_persons_group": null, "has_fence": null, "number_of_sections_of_track_developed": null, "amount_of_the_controllers_contract_in_SES": null, "amount_of_the_contract_for_construction_supervisors": null, "date_signature_contract_facilitator": null, "amount_of_the_facilitator_contract": null, "amount_spent_on_completing_the_infrastructure": null, "amount_spent_on_infrastructure_up_to_provisional_acceptance": null, "number_of_streetlights": null, "distance_covered_by_streetlights": null, "canton": null, "market_name": null }, "geometry": { "type": "Point", "coordinates": [ 0.036734, 11.098188 ] } },
{ "type": "Feature", "properties": { "id": 682, "number": 100, "joint_subproject_number": 76, "title": "Réalisation d'un forage photovoltaïque maraicher", "type": "Forages photovoltaïques pour les activités maraîchères", "subproject_type_designation": "Subproject", "sector": "Eau–Hydraulique", "works_type": "Construction", "component": "COMPOSANTE 1.1", "projects": "COSO", "financiers": "Banque Mondiale", "status": "Réception définitive 100.0%", "current_status_of_the_site": "Réception définitive", "progress_percent": 100.0, "progress_value": 100.0, "estimated_cost": 20000000.0, "contract_amount_work_companies": 17859025.0, "total_contract_amount_paid": 17859025.0, "amount_of_the_care_and_maintenance_fund_expected": null, "care_and_maintenance_amount_on_village_account": 50000.0, "date_signature_contract_work_companies": "2022-12-16", "date_signature_contract_efme": null, "contract_companies_amount_for_efme": null, "date_signature_contract_controllers_in_SES": "2022-12-16", "date_of_signature_of_contract_for_construction_supervisors": "2022-12-16", "approval_date_cora": "2022-10-28", "launch_date": "2023-03-16", "expected_duration": 3.0, "expected_end_date": "2023-05-31", "work_completion_date": "2023-04-18", "date_of_technical_acceptance_of_work": null, "date_of_provisional_acceptance_of_work": "2023-04-18", "official_handover_date_to_community": "2024-08-22", "existence_of_maintenance_plan": false, "wave": "1", "number_of_classrooms": 0.0, "number_of_infrastructures": 1, "population": 650.0, "direct_beneficiaries_men": 312.0, "direct_beneficiaries_women": 338.0, "women_s_group": "True", "youth_group": "True", "breeders_farmers_group": null, "ethnic_minority_group": "True", "date_of_organization_of_the_social_audit": "2024-05-07", "number_of_participants_m_in_social_audit": 21.0, "number_of_participants_w_in_social_audit": 28.0, "number_of_participants_t_in_social_audit": 49.0, "beneficiary_villages_count": 1, "beneficiary_villages": "1989", "list_of_villages_crossed_by_track_or_electrification": [ ], "infrastructure_changed": null, "infrastructure_deleted": false, "level_of_achievement_donation_certificate": "Maire", "comments": null, "location_name": "BINGOULA", "latitude": 11.1176724, "longitude": -0.081247, "hierarchy": "BINGOULA > GNOAGA > CINKASSE 1 > CINKASSE > SAVANES", "link_to_subproject": null, "depth_of_drilling": 101.0, "drilling_flow_rate": 6.2, "number_of_latrine_blocks": null, "has_latrine_blocs": null, "storage_capacity": null, "official_handover_date_to_sector": null, "length_of_the_track": null, "extension_length": null, "number_of_drinking_fountains": null, "estimated_number_of_beneficiaries": null, "refugee_and_internally_displaced_persons_group": null, "has_fence": null, "number_of_sections_of_track_developed": null, "amount_of_the_controllers_contract_in_SES": 200000.0, "amount_of_the_contract_for_construction_supervisors": 301333.0, "date_signature_contract_facilitator": "2022-08-01", "amount_of_the_facilitator_contract": 300000.0, "amount_spent_on_completing_the_infrastructure": null, "amount_spent_on_infrastructure_up_to_provisional_acceptance": null, "number_of_streetlights": null, "distance_covered_by_streetlights": null, "canton": null, "market_name": null }, "geometry": { "type": "Point", "coordinates": [ -0.081247, 11.1176724 ] } },
{ "type": "Feature", "properties": { "id": 683, "number": 101, "joint_subproject_number": 77, "title": "Réalisation d'un forage photovoltaïque ", "type": "Forages photovoltaïques pour les activités maraîchères", "subproject_type_designation": "Subproject", "sector": "Eau–Hydraulique", "works_type": "Construction", "component": "COMPOSANTE 1.1", "projects": "COSO", "financiers": "Banque Mondiale", "status": "Remise de l'ouvrage à la communauté 100.0%", "current_status_of_the_site": "Réception définitive", "progress_percent": 100.0, "progress_value": 100.0, "estimated_cost": 30000000.0, "contract_amount_work_companies": 14278000.0, "total_contract_amount_paid": 14278000.0, "amount_of_the_care_and_maintenance_fund_expected": null, "care_and_maintenance_amount_on_village_account": 48000.0, "date_signature_contract_work_companies": "2023-07-18", "date_signature_contract_efme": null, "contract_companies_amount_for_efme": null, "date_signature_contract_controllers_in_SES": null, "date_of_signature_of_contract_for_construction_supervisors": null, "approval_date_cora": "2022-10-28", "launch_date": "2023-11-02", "expected_duration": 3.0, "expected_end_date": "2023-11-22", "work_completion_date": "2024-02-01", "date_of_technical_acceptance_of_work": null, "date_of_provisional_acceptance_of_work": "2024-02-15", "official_handover_date_to_community": "2025-04-03", "existence_of_maintenance_plan": false, "wave": "1", "number_of_classrooms": 0.0, "number_of_infrastructures": 1, "population": 750.0, "direct_beneficiaries_men": 368.0, "direct_beneficiaries_women": 382.0, "women_s_group": "True", "youth_group": null, "breeders_farmers_group": null, "ethnic_minority_group": null, "date_of_organization_of_the_social_audit": "2024-04-23", "number_of_participants_m_in_social_audit": 31.0, "number_of_participants_w_in_social_audit": 47.0, "number_of_participants_t_in_social_audit": 78.0, "beneficiary_villages_count": 1, "beneficiary_villages": "1991", "list_of_villages_crossed_by_track_or_electrification": [ ], "infrastructure_changed": null, "infrastructure_deleted": false, "level_of_achievement_donation_certificate": "Maire", "comments": null, "location_name": "GANGA", "latitude": null, "longitude": null, "hierarchy": "GANGA > GNOAGA > CINKASSE 1 > CINKASSE > SAVANES", "link_to_subproject": null, "depth_of_drilling": null, "drilling_flow_rate": null, "number_of_latrine_blocks": null, "has_latrine_blocs": null, "storage_capacity": null, "official_handover_date_to_sector": null, "length_of_the_track": null, "extension_length": null, "number_of_drinking_fountains": null, "estimated_number_of_beneficiaries": null, "refugee_and_internally_displaced_persons_group": null, "has_fence": null, "number_of_sections_of_track_developed": null, "amount_of_the_controllers_contract_in_SES": null, "amount_of_the_contract_for_construction_supervisors": null, "date_signature_contract_facilitator": null, "amount_of_the_facilitator_contract": null, "amount_spent_on_completing_the_infrastructure": null, "amount_spent_on_infrastructure_up_to_provisional_acceptance": null, "number_of_streetlights": null, "distance_covered_by_streetlights": null, "canton": null, "market_name": null }, "geometry": null },
{ "type": "Feature", "properties": { "id": 685, "number": 103, "joint_subproject_number": 78, "title": "Construction d'un centre communautaire avec charpente métallique + forage photovoltaïque à GNOAGA CENTRE", "type": "Forage Photovoltaïque (Centre communautaire)", "subproject_type_designation": "Infrastructure", "sector": "Eau–Hydraulique", "works_type": "Construction", "component": "COMPOSANTE 1.1", "projects": "COSO", "financiers": "Banque Mondiale", "status": "Réception définitive 100.0%", "current_status_of_the_site": "Réception définitive", "progress_percent": 100.0, "progress_value": 100.0, "estimated_cost": 20000000.0, "contract_amount_work_companies": 18275374.0, "total_contract_amount_paid": 18275374.0, "amount_of_the_care_and_maintenance_fund_expected": null, "care_and_maintenance_amount_on_village_account": null, "date_signature_contract_work_companies": "2023-03-08", "date_signature_contract_efme": null, "contract_companies_amount_for_efme": null, "date_signature_contract_controllers_in_SES": null, "date_of_signature_of_contract_for_construction_supervisors": null, "approval_date_cora": "2022-10-28", "launch_date": "2023-03-22", "expected_duration": 3.0, "expected_end_date": "2023-06-22", "work_completion_date": "2023-08-30", "date_of_technical_acceptance_of_work": null, "date_of_provisional_acceptance_of_work": "2023-08-30", "official_handover_date_to_community": "2025-12-03", "existence_of_maintenance_plan": false, "wave": "1", "number_of_classrooms": 0.0, "number_of_infrastructures": 1, "population": 593.0, "direct_beneficiaries_men": 199.0, "direct_beneficiaries_women": 394.0, "women_s_group": "True", "youth_group": "True", "breeders_farmers_group": "True", "ethnic_minority_group": "True", "date_of_organization_of_the_social_audit": "2024-04-18", "number_of_participants_m_in_social_audit": 25.0, "number_of_participants_w_in_social_audit": 29.0, "number_of_participants_t_in_social_audit": 54.0, "beneficiary_villages_count": 2, "beneficiary_villages": "1990; 1992", "list_of_villages_crossed_by_track_or_electrification": [ ], "infrastructure_changed": "True", "infrastructure_deleted": false, "level_of_achievement_donation_certificate": "Maire", "comments": "Prof:102,00 m débit 5,6 m3/h", "location_name": "GNOAGA CENTRE", "latitude": 11.105457, "longitude": -0.103617, "hierarchy": "GNOAGA CENTRE > GNOAGA > CINKASSE 1 > CINKASSE > SAVANES", "link_to_subproject": 684.0, "depth_of_drilling": 102.0, "drilling_flow_rate": 5.6, "number_of_latrine_blocks": null, "has_latrine_blocs": null, "storage_capacity": null, "official_handover_date_to_sector": null, "length_of_the_track": null, "extension_length": null, "number_of_drinking_fountains": null, "estimated_number_of_beneficiaries": 593.0, "refugee_and_internally_displaced_persons_group": null, "has_fence": null, "number_of_sections_of_track_developed": null, "amount_of_the_controllers_contract_in_SES": null, "amount_of_the_contract_for_construction_supervisors": null, "date_signature_contract_facilitator": null, "amount_of_the_facilitator_contract": null, "amount_spent_on_completing_the_infrastructure": null, "amount_spent_on_infrastructure_up_to_provisional_acceptance": null, "number_of_streetlights": null, "distance_covered_by_streetlights": null, "canton": null, "market_name": null }, "geometry": { "type": "Point", "coordinates": [ -0.103617, 11.105457 ] } },
{ "type": "Feature", "properties": { "id": 688, "number": 106, "joint_subproject_number": 81, "title": "Réalisation d'un forage photovoltaïque maraicher", "type": "Forages photovoltaïques pour les activités maraîchères", "subproject_type_designation": "Subproject", "sector": "Eau–Hydraulique", "works_type": "Construction", "component": "COMPOSANTE 1.1", "projects": "COSO", "financiers": "Banque Mondiale", "status": "Réception définitive 100.0%", "current_status_of_the_site": "Réception définitive", "progress_percent": 100.0, "progress_value": 100.0, "estimated_cost": 20000000.0, "contract_amount_work_companies": 14061476.0, "total_contract_amount_paid": 14061476.0, "amount_of_the_care_and_maintenance_fund_expected": null, "care_and_maintenance_amount_on_village_account": 268000.0, "date_signature_contract_work_companies": "2022-11-01", "date_signature_contract_efme": null, "contract_companies_amount_for_efme": null, "date_signature_contract_controllers_in_SES": "2022-11-01", "date_of_signature_of_contract_for_construction_supervisors": "2022-11-01", "approval_date_cora": "2022-10-28", "launch_date": "2023-01-30", "expected_duration": 3.0, "expected_end_date": "2023-01-30", "work_completion_date": "2023-03-09", "date_of_technical_acceptance_of_work": null, "date_of_provisional_acceptance_of_work": "2023-03-09", "official_handover_date_to_community": "2024-08-22", "existence_of_maintenance_plan": false, "wave": "1", "number_of_classrooms": 0.0, "number_of_infrastructures": 1, "population": 271.0, "direct_beneficiaries_men": 130.0, "direct_beneficiaries_women": 141.0, "women_s_group": "True", "youth_group": "True", "breeders_farmers_group": "True", "ethnic_minority_group": "True", "date_of_organization_of_the_social_audit": "2024-04-24", "number_of_participants_m_in_social_audit": 17.0, "number_of_participants_w_in_social_audit": 26.0, "number_of_participants_t_in_social_audit": 43.0, "beneficiary_villages_count": 2, "beneficiary_villages": "1994; 1997", "list_of_villages_crossed_by_track_or_electrification": [ ], "infrastructure_changed": null, "infrastructure_deleted": false, "level_of_achievement_donation_certificate": "Maire", "comments": "Attente pour correction des réserves", "location_name": "YOUMAKOU", "latitude": 11.099301, "longitude": -0.10443, "hierarchy": "YOUMAKOU > GNOAGA > CINKASSE 1 > CINKASSE > SAVANES", "link_to_subproject": null, "depth_of_drilling": 65.0, "drilling_flow_rate": 4.6, "number_of_latrine_blocks": null, "has_latrine_blocs": null, "storage_capacity": null, "official_handover_date_to_sector": null, "length_of_the_track": null, "extension_length": null, "number_of_drinking_fountains": null, "estimated_number_of_beneficiaries": null, "refugee_and_internally_displaced_persons_group": null, "has_fence": null, "number_of_sections_of_track_developed": null, "amount_of_the_controllers_contract_in_SES": 256041.0, "amount_of_the_contract_for_construction_supervisors": 301333.0, "date_signature_contract_facilitator": "2022-08-01", "amount_of_the_facilitator_contract": 300000.0, "amount_spent_on_completing_the_infrastructure": null, "amount_spent_on_infrastructure_up_to_provisional_acceptance": null, "number_of_streetlights": null, "distance_covered_by_streetlights": null, "canton": null, "market_name": null }, "geometry": { "type": "Point", "coordinates": [ -0.10443, 11.099301 ] } },
{ "type": "Feature", "properties": { "id": 691, "number": 109, "joint_subproject_number": 84, "title": "Réalisation d'un forage photovoltaïque", "type": "Forages photovoltaïques dans les communautés pour eau de boisson", "subproject_type_designation": "Subproject", "sector": "Eau–Hydraulique", "works_type": "Construction", "component": "COMPOSANTE 1.1", "projects": "COSO", "financiers": "Banque Mondiale", "status": "Réception définitive 100.0%", "current_status_of_the_site": "Réception définitive", "progress_percent": 100.0, "progress_value": 100.0, "estimated_cost": 20000000.0, "contract_amount_work_companies": 21204016.0, "total_contract_amount_paid": 21204016.0, "amount_of_the_care_and_maintenance_fund_expected": null, "care_and_maintenance_amount_on_village_account": 40000.0, "date_signature_contract_work_companies": "2022-11-01", "date_signature_contract_efme": null, "contract_companies_amount_for_efme": 14061476.0, "date_signature_contract_controllers_in_SES": "2022-11-01", "date_of_signature_of_contract_for_construction_supervisors": "2022-11-01", "approval_date_cora": "2022-10-28", "launch_date": "2023-01-30", "expected_duration": 3.0, "expected_end_date": "2023-01-30", "work_completion_date": "2023-03-09", "date_of_technical_acceptance_of_work": null, "date_of_provisional_acceptance_of_work": "2023-03-09", "official_handover_date_to_community": "2025-08-20", "existence_of_maintenance_plan": true, "wave": "1", "number_of_classrooms": 0.0, "number_of_infrastructures": 1, "population": 460.0, "direct_beneficiaries_men": 230.0, "direct_beneficiaries_women": 230.0, "women_s_group": "True", "youth_group": "True", "breeders_farmers_group": "True", "ethnic_minority_group": "True", "date_of_organization_of_the_social_audit": "2024-03-04", "number_of_participants_m_in_social_audit": 46.0, "number_of_participants_w_in_social_audit": 69.0, "number_of_participants_t_in_social_audit": 115.0, "beneficiary_villages_count": 1, "beneficiary_villages": "2001", "list_of_villages_crossed_by_track_or_electrification": [ ], "infrastructure_changed": null, "infrastructure_deleted": false, "level_of_achievement_donation_certificate": "Maire", "comments": "Attente pour correction des réserves", "location_name": "KOKNOGO", "latitude": 0.0, "longitude": 0.0, "hierarchy": "KOKNOGO > GOULOUNGOUSSI > CINKASSE 1 > CINKASSE > SAVANES", "link_to_subproject": null, "depth_of_drilling": 100.0, "drilling_flow_rate": 2.27, "number_of_latrine_blocks": null, "has_latrine_blocs": null, "storage_capacity": null, "official_handover_date_to_sector": null, "length_of_the_track": null, "extension_length": null, "number_of_drinking_fountains": null, "estimated_number_of_beneficiaries": 460.0, "refugee_and_internally_displaced_persons_group": "True", "has_fence": null, "number_of_sections_of_track_developed": null, "amount_of_the_controllers_contract_in_SES": 256041.0, "amount_of_the_contract_for_construction_supervisors": 301333.0, "date_signature_contract_facilitator": "2022-08-01", "amount_of_the_facilitator_contract": 300000.0, "amount_spent_on_completing_the_infrastructure": null, "amount_spent_on_infrastructure_up_to_provisional_acceptance": null, "number_of_streetlights": null, "distance_covered_by_streetlights": null, "canton": null, "market_name": null }, "geometry": { "type": "Point", "coordinates": [ 0.0, 0.0 ] } },
{ "type": "Feature", "properties": { "id": 693, "number": 111, "joint_subproject_number": 86, "title": "Réalisation d'un forage photovoltaïque ", "type": "Forages photovoltaïques dans les communautés pour eau de boisson", "subproject_type_designation": "Subproject", "sector": "Eau–Hydraulique", "works_type": "Construction", "component": "COMPOSANTE 1.1", "projects": "COSO", "financiers": "Banque Mondiale", "status": "Réception définitive 100.0%", "current_status_of_the_site": "Réception définitive", "progress_percent": 100.0, "progress_value": 100.0, "estimated_cost": 20000000.0, "contract_amount_work_companies": 17272439.0, "total_contract_amount_paid": 17272439.0, "amount_of_the_care_and_maintenance_fund_expected": null, "care_and_maintenance_amount_on_village_account": 220000.0, "date_signature_contract_work_companies": "2023-03-08", "date_signature_contract_efme": null, "contract_companies_amount_for_efme": null, "date_signature_contract_controllers_in_SES": null, "date_of_signature_of_contract_for_construction_supervisors": null, "approval_date_cora": "2022-10-28", "launch_date": "2023-03-22", "expected_duration": 3.0, "expected_end_date": "2023-06-22", "work_completion_date": "2023-09-14", "date_of_technical_acceptance_of_work": null, "date_of_provisional_acceptance_of_work": "2023-09-14", "official_handover_date_to_community": "2025-06-19", "existence_of_maintenance_plan": false, "wave": "1", "number_of_classrooms": 0.0, "number_of_infrastructures": 1, "population": 900.0, "direct_beneficiaries_men": 261.0, "direct_beneficiaries_women": 293.0, "women_s_group": "True", "youth_group": "True", "breeders_farmers_group": "True", "ethnic_minority_group": "True", "date_of_organization_of_the_social_audit": "2024-04-14", "number_of_participants_m_in_social_audit": 24.0, "number_of_participants_w_in_social_audit": 32.0, "number_of_participants_t_in_social_audit": 56.0, "beneficiary_villages_count": 1, "beneficiary_villages": "2003", "list_of_villages_crossed_by_track_or_electrification": [ ], "infrastructure_changed": null, "infrastructure_deleted": false, "level_of_achievement_donation_certificate": null, "comments": "Prof:97,96 m débit 5,4 m3/h", "location_name": "KODINZOAGA", "latitude": 11.139244, "longitude": -0.113093, "hierarchy": "KODINZOAGA > GOULOUNGOUSSI > CINKASSE 1 > CINKASSE > SAVANES", "link_to_subproject": null, "depth_of_drilling": null, "drilling_flow_rate": null, "number_of_latrine_blocks": null, "has_latrine_blocs": null, "storage_capacity": null, "official_handover_date_to_sector": null, "length_of_the_track": null, "extension_length": null, "number_of_drinking_fountains": null, "estimated_number_of_beneficiaries": 800.0, "refugee_and_internally_displaced_persons_group": null, "has_fence": null, "number_of_sections_of_track_developed": null, "amount_of_the_controllers_contract_in_SES": null, "amount_of_the_contract_for_construction_supervisors": null, "date_signature_contract_facilitator": null, "amount_of_the_facilitator_contract": null, "amount_spent_on_completing_the_infrastructure": null, "amount_spent_on_infrastructure_up_to_provisional_acceptance": null, "number_of_streetlights": null, "distance_covered_by_streetlights": null, "canton": null, "market_name": null }, "geometry": { "type": "Point", "coordinates": [ -0.113093, 11.139244 ] } },
{ "type": "Feature", "properties": { "id": 695, "number": 113, "joint_subproject_number": 87, "title": "Construction d'un centre communautaire avec charpente métallique + forage photovoltaïque à KOULTAMSÉ", "type": "Forage Photovoltaïque (Centre communautaire)", "subproject_type_designation": "Infrastructure", "sector": "Eau–Hydraulique", "works_type": "Construction", "component": "COMPOSANTE 1.1", "projects": "COSO", "financiers": "Banque Mondiale", "status": "Remise de l'ouvrage à la communauté 100.0%", "current_status_of_the_site": "Réception définitive", "progress_percent": 100.0, "progress_value": 100.0, "estimated_cost": 20000000.0, "contract_amount_work_companies": 17808357.0, "total_contract_amount_paid": 17808357.0, "amount_of_the_care_and_maintenance_fund_expected": null, "care_and_maintenance_amount_on_village_account": null, "date_signature_contract_work_companies": "2023-03-08", "date_signature_contract_efme": null, "contract_companies_amount_for_efme": null, "date_signature_contract_controllers_in_SES": "2022-11-01", "date_of_signature_of_contract_for_construction_supervisors": null, "approval_date_cora": "2022-10-28", "launch_date": "2023-03-22", "expected_duration": 3.0, "expected_end_date": "2023-06-22", "work_completion_date": "2023-08-04", "date_of_technical_acceptance_of_work": null, "date_of_provisional_acceptance_of_work": "2023-08-04", "official_handover_date_to_community": "2025-05-16", "existence_of_maintenance_plan": false, "wave": "1", "number_of_classrooms": 0.0, "number_of_infrastructures": 1, "population": 654.0, "direct_beneficiaries_men": 224.0, "direct_beneficiaries_women": 282.0, "women_s_group": "True", "youth_group": "True", "breeders_farmers_group": "True", "ethnic_minority_group": "True", "date_of_organization_of_the_social_audit": "2024-03-08", "number_of_participants_m_in_social_audit": 32.0, "number_of_participants_w_in_social_audit": 52.0, "number_of_participants_t_in_social_audit": 84.0, "beneficiary_villages_count": 1, "beneficiary_villages": "2004", "list_of_villages_crossed_by_track_or_electrification": [ ], "infrastructure_changed": "True", "infrastructure_deleted": false, "level_of_achievement_donation_certificate": "Maire", "comments": null, "location_name": "KOULTAMSÉ", "latitude": 11.125092, "longitude": -0.110754, "hierarchy": "KOULTAMSÉ > GOULOUNGOUSSI > CINKASSE 1 > CINKASSE > SAVANES", "link_to_subproject": 694.0, "depth_of_drilling": null, "drilling_flow_rate": null, "number_of_latrine_blocks": null, "has_latrine_blocs": null, "storage_capacity": null, "official_handover_date_to_sector": null, "length_of_the_track": null, "extension_length": null, "number_of_drinking_fountains": null, "estimated_number_of_beneficiaries": null, "refugee_and_internally_displaced_persons_group": "True", "has_fence": null, "number_of_sections_of_track_developed": null, "amount_of_the_controllers_contract_in_SES": null, "amount_of_the_contract_for_construction_supervisors": null, "date_signature_contract_facilitator": null, "amount_of_the_facilitator_contract": null, "amount_spent_on_completing_the_infrastructure": null, "amount_spent_on_infrastructure_up_to_provisional_acceptance": null, "number_of_streetlights": null, "distance_covered_by_streetlights": null, "canton": null, "market_name": null }, "geometry": { "type": "Point", "coordinates": [ -0.110754, 11.125092 ] } },
{ "type": "Feature", "properties": { "id": 696, "number": 114, "joint_subproject_number": 88, "title": "Réalisation d'un forage photovoltaïque", "type": "Forages photovoltaïques dans les communautés pour eau de boisson", "subproject_type_designation": "Subproject", "sector": "Eau–Hydraulique", "works_type": "Construction", "component": "COMPOSANTE 1.1", "projects": "COSO", "financiers": "Banque Mondiale", "status": "Remise de l'ouvrage à la communauté 100.0%", "current_status_of_the_site": "Réception définitive", "progress_percent": 100.0, "progress_value": 100.0, "estimated_cost": 20000000.0, "contract_amount_work_companies": 14061476.0, "total_contract_amount_paid": 14061476.0, "amount_of_the_care_and_maintenance_fund_expected": 250000.0, "care_and_maintenance_amount_on_village_account": 65000.0, "date_signature_contract_work_companies": "2022-11-01", "date_signature_contract_efme": "2024-10-25", "contract_companies_amount_for_efme": null, "date_signature_contract_controllers_in_SES": "2022-11-01", "date_of_signature_of_contract_for_construction_supervisors": "2022-11-01", "approval_date_cora": "2022-10-28", "launch_date": "2023-01-30", "expected_duration": 3.0, "expected_end_date": "2023-01-30", "work_completion_date": "2023-03-09", "date_of_technical_acceptance_of_work": null, "date_of_provisional_acceptance_of_work": "2023-03-09", "official_handover_date_to_community": "2024-08-22", "existence_of_maintenance_plan": true, "wave": "1", "number_of_classrooms": 0.0, "number_of_infrastructures": 1, "population": 543.0, "direct_beneficiaries_men": 223.0, "direct_beneficiaries_women": 420.0, "women_s_group": "True", "youth_group": "True", "breeders_farmers_group": "True", "ethnic_minority_group": "True", "date_of_organization_of_the_social_audit": "2024-03-10", "number_of_participants_m_in_social_audit": 20.0, "number_of_participants_w_in_social_audit": 43.0, "number_of_participants_t_in_social_audit": 63.0, "beneficiary_villages_count": 1, "beneficiary_villages": "3845", "list_of_villages_crossed_by_track_or_electrification": [ ], "infrastructure_changed": null, "infrastructure_deleted": false, "level_of_achievement_donation_certificate": "Maire", "comments": "Attente pour correction des réserves", "location_name": "LANGANDE", "latitude": 0.0, "longitude": 0.0, "hierarchy": "LANGANDE > GOULOUNGOUSSI > CINKASSE 1 > CINKASSE > SAVANES", "link_to_subproject": null, "depth_of_drilling": 75.0, "drilling_flow_rate": 5.14, "number_of_latrine_blocks": null, "has_latrine_blocs": null, "storage_capacity": null, "official_handover_date_to_sector": null, "length_of_the_track": null, "extension_length": null, "number_of_drinking_fountains": null, "estimated_number_of_beneficiaries": 543.0, "refugee_and_internally_displaced_persons_group": "True", "has_fence": null, "number_of_sections_of_track_developed": null, "amount_of_the_controllers_contract_in_SES": 256041.0, "amount_of_the_contract_for_construction_supervisors": 301333.0, "date_signature_contract_facilitator": "2022-08-01", "amount_of_the_facilitator_contract": 300000.0, "amount_spent_on_completing_the_infrastructure": null, "amount_spent_on_infrastructure_up_to_provisional_acceptance": null, "number_of_streetlights": null, "distance_covered_by_streetlights": null, "canton": null, "market_name": null }, "geometry": { "type": "Point", "coordinates": [ 0.0, 0.0 ] } },
{ "type": "Feature", "properties": { "id": 697, "number": 115, "joint_subproject_number": 89, "title": "Réalisation d'un forage photovoltaïque ", "type": "Forages photovoltaïques dans les communautés pour eau de boisson", "subproject_type_designation": "Subproject", "sector": "Eau–Hydraulique", "works_type": "Construction", "component": "COMPOSANTE 1.1", "projects": "COSO", "financiers": "Banque Mondiale", "status": "Réception définitive 100.0%", "current_status_of_the_site": "Réception définitive", "progress_percent": 100.0, "progress_value": 100.0, "estimated_cost": 20000000.0, "contract_amount_work_companies": 16857277.0, "total_contract_amount_paid": 16857277.0, "amount_of_the_care_and_maintenance_fund_expected": null, "care_and_maintenance_amount_on_village_account": 180000.0, "date_signature_contract_work_companies": "2023-03-22", "date_signature_contract_efme": null, "contract_companies_amount_for_efme": 16857277.0, "date_signature_contract_controllers_in_SES": "2022-11-01", "date_of_signature_of_contract_for_construction_supervisors": null, "approval_date_cora": "2022-10-28", "launch_date": "2023-04-05", "expected_duration": 3.0, "expected_end_date": "2023-07-05", "work_completion_date": "2023-11-17", "date_of_technical_acceptance_of_work": null, "date_of_provisional_acceptance_of_work": "2023-11-17", "official_handover_date_to_community": "2025-05-16", "existence_of_maintenance_plan": false, "wave": "1", "number_of_classrooms": 0.0, "number_of_infrastructures": 1, "population": 329.0, "direct_beneficiaries_men": 74.0, "direct_beneficiaries_women": 76.0, "women_s_group": "True", "youth_group": "True", "breeders_farmers_group": "True", "ethnic_minority_group": "True", "date_of_organization_of_the_social_audit": "2024-05-08", "number_of_participants_m_in_social_audit": 17.0, "number_of_participants_w_in_social_audit": 36.0, "number_of_participants_t_in_social_audit": 53.0, "beneficiary_villages_count": 1, "beneficiary_villages": "3844", "list_of_villages_crossed_by_track_or_electrification": [ ], "infrastructure_changed": "True", "infrastructure_deleted": false, "level_of_achievement_donation_certificate": "Chef Canton", "comments": null, "location_name": "SINOGO", "latitude": 11.125092, "longitude": -0.110754, "hierarchy": "SINOGO > GOULOUNGOUSSI > CINKASSE 1 > CINKASSE > SAVANES", "link_to_subproject": null, "depth_of_drilling": null, "drilling_flow_rate": null, "number_of_latrine_blocks": null, "has_latrine_blocs": null, "storage_capacity": null, "official_handover_date_to_sector": null, "length_of_the_track": null, "extension_length": null, "number_of_drinking_fountains": null, "estimated_number_of_beneficiaries": null, "refugee_and_internally_displaced_persons_group": null, "has_fence": null, "number_of_sections_of_track_developed": null, "amount_of_the_controllers_contract_in_SES": null, "amount_of_the_contract_for_construction_supervisors": null, "date_signature_contract_facilitator": null, "amount_of_the_facilitator_contract": null, "amount_spent_on_completing_the_infrastructure": null, "amount_spent_on_infrastructure_up_to_provisional_acceptance": null, "number_of_streetlights": null, "distance_covered_by_streetlights": null, "canton": null, "market_name": null }, "geometry": { "type": "Point", "coordinates": [ -0.110754, 11.125092 ] } },
{ "type": "Feature", "properties": { "id": 698, "number": 116, "joint_subproject_number": 90, "title": "Réalisation d'un forage photovoltaïque ", "type": "Forages photovoltaïques dans les communautés pour eau de boisson", "subproject_type_designation": "Subproject", "sector": "Eau–Hydraulique", "works_type": "Construction", "component": "COMPOSANTE 1.1", "projects": "COSO", "financiers": "Banque Mondiale", "status": "Réception définitive 100.0%", "current_status_of_the_site": "Réception définitive", "progress_percent": 100.0, "progress_value": 100.0, "estimated_cost": 20000000.0, "contract_amount_work_companies": 18275374.0, "total_contract_amount_paid": 18275374.0, "amount_of_the_care_and_maintenance_fund_expected": null, "care_and_maintenance_amount_on_village_account": 250000.0, "date_signature_contract_work_companies": "2023-03-08", "date_signature_contract_efme": null, "contract_companies_amount_for_efme": null, "date_signature_contract_controllers_in_SES": "2022-11-01", "date_of_signature_of_contract_for_construction_supervisors": null, "approval_date_cora": "2022-10-28", "launch_date": "2023-03-22", "expected_duration": 3.0, "expected_end_date": "2023-06-22", "work_completion_date": "2023-08-16", "date_of_technical_acceptance_of_work": null, "date_of_provisional_acceptance_of_work": "2023-08-16", "official_handover_date_to_community": "2025-12-03", "existence_of_maintenance_plan": true, "wave": "1", "number_of_classrooms": 0.0, "number_of_infrastructures": 1, "population": 341.0, "direct_beneficiaries_men": 164.0, "direct_beneficiaries_women": 177.0, "women_s_group": "True", "youth_group": "True", "breeders_farmers_group": "True", "ethnic_minority_group": "True", "date_of_organization_of_the_social_audit": "2024-03-08", "number_of_participants_m_in_social_audit": 29.0, "number_of_participants_w_in_social_audit": 41.0, "number_of_participants_t_in_social_audit": 70.0, "beneficiary_villages_count": 1, "beneficiary_villages": "2005", "list_of_villages_crossed_by_track_or_electrification": [ ], "infrastructure_changed": "True", "infrastructure_deleted": false, "level_of_achievement_donation_certificate": "Maire", "comments": null, "location_name": "TENNOGO", "latitude": 11.106438, "longitude": -0.112391, "hierarchy": "TENNOGO > GOULOUNGOUSSI > CINKASSE 1 > CINKASSE > SAVANES", "link_to_subproject": null, "depth_of_drilling": null, "drilling_flow_rate": null, "number_of_latrine_blocks": null, "has_latrine_blocs": null, "storage_capacity": null, "official_handover_date_to_sector": null, "length_of_the_track": null, "extension_length": null, "number_of_drinking_fountains": null, "estimated_number_of_beneficiaries": null, "refugee_and_internally_displaced_persons_group": null, "has_fence": null, "number_of_sections_of_track_developed": null, "amount_of_the_controllers_contract_in_SES": null, "amount_of_the_contract_for_construction_supervisors": null, "date_signature_contract_facilitator": null, "amount_of_the_facilitator_contract": null, "amount_spent_on_completing_the_infrastructure": null, "amount_spent_on_infrastructure_up_to_provisional_acceptance": null, "number_of_streetlights": null, "distance_covered_by_streetlights": null, "canton": null, "market_name": null }, "geometry": { "type": "Point", "coordinates": [ -0.112391, 11.106438 ] } },
{ "type": "Feature", "properties": { "id": 699, "number": 117, "joint_subproject_number": 91, "title": "Réalisation d'un forage photovoltaïque ", "type": "Forages photovoltaïques dans les communautés pour eau de boisson", "subproject_type_designation": "Subproject", "sector": "Eau–Hydraulique", "works_type": "Construction", "component": "COMPOSANTE 1.1", "projects": "COSO", "financiers": "Banque Mondiale", "status": "Réception définitive 100.0%", "current_status_of_the_site": "Réception provisoire", "progress_percent": 100.0, "progress_value": 100.0, "estimated_cost": 20000000.0, "contract_amount_work_companies": 16625634.0, "total_contract_amount_paid": 16625634.0, "amount_of_the_care_and_maintenance_fund_expected": null, "care_and_maintenance_amount_on_village_account": 190000.0, "date_signature_contract_work_companies": "2023-03-22", "date_signature_contract_efme": null, "contract_companies_amount_for_efme": null, "date_signature_contract_controllers_in_SES": "2022-11-01", "date_of_signature_of_contract_for_construction_supervisors": null, "approval_date_cora": "2022-10-28", "launch_date": "2023-04-05", "expected_duration": 3.0, "expected_end_date": "2023-07-05", "work_completion_date": "2023-11-17", "date_of_technical_acceptance_of_work": null, "date_of_provisional_acceptance_of_work": "2023-11-17", "official_handover_date_to_community": null, "existence_of_maintenance_plan": false, "wave": "1", "number_of_classrooms": 0.0, "number_of_infrastructures": 1, "population": 456.0, "direct_beneficiaries_men": 122.0, "direct_beneficiaries_women": 106.0, "women_s_group": "True", "youth_group": "True", "breeders_farmers_group": "True", "ethnic_minority_group": "True", "date_of_organization_of_the_social_audit": "2024-04-24", "number_of_participants_m_in_social_audit": 14.0, "number_of_participants_w_in_social_audit": 31.0, "number_of_participants_t_in_social_audit": 45.0, "beneficiary_villages_count": 1, "beneficiary_villages": "2006", "list_of_villages_crossed_by_track_or_electrification": [ ], "infrastructure_changed": null, "infrastructure_deleted": false, "level_of_achievement_donation_certificate": "Maire", "comments": "Prof:91,8 m débit 6,11 m3/h", "location_name": "ZOUBEKO", "latitude": 11.110269, "longitude": -0.127504, "hierarchy": "ZOUBEKO > GOULOUNGOUSSI > CINKASSE 1 > CINKASSE > SAVANES", "link_to_subproject": null, "depth_of_drilling": null, "drilling_flow_rate": null, "number_of_latrine_blocks": null, "has_latrine_blocs": null, "storage_capacity": null, "official_handover_date_to_sector": null, "length_of_the_track": null, "extension_length": null, "number_of_drinking_fountains": null, "estimated_number_of_beneficiaries": null, "refugee_and_internally_displaced_persons_group": "True", "has_fence": null, "number_of_sections_of_track_developed": null, "amount_of_the_controllers_contract_in_SES": null, "amount_of_the_contract_for_construction_supervisors": null, "date_signature_contract_facilitator": null, "amount_of_the_facilitator_contract": null, "amount_spent_on_completing_the_infrastructure": null, "amount_spent_on_infrastructure_up_to_provisional_acceptance": null, "number_of_streetlights": null, "distance_covered_by_streetlights": null, "canton": null, "market_name": null }, "geometry": { "type": "Point", "coordinates": [ -0.127504, 11.110269 ] } },
{ "type": "Feature", "properties": { "id": 703, "number": 121, "joint_subproject_number": 94, "title": "Réalisation d'un forage photovoltaïque  pour maraicher", "type": "Forages photovoltaïques pour les activités maraîchères", "subproject_type_designation": "Subproject", "sector": "Eau–Hydraulique", "works_type": "Construction", "component": "COMPOSANTE 1.1", "projects": "COSO", "financiers": "Banque Mondiale", "status": "Réception définitive 100.0%", "current_status_of_the_site": "Réception définitive", "progress_percent": 60.0, "progress_value": 100.0, "estimated_cost": 20000000.0, "contract_amount_work_companies": 14445418.0, "total_contract_amount_paid": 14445418.0, "amount_of_the_care_and_maintenance_fund_expected": null, "care_and_maintenance_amount_on_village_account": 354000.0, "date_signature_contract_work_companies": "2023-06-30", "date_signature_contract_efme": null, "contract_companies_amount_for_efme": null, "date_signature_contract_controllers_in_SES": null, "date_of_signature_of_contract_for_construction_supervisors": null, "approval_date_cora": "2023-02-22", "launch_date": "2023-07-04", "expected_duration": 3.0, "expected_end_date": "2023-10-02", "work_completion_date": "2024-12-02", "date_of_technical_acceptance_of_work": null, "date_of_provisional_acceptance_of_work": "2024-12-03", "official_handover_date_to_community": "2026-01-08", "existence_of_maintenance_plan": false, "wave": "3", "number_of_classrooms": 0.0, "number_of_infrastructures": 1, "population": 1254.0, "direct_beneficiaries_men": 555.0, "direct_beneficiaries_women": 953.0, "women_s_group": "True", "youth_group": "True", "breeders_farmers_group": "True", "ethnic_minority_group": "True", "date_of_organization_of_the_social_audit": "2025-01-21", "number_of_participants_m_in_social_audit": 16.0, "number_of_participants_w_in_social_audit": 56.0, "number_of_participants_t_in_social_audit": 72.0, "beneficiary_villages_count": 3, "beneficiary_villages": "3930; 3931; 3932", "list_of_villages_crossed_by_track_or_electrification": [ ], "infrastructure_changed": null, "infrastructure_deleted": false, "level_of_achievement_donation_certificate": "Maire", "comments": null, "location_name": "FONWORGOU", "latitude": 0.0, "longitude": 0.0, "hierarchy": "FONWORGOU > NADJOUNDI > CINKASSE 2 > CINKASSE > SAVANES", "link_to_subproject": null, "depth_of_drilling": null, "drilling_flow_rate": null, "number_of_latrine_blocks": null, "has_latrine_blocs": null, "storage_capacity": null, "official_handover_date_to_sector": null, "length_of_the_track": null, "extension_length": null, "number_of_drinking_fountains": null, "estimated_number_of_beneficiaries": 1000.0, "refugee_and_internally_displaced_persons_group": "True", "has_fence": null, "number_of_sections_of_track_developed": null, "amount_of_the_controllers_contract_in_SES": null, "amount_of_the_contract_for_construction_supervisors": null, "date_signature_contract_facilitator": null, "amount_of_the_facilitator_contract": null, "amount_spent_on_completing_the_infrastructure": null, "amount_spent_on_infrastructure_up_to_provisional_acceptance": null, "number_of_streetlights": null, "distance_covered_by_streetlights": null, "canton": null, "market_name": null }, "geometry": { "type": "Point", "coordinates": [ 0.0, 0.0 ] } },
{ "type": "Feature", "properties": { "id": 706, "number": 124, "joint_subproject_number": 96, "title": "Construction d'un centre communautaire avec charpente métallique + dallot ", "type": "Forage Photovoltaïque (Centre communautaire)", "subproject_type_designation": "Infrastructure", "sector": "Eau–Hydraulique", "works_type": "Construction", "component": "COMPOSANTE 1.1", "projects": "COSO", "financiers": "Banque Mondiale", "status": "Réception définitive 100.0%", "current_status_of_the_site": "Réception définitive", "progress_percent": 100.0, "progress_value": 100.0, "estimated_cost": 20000000.0, "contract_amount_work_companies": 15334383.0, "total_contract_amount_paid": 15334383.0, "amount_of_the_care_and_maintenance_fund_expected": null, "care_and_maintenance_amount_on_village_account": null, "date_signature_contract_work_companies": "2023-06-20", "date_signature_contract_efme": null, "contract_companies_amount_for_efme": null, "date_signature_contract_controllers_in_SES": null, "date_of_signature_of_contract_for_construction_supervisors": null, "approval_date_cora": "2023-02-22", "launch_date": "2023-06-26", "expected_duration": 3.0, "expected_end_date": "2023-09-24", "work_completion_date": "2024-07-11", "date_of_technical_acceptance_of_work": null, "date_of_provisional_acceptance_of_work": "2024-10-02", "official_handover_date_to_community": "2025-07-03", "existence_of_maintenance_plan": false, "wave": "3", "number_of_classrooms": 0.0, "number_of_infrastructures": 1, "population": 1894.0, "direct_beneficiaries_men": 735.0, "direct_beneficiaries_women": 1259.0, "women_s_group": "True", "youth_group": null, "breeders_farmers_group": "True", "ethnic_minority_group": "True", "date_of_organization_of_the_social_audit": "2024-04-02", "number_of_participants_m_in_social_audit": 44.0, "number_of_participants_w_in_social_audit": 25.0, "number_of_participants_t_in_social_audit": 69.0, "beneficiary_villages_count": 4, "beneficiary_villages": "2055; 3945; 3946; 3947", "list_of_villages_crossed_by_track_or_electrification": [ ], "infrastructure_changed": "True", "infrastructure_deleted": false, "level_of_achievement_donation_certificate": "Maire", "comments": null, "location_name": "NADJOUNDI CENTRE", "latitude": 0.0, "longitude": 0.0, "hierarchy": "NADJOUNDI CENTRE > NADJOUNDI > CINKASSE 2 > CINKASSE > SAVANES", "link_to_subproject": 705.0, "depth_of_drilling": null, "drilling_flow_rate": null, "number_of_latrine_blocks": null, "has_latrine_blocs": null, "storage_capacity": null, "official_handover_date_to_sector": null, "length_of_the_track": null, "extension_length": null, "number_of_drinking_fountains": null, "estimated_number_of_beneficiaries": null, "refugee_and_internally_displaced_persons_group": "True", "has_fence": null, "number_of_sections_of_track_developed": null, "amount_of_the_controllers_contract_in_SES": null, "amount_of_the_contract_for_construction_supervisors": null, "date_signature_contract_facilitator": null, "amount_of_the_facilitator_contract": null, "amount_spent_on_completing_the_infrastructure": null, "amount_spent_on_infrastructure_up_to_provisional_acceptance": null, "number_of_streetlights": null, "distance_covered_by_streetlights": null, "canton": null, "market_name": null }, "geometry": { "type": "Point", "coordinates": [ 0.0, 0.0 ] } },
{ "type": "Feature", "properties": { "id": 712, "number": 130, "joint_subproject_number": 100, "title": "Construction d'un bâtiment scolaire de trois classes avec bureau et magasin à l'EPP Timangue", "type": "Forages photovoltaïques dans les établissements scolaires", "subproject_type_designation": "Infrastructure", "sector": "Eau–Hydraulique", "works_type": "Construction", "component": "COMPOSANTE 1.1", "projects": "COSO", "financiers": "Banque Mondiale", "status": "Remise de l'ouvrage à la communauté 100.0%", "current_status_of_the_site": "Réception définitive", "progress_percent": 100.0, "progress_value": 100.0, "estimated_cost": 20000000.0, "contract_amount_work_companies": 15765083.0, "total_contract_amount_paid": 15765083.0, "amount_of_the_care_and_maintenance_fund_expected": null, "care_and_maintenance_amount_on_village_account": null, "date_signature_contract_work_companies": "2023-06-20", "date_signature_contract_efme": null, "contract_companies_amount_for_efme": null, "date_signature_contract_controllers_in_SES": null, "date_of_signature_of_contract_for_construction_supervisors": null, "approval_date_cora": "2023-02-22", "launch_date": "2023-06-26", "expected_duration": 3.0, "expected_end_date": "2023-09-24", "work_completion_date": "2024-11-28", "date_of_technical_acceptance_of_work": "2024-11-19", "date_of_provisional_acceptance_of_work": "2024-12-03", "official_handover_date_to_community": "2025-12-24", "existence_of_maintenance_plan": false, "wave": "3", "number_of_classrooms": 0.0, "number_of_infrastructures": 1, "population": 1586.0, "direct_beneficiaries_men": 786.0, "direct_beneficiaries_women": 840.0, "women_s_group": "True", "youth_group": null, "breeders_farmers_group": "True", "ethnic_minority_group": "True", "date_of_organization_of_the_social_audit": "2024-03-06", "number_of_participants_m_in_social_audit": 58.0, "number_of_participants_w_in_social_audit": 27.0, "number_of_participants_t_in_social_audit": 85.0, "beneficiary_villages_count": 2, "beneficiary_villages": "2061; 2065", "list_of_villages_crossed_by_track_or_electrification": [ ], "infrastructure_changed": "True", "infrastructure_deleted": false, "level_of_achievement_donation_certificate": "Maire", "comments": null, "location_name": "TIMANGUE (NADJOUNDI)", "latitude": 0.0, "longitude": 0.0, "hierarchy": "TIMANGUE (NADJOUNDI) > NADJOUNDI > CINKASSE 2 > CINKASSE > SAVANES", "link_to_subproject": 711.0, "depth_of_drilling": null, "drilling_flow_rate": null, "number_of_latrine_blocks": null, "has_latrine_blocs": null, "storage_capacity": null, "official_handover_date_to_sector": null, "length_of_the_track": null, "extension_length": null, "number_of_drinking_fountains": null, "estimated_number_of_beneficiaries": null, "refugee_and_internally_displaced_persons_group": "True", "has_fence": null, "number_of_sections_of_track_developed": null, "amount_of_the_controllers_contract_in_SES": null, "amount_of_the_contract_for_construction_supervisors": null, "date_signature_contract_facilitator": null, "amount_of_the_facilitator_contract": null, "amount_spent_on_completing_the_infrastructure": null, "amount_spent_on_infrastructure_up_to_provisional_acceptance": null, "number_of_streetlights": null, "distance_covered_by_streetlights": null, "canton": null, "market_name": null }, "geometry": { "type": "Point", "coordinates": [ 0.0, 0.0 ] } },
{ "type": "Feature", "properties": { "id": 717, "number": 135, "joint_subproject_number": 104, "title": "Construction d'un bâtiment scolaire de trois classes avec bureau et magasin et deux blocs de latrines à l’EPP + forage photovoltaïque", "type": "Forages photovoltaïques dans les établissements scolaires", "subproject_type_designation": "Infrastructure", "sector": "Eau–Hydraulique", "works_type": "Construction", "component": "COMPOSANTE 1.1", "projects": "COSO", "financiers": "Banque Mondiale", "status": "Remise de l'ouvrage à la communauté 100.0%", "current_status_of_the_site": "Réception définitive", "progress_percent": 0.0, "progress_value": 100.0, "estimated_cost": 20000000.0, "contract_amount_work_companies": 12329570.0, "total_contract_amount_paid": 12329570.0, "amount_of_the_care_and_maintenance_fund_expected": null, "care_and_maintenance_amount_on_village_account": null, "date_signature_contract_work_companies": "2024-01-18", "date_signature_contract_efme": null, "contract_companies_amount_for_efme": null, "date_signature_contract_controllers_in_SES": null, "date_of_signature_of_contract_for_construction_supervisors": null, "approval_date_cora": "2023-02-22", "launch_date": "2024-01-18", "expected_duration": 3.0, "expected_end_date": "2024-04-11", "work_completion_date": "2024-04-03", "date_of_technical_acceptance_of_work": "2024-04-03", "date_of_provisional_acceptance_of_work": "2024-04-11", "official_handover_date_to_community": "2025-06-25", "existence_of_maintenance_plan": false, "wave": "3", "number_of_classrooms": 0.0, "number_of_infrastructures": 1, "population": 520.0, "direct_beneficiaries_men": 240.0, "direct_beneficiaries_women": 280.0, "women_s_group": "True", "youth_group": "True", "breeders_farmers_group": "True", "ethnic_minority_group": "True", "date_of_organization_of_the_social_audit": "2025-02-10", "number_of_participants_m_in_social_audit": 17.0, "number_of_participants_w_in_social_audit": 55.0, "number_of_participants_t_in_social_audit": 72.0, "beneficiary_villages_count": 1, "beneficiary_villages": "3909", "list_of_villages_crossed_by_track_or_electrification": [ ], "infrastructure_changed": null, "infrastructure_deleted": false, "level_of_achievement_donation_certificate": "Chef Canton", "comments": null, "location_name": "NAMOUDJOATE 2", "latitude": 0.0, "longitude": 0.0, "hierarchy": "NAMOUDJOATE 2 > SAM-NABA > CINKASSE 2 > CINKASSE > SAVANES", "link_to_subproject": 716.0, "depth_of_drilling": null, "drilling_flow_rate": null, "number_of_latrine_blocks": null, "has_latrine_blocs": null, "storage_capacity": null, "official_handover_date_to_sector": null, "length_of_the_track": null, "extension_length": null, "number_of_drinking_fountains": null, "estimated_number_of_beneficiaries": 583.0, "refugee_and_internally_displaced_persons_group": "True", "has_fence": null, "number_of_sections_of_track_developed": null, "amount_of_the_controllers_contract_in_SES": null, "amount_of_the_contract_for_construction_supervisors": null, "date_signature_contract_facilitator": null, "amount_of_the_facilitator_contract": null, "amount_spent_on_completing_the_infrastructure": null, "amount_spent_on_infrastructure_up_to_provisional_acceptance": null, "number_of_streetlights": null, "distance_covered_by_streetlights": null, "canton": null, "market_name": null }, "geometry": { "type": "Point", "coordinates": [ 0.0, 0.0 ] } },
{ "type": "Feature", "properties": { "id": 720, "number": 138, "joint_subproject_number": 106, "title": "Construction d'un centre communautaire avec charpente métallique + forage photovoltaïque à PIZOSKO", "type": "Forage Photovoltaïque (Centre communautaire)", "subproject_type_designation": "Infrastructure", "sector": "Eau–Hydraulique", "works_type": "Construction", "component": "COMPOSANTE 1.1", "projects": "COSO", "financiers": "Banque Mondiale", "status": "Réception définitive 100.0%", "current_status_of_the_site": "Réception définitive", "progress_percent": 100.0, "progress_value": 100.0, "estimated_cost": 20000000.0, "contract_amount_work_companies": 12351990.0, "total_contract_amount_paid": 12351990.0, "amount_of_the_care_and_maintenance_fund_expected": null, "care_and_maintenance_amount_on_village_account": null, "date_signature_contract_work_companies": "2024-01-15", "date_signature_contract_efme": null, "contract_companies_amount_for_efme": null, "date_signature_contract_controllers_in_SES": null, "date_of_signature_of_contract_for_construction_supervisors": null, "approval_date_cora": "2023-02-22", "launch_date": "2024-01-16", "expected_duration": 3.0, "expected_end_date": "2024-04-11", "work_completion_date": "2024-04-03", "date_of_technical_acceptance_of_work": "2024-06-10", "date_of_provisional_acceptance_of_work": "2024-04-11", "official_handover_date_to_community": "2025-06-25", "existence_of_maintenance_plan": false, "wave": "3", "number_of_classrooms": 0.0, "number_of_infrastructures": 1, "population": 585.0, "direct_beneficiaries_men": 225.0, "direct_beneficiaries_women": 350.0, "women_s_group": "True", "youth_group": null, "breeders_farmers_group": "True", "ethnic_minority_group": "True", "date_of_organization_of_the_social_audit": "2024-10-14", "number_of_participants_m_in_social_audit": 26.0, "number_of_participants_w_in_social_audit": 78.0, "number_of_participants_t_in_social_audit": 104.0, "beneficiary_villages_count": 1, "beneficiary_villages": "3911", "list_of_villages_crossed_by_track_or_electrification": [ ], "infrastructure_changed": "True", "infrastructure_deleted": false, "level_of_achievement_donation_certificate": "Maire", "comments": null, "location_name": "PIZOSKO", "latitude": 0.0, "longitude": 0.0, "hierarchy": "PIZOSKO > SAM-NABA > CINKASSE 2 > CINKASSE > SAVANES", "link_to_subproject": 719.0, "depth_of_drilling": 63.8, "drilling_flow_rate": 3.3, "number_of_latrine_blocks": null, "has_latrine_blocs": null, "storage_capacity": null, "official_handover_date_to_sector": null, "length_of_the_track": null, "extension_length": null, "number_of_drinking_fountains": null, "estimated_number_of_beneficiaries": null, "refugee_and_internally_displaced_persons_group": "True", "has_fence": null, "number_of_sections_of_track_developed": null, "amount_of_the_controllers_contract_in_SES": null, "amount_of_the_contract_for_construction_supervisors": null, "date_signature_contract_facilitator": null, "amount_of_the_facilitator_contract": null, "amount_spent_on_completing_the_infrastructure": null, "amount_spent_on_infrastructure_up_to_provisional_acceptance": null, "number_of_streetlights": null, "distance_covered_by_streetlights": null, "canton": null, "market_name": null }, "geometry": { "type": "Point", "coordinates": [ 0.0, 0.0 ] } },
{ "type": "Feature", "properties": { "id": 722, "number": 140, "joint_subproject_number": 108, "title": "Réalisation d'un forage photovoltaïque pour maraîchage", "type": "Forages photovoltaïques pour les activités maraîchères", "subproject_type_designation": "Subproject", "sector": "Eau–Hydraulique", "works_type": "Construction", "component": "COMPOSANTE 1.1", "projects": "COSO", "financiers": "Banque Mondiale", "status": "Remise de l'ouvrage à la communauté 100.0%", "current_status_of_the_site": "Réception définitive", "progress_percent": 100.0, "progress_value": 100.0, "estimated_cost": 20000000.0, "contract_amount_work_companies": 12329570.0, "total_contract_amount_paid": 12329570.0, "amount_of_the_care_and_maintenance_fund_expected": null, "care_and_maintenance_amount_on_village_account": 164000.0, "date_signature_contract_work_companies": "2024-01-15", "date_signature_contract_efme": null, "contract_companies_amount_for_efme": null, "date_signature_contract_controllers_in_SES": null, "date_of_signature_of_contract_for_construction_supervisors": null, "approval_date_cora": "2023-02-22", "launch_date": "2024-01-19", "expected_duration": 3.0, "expected_end_date": "2024-04-10", "work_completion_date": "2024-04-03", "date_of_technical_acceptance_of_work": "2024-04-02", "date_of_provisional_acceptance_of_work": "2024-04-11", "official_handover_date_to_community": "2025-06-25", "existence_of_maintenance_plan": false, "wave": "3", "number_of_classrooms": 0.0, "number_of_infrastructures": 1, "population": 372.0, "direct_beneficiaries_men": 179.0, "direct_beneficiaries_women": 193.0, "women_s_group": "True", "youth_group": "True", "breeders_farmers_group": "True", "ethnic_minority_group": null, "date_of_organization_of_the_social_audit": "2024-07-06", "number_of_participants_m_in_social_audit": 34.0, "number_of_participants_w_in_social_audit": 98.0, "number_of_participants_t_in_social_audit": 132.0, "beneficiary_villages_count": 2, "beneficiary_villages": "3912; 3913", "list_of_villages_crossed_by_track_or_electrification": [ ], "infrastructure_changed": null, "infrastructure_deleted": false, "level_of_achievement_donation_certificate": "Chef village", "comments": null, "location_name": "WAMBAGOU", "latitude": 0.0, "longitude": 0.0, "hierarchy": "WAMBAGOU > SAM-NABA > CINKASSE 2 > CINKASSE > SAVANES", "link_to_subproject": null, "depth_of_drilling": null, "drilling_flow_rate": null, "number_of_latrine_blocks": null, "has_latrine_blocs": null, "storage_capacity": null, "official_handover_date_to_sector": null, "length_of_the_track": null, "extension_length": null, "number_of_drinking_fountains": null, "estimated_number_of_beneficiaries": 200.0, "refugee_and_internally_displaced_persons_group": null, "has_fence": null, "number_of_sections_of_track_developed": null, "amount_of_the_controllers_contract_in_SES": null, "amount_of_the_contract_for_construction_supervisors": null, "date_signature_contract_facilitator": null, "amount_of_the_facilitator_contract": null, "amount_spent_on_completing_the_infrastructure": null, "amount_spent_on_infrastructure_up_to_provisional_acceptance": null, "number_of_streetlights": null, "distance_covered_by_streetlights": null, "canton": null, "market_name": null }, "geometry": { "type": "Point", "coordinates": [ 0.0, 0.0 ] } },
{ "type": "Feature", "properties": { "id": 723, "number": 141, "joint_subproject_number": 109, "title": "Réalisation d'un forage photovoltaïque ", "type": "Forages photovoltaïques dans les communautés pour eau de boisson", "subproject_type_designation": "Subproject", "sector": "Eau–Hydraulique", "works_type": "Construction", "component": "COMPOSANTE 1.1", "projects": "COSO", "financiers": "Banque Mondiale", "status": "Remise de l'ouvrage à la communauté 100.0%", "current_status_of_the_site": "Réception définitive", "progress_percent": 100.0, "progress_value": 100.0, "estimated_cost": 20000000.0, "contract_amount_work_companies": 13679136.0, "total_contract_amount_paid": 13679136.0, "amount_of_the_care_and_maintenance_fund_expected": null, "care_and_maintenance_amount_on_village_account": 240000.0, "date_signature_contract_work_companies": "2023-03-03", "date_signature_contract_efme": null, "contract_companies_amount_for_efme": null, "date_signature_contract_controllers_in_SES": null, "date_of_signature_of_contract_for_construction_supervisors": null, "approval_date_cora": "2022-10-28", "launch_date": "2023-03-10", "expected_duration": 3.0, "expected_end_date": "2023-06-24", "work_completion_date": "2023-11-23", "date_of_technical_acceptance_of_work": null, "date_of_provisional_acceptance_of_work": "2023-11-23", "official_handover_date_to_community": "2025-04-17", "existence_of_maintenance_plan": false, "wave": "1", "number_of_classrooms": 0.0, "number_of_infrastructures": 1, "population": 995.0, "direct_beneficiaries_men": 422.0, "direct_beneficiaries_women": 573.0, "women_s_group": "True", "youth_group": "True", "breeders_farmers_group": "True", "ethnic_minority_group": "True", "date_of_organization_of_the_social_audit": "2024-02-29", "number_of_participants_m_in_social_audit": 24.0, "number_of_participants_w_in_social_audit": 77.0, "number_of_participants_t_in_social_audit": 101.0, "beneficiary_villages_count": 1, "beneficiary_villages": "2088", "list_of_villages_crossed_by_track_or_electrification": [ ], "infrastructure_changed": "True", "infrastructure_deleted": false, "level_of_achievement_donation_certificate": "Maire", "comments": null, "location_name": "DATOULONTE (TIMBOU)", "latitude": 10.989956, "longitude": 0.141467, "hierarchy": "DATOULONTE (TIMBOU) > TIMBOU > CINKASSE 2 > CINKASSE > SAVANES", "link_to_subproject": null, "depth_of_drilling": 6.7, "drilling_flow_rate": 7.0, "number_of_latrine_blocks": null, "has_latrine_blocs": null, "storage_capacity": null, "official_handover_date_to_sector": null, "length_of_the_track": null, "extension_length": null, "number_of_drinking_fountains": null, "estimated_number_of_beneficiaries": 950.0, "refugee_and_internally_displaced_persons_group": null, "has_fence": null, "number_of_sections_of_track_developed": null, "amount_of_the_controllers_contract_in_SES": null, "amount_of_the_contract_for_construction_supervisors": null, "date_signature_contract_facilitator": null, "amount_of_the_facilitator_contract": null, "amount_spent_on_completing_the_infrastructure": null, "amount_spent_on_infrastructure_up_to_provisional_acceptance": null, "number_of_streetlights": null, "distance_covered_by_streetlights": null, "canton": null, "market_name": null }, "geometry": { "type": "Point", "coordinates": [ 0.141467, 10.989956 ] } },
{ "type": "Feature", "properties": { "id": 725, "number": 143, "joint_subproject_number": 110, "title": "Construction d'un Bâtiment scolaire de 3 classes avec bureau et magasin + 2 Blocs de Latrines à l'EPP + forage photovoltaïque", "type": "Forages photovoltaïques dans les communautés pour eau de boisson", "subproject_type_designation": "Infrastructure", "sector": "Eau–Hydraulique", "works_type": "Construction", "component": "COMPOSANTE 1.1", "projects": "COSO", "financiers": "Banque Mondiale", "status": "Réception provisoire 100.0%", "current_status_of_the_site": "Réception provisoire", "progress_percent": 0.0, "progress_value": 100.0, "estimated_cost": 20000000.0, "contract_amount_work_companies": 13896199.0, "total_contract_amount_paid": 13896199.0, "amount_of_the_care_and_maintenance_fund_expected": null, "care_and_maintenance_amount_on_village_account": null, "date_signature_contract_work_companies": "2025-11-07", "date_signature_contract_efme": null, "contract_companies_amount_for_efme": null, "date_signature_contract_controllers_in_SES": null, "date_of_signature_of_contract_for_construction_supervisors": null, "approval_date_cora": "2022-10-28", "launch_date": "2025-11-12", "expected_duration": 3.0, "expected_end_date": "2026-02-12", "work_completion_date": "2026-02-17", "date_of_technical_acceptance_of_work": "2026-02-17", "date_of_provisional_acceptance_of_work": "2026-02-17", "official_handover_date_to_community": null, "existence_of_maintenance_plan": false, "wave": "1", "number_of_classrooms": 0.0, "number_of_infrastructures": 1, "population": 455.0, "direct_beneficiaries_men": 105.0, "direct_beneficiaries_women": 350.0, "women_s_group": "True", "youth_group": null, "breeders_farmers_group": null, "ethnic_minority_group": "True", "date_of_organization_of_the_social_audit": null, "number_of_participants_m_in_social_audit": null, "number_of_participants_w_in_social_audit": null, "number_of_participants_t_in_social_audit": null, "beneficiary_villages_count": 1, "beneficiary_villages": "2089", "list_of_villages_crossed_by_track_or_electrification": [ ], "infrastructure_changed": null, "infrastructure_deleted": false, "level_of_achievement_donation_certificate": null, "comments": null, "location_name": "DJALOTOUGOU", "latitude": null, "longitude": null, "hierarchy": "DJALOTOUGOU > TIMBOU > CINKASSE 2 > CINKASSE > SAVANES", "link_to_subproject": 724.0, "depth_of_drilling": null, "drilling_flow_rate": null, "number_of_latrine_blocks": null, "has_latrine_blocs": null, "storage_capacity": null, "official_handover_date_to_sector": null, "length_of_the_track": null, "extension_length": null, "number_of_drinking_fountains": null, "estimated_number_of_beneficiaries": null, "refugee_and_internally_displaced_persons_group": null, "has_fence": null, "number_of_sections_of_track_developed": null, "amount_of_the_controllers_contract_in_SES": null, "amount_of_the_contract_for_construction_supervisors": null, "date_signature_contract_facilitator": null, "amount_of_the_facilitator_contract": null, "amount_spent_on_completing_the_infrastructure": null, "amount_spent_on_infrastructure_up_to_provisional_acceptance": null, "number_of_streetlights": null, "distance_covered_by_streetlights": null, "canton": null, "market_name": null }, "geometry": null },
{ "type": "Feature", "properties": { "id": 727, "number": 145, "joint_subproject_number": 112, "title": "Réalisation d'un forage photovoltaïque pour eau de boisson", "type": "Forages photovoltaïques dans les communautés pour eau de boisson", "subproject_type_designation": "Subproject", "sector": "Eau–Hydraulique", "works_type": "Construction", "component": "COMPOSANTE 1.1", "projects": "COSO", "financiers": "Banque Mondiale", "status": "Remise de l'ouvrage à la communauté 100.0%", "current_status_of_the_site": "Réception définitive", "progress_percent": 100.0, "progress_value": 100.0, "estimated_cost": 20000000.0, "contract_amount_work_companies": 18355706.0, "total_contract_amount_paid": 18355706.0, "amount_of_the_care_and_maintenance_fund_expected": null, "care_and_maintenance_amount_on_village_account": 250000.0, "date_signature_contract_work_companies": "2023-03-08", "date_signature_contract_efme": null, "contract_companies_amount_for_efme": null, "date_signature_contract_controllers_in_SES": null, "date_of_signature_of_contract_for_construction_supervisors": null, "approval_date_cora": "2022-10-28", "launch_date": "2023-03-22", "expected_duration": 3.0, "expected_end_date": "2023-06-22", "work_completion_date": "2023-08-16", "date_of_technical_acceptance_of_work": "2023-08-16", "date_of_provisional_acceptance_of_work": "2023-08-16", "official_handover_date_to_community": "2025-03-20", "existence_of_maintenance_plan": false, "wave": "1", "number_of_classrooms": 0.0, "number_of_infrastructures": 1, "population": 941.0, "direct_beneficiaries_men": 379.0, "direct_beneficiaries_women": 562.0, "women_s_group": "True", "youth_group": "True", "breeders_farmers_group": "True", "ethnic_minority_group": null, "date_of_organization_of_the_social_audit": "2024-02-28", "number_of_participants_m_in_social_audit": 16.0, "number_of_participants_w_in_social_audit": 53.0, "number_of_participants_t_in_social_audit": 69.0, "beneficiary_villages_count": 1, "beneficiary_villages": "3853", "list_of_villages_crossed_by_track_or_electrification": [ ], "infrastructure_changed": "True", "infrastructure_deleted": false, "level_of_achievement_donation_certificate": "Maire", "comments": null, "location_name": "KALAGOU (TIMBOU)", "latitude": 0.0, "longitude": 0.0, "hierarchy": "KALAGOU (TIMBOU) > TIMBOU > CINKASSE 2 > CINKASSE > SAVANES", "link_to_subproject": null, "depth_of_drilling": 72.29, "drilling_flow_rate": 5.0, "number_of_latrine_blocks": null, "has_latrine_blocs": null, "storage_capacity": null, "official_handover_date_to_sector": null, "length_of_the_track": null, "extension_length": null, "number_of_drinking_fountains": null, "estimated_number_of_beneficiaries": 941.0, "refugee_and_internally_displaced_persons_group": "True", "has_fence": null, "number_of_sections_of_track_developed": null, "amount_of_the_controllers_contract_in_SES": null, "amount_of_the_contract_for_construction_supervisors": null, "date_signature_contract_facilitator": null, "amount_of_the_facilitator_contract": null, "amount_spent_on_completing_the_infrastructure": null, "amount_spent_on_infrastructure_up_to_provisional_acceptance": null, "number_of_streetlights": null, "distance_covered_by_streetlights": null, "canton": null, "market_name": null }, "geometry": { "type": "Point", "coordinates": [ 0.0, 0.0 ] } },
{ "type": "Feature", "properties": { "id": 728, "number": 146, "joint_subproject_number": 113, "title": "Réalisation d'un forage photovoltaïque ", "type": "Forages photovoltaïques dans les communautés pour eau de boisson", "subproject_type_designation": "Subproject", "sector": "Eau–Hydraulique", "works_type": "Construction", "component": "COMPOSANTE 1.1", "projects": "COSO", "financiers": "Banque Mondiale", "status": "Remise de l'ouvrage à la communauté 100.0%", "current_status_of_the_site": "Réception définitive", "progress_percent": 100.0, "progress_value": 100.0, "estimated_cost": 20000000.0, "contract_amount_work_companies": 19699425.0, "total_contract_amount_paid": 19699425.0, "amount_of_the_care_and_maintenance_fund_expected": null, "care_and_maintenance_amount_on_village_account": 275000.0, "date_signature_contract_work_companies": "2023-03-08", "date_signature_contract_efme": null, "contract_companies_amount_for_efme": null, "date_signature_contract_controllers_in_SES": null, "date_of_signature_of_contract_for_construction_supervisors": null, "approval_date_cora": "2022-10-28", "launch_date": "2023-03-22", "expected_duration": 3.0, "expected_end_date": "2023-06-22", "work_completion_date": "2023-09-14", "date_of_technical_acceptance_of_work": "2023-09-07", "date_of_provisional_acceptance_of_work": "2023-09-14", "official_handover_date_to_community": "2025-07-08", "existence_of_maintenance_plan": false, "wave": "1", "number_of_classrooms": 0.0, "number_of_infrastructures": 1, "population": 480.0, "direct_beneficiaries_men": 216.0, "direct_beneficiaries_women": 264.0, "women_s_group": "True", "youth_group": "True", "breeders_farmers_group": "True", "ethnic_minority_group": "True", "date_of_organization_of_the_social_audit": "2024-03-07", "number_of_participants_m_in_social_audit": 28.0, "number_of_participants_w_in_social_audit": 51.0, "number_of_participants_t_in_social_audit": 79.0, "beneficiary_villages_count": 1, "beneficiary_villages": "3847", "list_of_villages_crossed_by_track_or_electrification": [ ], "infrastructure_changed": "True", "infrastructure_deleted": false, "level_of_achievement_donation_certificate": "Maire", "comments": null, "location_name": "KALKANTINDE", "latitude": 0.0, "longitude": 0.0, "hierarchy": "KALKANTINDE > TIMBOU > CINKASSE 2 > CINKASSE > SAVANES", "link_to_subproject": null, "depth_of_drilling": 60.0, "drilling_flow_rate": 11.0, "number_of_latrine_blocks": null, "has_latrine_blocs": null, "storage_capacity": null, "official_handover_date_to_sector": null, "length_of_the_track": null, "extension_length": null, "number_of_drinking_fountains": null, "estimated_number_of_beneficiaries": 480.0, "refugee_and_internally_displaced_persons_group": null, "has_fence": null, "number_of_sections_of_track_developed": null, "amount_of_the_controllers_contract_in_SES": null, "amount_of_the_contract_for_construction_supervisors": null, "date_signature_contract_facilitator": null, "amount_of_the_facilitator_contract": null, "amount_spent_on_completing_the_infrastructure": null, "amount_spent_on_infrastructure_up_to_provisional_acceptance": null, "number_of_streetlights": null, "distance_covered_by_streetlights": null, "canton": null, "market_name": null }, "geometry": { "type": "Point", "coordinates": [ 0.0, 0.0 ] } },
{ "type": "Feature", "properties": { "id": 730, "number": 148, "joint_subproject_number": 114, "title": "Construction et équipement d'un Bâtiment scolaire de 4 classes avec bureau et magasin, charpente métallique + 2 Blocs de latrines et Forage photovoltaïque  au CEG", "type": "Forages photovoltaïques dans les établissements scolaires", "subproject_type_designation": "Infrastructure", "sector": "Eau–Hydraulique", "works_type": "Construction", "component": "COMPOSANTE 1.1", "projects": "COSO", "financiers": "Banque Mondiale", "status": "Réception définitive 100.0%", "current_status_of_the_site": "Réception définitive", "progress_percent": 100.0, "progress_value": 100.0, "estimated_cost": 20000000.0, "contract_amount_work_companies": 14123514.0, "total_contract_amount_paid": 18489514.0, "amount_of_the_care_and_maintenance_fund_expected": null, "care_and_maintenance_amount_on_village_account": null, "date_signature_contract_work_companies": "2023-03-20", "date_signature_contract_efme": null, "contract_companies_amount_for_efme": 4366000.0, "date_signature_contract_controllers_in_SES": null, "date_of_signature_of_contract_for_construction_supervisors": null, "approval_date_cora": "2022-10-28", "launch_date": "2023-04-03", "expected_duration": 3.0, "expected_end_date": "2023-07-03", "work_completion_date": "2023-08-22", "date_of_technical_acceptance_of_work": null, "date_of_provisional_acceptance_of_work": "2023-08-22", "official_handover_date_to_community": "2025-04-24", "existence_of_maintenance_plan": false, "wave": "1", "number_of_classrooms": 0.0, "number_of_infrastructures": 1, "population": 461.0, "direct_beneficiaries_men": 174.0, "direct_beneficiaries_women": 180.0, "women_s_group": "True", "youth_group": null, "breeders_farmers_group": null, "ethnic_minority_group": "True", "date_of_organization_of_the_social_audit": "2024-03-08", "number_of_participants_m_in_social_audit": 26.0, "number_of_participants_w_in_social_audit": 95.0, "number_of_participants_t_in_social_audit": 121.0, "beneficiary_villages_count": 1, "beneficiary_villages": "2095", "list_of_villages_crossed_by_track_or_electrification": [ ], "infrastructure_changed": "True", "infrastructure_deleted": false, "level_of_achievement_donation_certificate": "Maire", "comments": "Analyse de sous détails en cours", "location_name": "KPALMATONGUE CENTRE", "latitude": 0.0, "longitude": 0.0, "hierarchy": "KPALMATONGUE CENTRE > TIMBOU > CINKASSE 2 > CINKASSE > SAVANES", "link_to_subproject": 729.0, "depth_of_drilling": null, "drilling_flow_rate": null, "number_of_latrine_blocks": null, "has_latrine_blocs": null, "storage_capacity": null, "official_handover_date_to_sector": null, "length_of_the_track": null, "extension_length": null, "number_of_drinking_fountains": null, "estimated_number_of_beneficiaries": null, "refugee_and_internally_displaced_persons_group": null, "has_fence": null, "number_of_sections_of_track_developed": null, "amount_of_the_controllers_contract_in_SES": null, "amount_of_the_contract_for_construction_supervisors": null, "date_signature_contract_facilitator": null, "amount_of_the_facilitator_contract": null, "amount_spent_on_completing_the_infrastructure": null, "amount_spent_on_infrastructure_up_to_provisional_acceptance": null, "number_of_streetlights": null, "distance_covered_by_streetlights": null, "canton": null, "market_name": null }, "geometry": { "type": "Point", "coordinates": [ 0.0, 0.0 ] } },
{ "type": "Feature", "properties": { "id": 734, "number": 152, "joint_subproject_number": 117, "title": "Réalisation d'un forage photovoltaïque", "type": "Forages photovoltaïques dans les communautés pour eau de boisson", "subproject_type_designation": "Subproject", "sector": "Eau–Hydraulique", "works_type": "Construction", "component": "COMPOSANTE 1.1", "projects": "COSO", "financiers": "Banque Mondiale", "status": "Remise de l'ouvrage à la communauté 100.0%", "current_status_of_the_site": "Réception définitive", "progress_percent": 100.0, "progress_value": 100.0, "estimated_cost": 20000000.0, "contract_amount_work_companies": 17536957.0, "total_contract_amount_paid": 17536957.0, "amount_of_the_care_and_maintenance_fund_expected": null, "care_and_maintenance_amount_on_village_account": 150000.0, "date_signature_contract_work_companies": "2023-03-08", "date_signature_contract_efme": null, "contract_companies_amount_for_efme": null, "date_signature_contract_controllers_in_SES": null, "date_of_signature_of_contract_for_construction_supervisors": null, "approval_date_cora": "2022-10-28", "launch_date": "2023-03-22", "expected_duration": 3.0, "expected_end_date": "2023-06-22", "work_completion_date": "2023-12-27", "date_of_technical_acceptance_of_work": null, "date_of_provisional_acceptance_of_work": "2023-12-27", "official_handover_date_to_community": "2025-04-29", "existence_of_maintenance_plan": false, "wave": "1", "number_of_classrooms": 0.0, "number_of_infrastructures": 1, "population": 2000.0, "direct_beneficiaries_men": 400.0, "direct_beneficiaries_women": 1600.0, "women_s_group": "True", "youth_group": null, "breeders_farmers_group": "True", "ethnic_minority_group": null, "date_of_organization_of_the_social_audit": "2024-04-03", "number_of_participants_m_in_social_audit": 57.0, "number_of_participants_w_in_social_audit": 63.0, "number_of_participants_t_in_social_audit": 120.0, "beneficiary_villages_count": 2, "beneficiary_villages": "2107; 2108", "list_of_villages_crossed_by_track_or_electrification": [ ], "infrastructure_changed": null, "infrastructure_deleted": false, "level_of_achievement_donation_certificate": "Maire", "comments": null, "location_name": "NANLONGUE 1", "latitude": 0.0, "longitude": 0.0, "hierarchy": "NANLONGUE 1 > TIMBOU > CINKASSE 2 > CINKASSE > SAVANES", "link_to_subproject": null, "depth_of_drilling": 3.2, "drilling_flow_rate": 3.2, "number_of_latrine_blocks": null, "has_latrine_blocs": null, "storage_capacity": null, "official_handover_date_to_sector": null, "length_of_the_track": null, "extension_length": null, "number_of_drinking_fountains": null, "estimated_number_of_beneficiaries": 756.0, "refugee_and_internally_displaced_persons_group": null, "has_fence": null, "number_of_sections_of_track_developed": null, "amount_of_the_controllers_contract_in_SES": null, "amount_of_the_contract_for_construction_supervisors": null, "date_signature_contract_facilitator": null, "amount_of_the_facilitator_contract": null, "amount_spent_on_completing_the_infrastructure": null, "amount_spent_on_infrastructure_up_to_provisional_acceptance": null, "number_of_streetlights": null, "distance_covered_by_streetlights": null, "canton": null, "market_name": null }, "geometry": { "type": "Point", "coordinates": [ 0.0, 0.0 ] } },
{ "type": "Feature", "properties": { "id": 735, "number": 153, "joint_subproject_number": 118, "title": "Réalisation d'un forage photovoltaïque ", "type": "Forages photovoltaïques dans les communautés pour eau de boisson", "subproject_type_designation": "Subproject", "sector": "Eau–Hydraulique", "works_type": "Construction", "component": "COMPOSANTE 1.1", "projects": "COSO", "financiers": "Banque Mondiale", "status": "Remise de l'ouvrage à la communauté 100.0%", "current_status_of_the_site": "Réception définitive", "progress_percent": 100.0, "progress_value": 100.0, "estimated_cost": 20000000.0, "contract_amount_work_companies": 18123535.0, "total_contract_amount_paid": 18123535.0, "amount_of_the_care_and_maintenance_fund_expected": null, "care_and_maintenance_amount_on_village_account": 195000.0, "date_signature_contract_work_companies": "2023-03-08", "date_signature_contract_efme": null, "contract_companies_amount_for_efme": null, "date_signature_contract_controllers_in_SES": null, "date_of_signature_of_contract_for_construction_supervisors": null, "approval_date_cora": "2022-10-28", "launch_date": "2023-03-22", "expected_duration": 3.0, "expected_end_date": "2023-06-22", "work_completion_date": "2023-08-17", "date_of_technical_acceptance_of_work": null, "date_of_provisional_acceptance_of_work": "2023-08-17", "official_handover_date_to_community": "2025-03-20", "existence_of_maintenance_plan": false, "wave": "1", "number_of_classrooms": 0.0, "number_of_infrastructures": 1, "population": 690.0, "direct_beneficiaries_men": 290.0, "direct_beneficiaries_women": 400.0, "women_s_group": "True", "youth_group": "True", "breeders_farmers_group": "True", "ethnic_minority_group": "True", "date_of_organization_of_the_social_audit": "2024-03-08", "number_of_participants_m_in_social_audit": 42.0, "number_of_participants_w_in_social_audit": 101.0, "number_of_participants_t_in_social_audit": 143.0, "beneficiary_villages_count": 1, "beneficiary_villages": "2105", "list_of_villages_crossed_by_track_or_electrification": [ ], "infrastructure_changed": null, "infrastructure_deleted": false, "level_of_achievement_donation_certificate": "Maire", "comments": null, "location_name": "NAMBUITITE TIMBOU", "latitude": 11.033372, "longitude": 0.070502, "hierarchy": "NAMBUITITE TIMBOU > TIMBOU > CINKASSE 2 > CINKASSE > SAVANES", "link_to_subproject": null, "depth_of_drilling": 110.29, "drilling_flow_rate": 5.0, "number_of_latrine_blocks": null, "has_latrine_blocs": null, "storage_capacity": null, "official_handover_date_to_sector": null, "length_of_the_track": null, "extension_length": null, "number_of_drinking_fountains": null, "estimated_number_of_beneficiaries": 690.0, "refugee_and_internally_displaced_persons_group": "True", "has_fence": null, "number_of_sections_of_track_developed": null, "amount_of_the_controllers_contract_in_SES": null, "amount_of_the_contract_for_construction_supervisors": null, "date_signature_contract_facilitator": null, "amount_of_the_facilitator_contract": null, "amount_spent_on_completing_the_infrastructure": null, "amount_spent_on_infrastructure_up_to_provisional_acceptance": null, "number_of_streetlights": null, "distance_covered_by_streetlights": null, "canton": null, "market_name": null }, "geometry": { "type": "Point", "coordinates": [ 0.070502, 11.033372 ] } },
{ "type": "Feature", "properties": { "id": 737, "number": 155, "joint_subproject_number": 120, "title": "Réalisation d'un forage photovoltaïque ", "type": "Forages photovoltaïques dans les communautés pour eau de boisson", "subproject_type_designation": "Subproject", "sector": "Eau–Hydraulique", "works_type": "Construction", "component": "COMPOSANTE 1.1", "projects": "COSO", "financiers": "Banque Mondiale", "status": "Remise de l'ouvrage à la communauté 100.0%", "current_status_of_the_site": "Réception définitive", "progress_percent": 100.0, "progress_value": 100.0, "estimated_cost": 20000000.0, "contract_amount_work_companies": 17272439.0, "total_contract_amount_paid": 17272439.0, "amount_of_the_care_and_maintenance_fund_expected": null, "care_and_maintenance_amount_on_village_account": 75000.0, "date_signature_contract_work_companies": "2023-03-08", "date_signature_contract_efme": null, "contract_companies_amount_for_efme": null, "date_signature_contract_controllers_in_SES": null, "date_of_signature_of_contract_for_construction_supervisors": null, "approval_date_cora": "2022-10-28", "launch_date": "2023-03-22", "expected_duration": 3.0, "expected_end_date": "2023-06-22", "work_completion_date": "2023-08-07", "date_of_technical_acceptance_of_work": null, "date_of_provisional_acceptance_of_work": "2023-08-07", "official_handover_date_to_community": "2025-03-19", "existence_of_maintenance_plan": false, "wave": "1", "number_of_classrooms": 0.0, "number_of_infrastructures": 1, "population": 385.0, "direct_beneficiaries_men": 160.0, "direct_beneficiaries_women": 225.0, "women_s_group": "True", "youth_group": "True", "breeders_farmers_group": "True", "ethnic_minority_group": null, "date_of_organization_of_the_social_audit": "2024-03-21", "number_of_participants_m_in_social_audit": 11.0, "number_of_participants_w_in_social_audit": 50.0, "number_of_participants_t_in_social_audit": 61.0, "beneficiary_villages_count": 2, "beneficiary_villages": "2085; 3860", "list_of_villages_crossed_by_track_or_electrification": [ ], "infrastructure_changed": "True", "infrastructure_deleted": false, "level_of_achievement_donation_certificate": "Maire", "comments": "Prof: 77,96  m débit  : 11 m3/h", "location_name": "NASSABLE 1", "latitude": 0.0, "longitude": 0.0, "hierarchy": "NASSABLE 1 > TIMBOU > CINKASSE 2 > CINKASSE > SAVANES", "link_to_subproject": null, "depth_of_drilling": 11.28, "drilling_flow_rate": 11.0, "number_of_latrine_blocks": null, "has_latrine_blocs": null, "storage_capacity": null, "official_handover_date_to_sector": null, "length_of_the_track": null, "extension_length": null, "number_of_drinking_fountains": null, "estimated_number_of_beneficiaries": 356.0, "refugee_and_internally_displaced_persons_group": "True", "has_fence": null, "number_of_sections_of_track_developed": null, "amount_of_the_controllers_contract_in_SES": null, "amount_of_the_contract_for_construction_supervisors": null, "date_signature_contract_facilitator": null, "amount_of_the_facilitator_contract": null, "amount_spent_on_completing_the_infrastructure": null, "amount_spent_on_infrastructure_up_to_provisional_acceptance": null, "number_of_streetlights": null, "distance_covered_by_streetlights": null, "canton": null, "market_name": null }, "geometry": { "type": "Point", "coordinates": [ 0.0, 0.0 ] } },
{ "type": "Feature", "properties": { "id": 738, "number": 156, "joint_subproject_number": 121, "title": "Réalisation d'un forage photovoltaïque ", "type": "Forages photovoltaïques dans les communautés pour eau de boisson", "subproject_type_designation": "Subproject", "sector": "Eau–Hydraulique", "works_type": "Construction", "component": "COMPOSANTE 1.1", "projects": "COSO", "financiers": "Banque Mondiale", "status": "Remise de l'ouvrage à la communauté 100.0%", "current_status_of_the_site": "Réception définitive", "progress_percent": 100.0, "progress_value": 100.0, "estimated_cost": 20000000.0, "contract_amount_work_companies": 17272439.0, "total_contract_amount_paid": 17272439.0, "amount_of_the_care_and_maintenance_fund_expected": null, "care_and_maintenance_amount_on_village_account": 352000.0, "date_signature_contract_work_companies": "2023-03-08", "date_signature_contract_efme": null, "contract_companies_amount_for_efme": null, "date_signature_contract_controllers_in_SES": null, "date_of_signature_of_contract_for_construction_supervisors": null, "approval_date_cora": "2022-10-28", "launch_date": "2023-03-22", "expected_duration": 3.0, "expected_end_date": "2023-06-22", "work_completion_date": "2023-08-07", "date_of_technical_acceptance_of_work": null, "date_of_provisional_acceptance_of_work": "2023-08-07", "official_handover_date_to_community": "2025-03-18", "existence_of_maintenance_plan": false, "wave": "1", "number_of_classrooms": 0.0, "number_of_infrastructures": 1, "population": 1068.0, "direct_beneficiaries_men": 445.0, "direct_beneficiaries_women": 623.0, "women_s_group": "True", "youth_group": "True", "breeders_farmers_group": "True", "ethnic_minority_group": "True", "date_of_organization_of_the_social_audit": "2024-03-06", "number_of_participants_m_in_social_audit": 16.0, "number_of_participants_w_in_social_audit": 61.0, "number_of_participants_t_in_social_audit": 77.0, "beneficiary_villages_count": 1, "beneficiary_villages": "2110", "list_of_villages_crossed_by_track_or_electrification": [ ], "infrastructure_changed": "True", "infrastructure_deleted": false, "level_of_achievement_donation_certificate": "Maire", "comments": "Prof: 96,36 m débit  : 5,341 m3/h", "location_name": "PIZOSKE", "latitude": 0.0, "longitude": 0.0, "hierarchy": "PIZOSKE > TIMBOU > CINKASSE 2 > CINKASSE > SAVANES", "link_to_subproject": null, "depth_of_drilling": 5.34, "drilling_flow_rate": 5.0, "number_of_latrine_blocks": null, "has_latrine_blocs": null, "storage_capacity": null, "official_handover_date_to_sector": null, "length_of_the_track": null, "extension_length": null, "number_of_drinking_fountains": null, "estimated_number_of_beneficiaries": 300.0, "refugee_and_internally_displaced_persons_group": "True", "has_fence": null, "number_of_sections_of_track_developed": null, "amount_of_the_controllers_contract_in_SES": null, "amount_of_the_contract_for_construction_supervisors": null, "date_signature_contract_facilitator": null, "amount_of_the_facilitator_contract": null, "amount_spent_on_completing_the_infrastructure": null, "amount_spent_on_infrastructure_up_to_provisional_acceptance": null, "number_of_streetlights": null, "distance_covered_by_streetlights": null, "canton": null, "market_name": null }, "geometry": { "type": "Point", "coordinates": [ 0.0, 0.0 ] } },
{ "type": "Feature", "properties": { "id": 739, "number": 157, "joint_subproject_number": 122, "title": "Construction d'un Bâtiment scolaire de 3 classes avec bureau et magasin + 2 Blocs de Latrines +forage à l'EPP", "type": "Forages photovoltaïques dans les établissements scolaires", "subproject_type_designation": "Subproject", "sector": "Eau–Hydraulique", "works_type": "Construction", "component": "COMPOSANTE 1.1", "projects": "COSO", "financiers": "Banque Mondiale", "status": "Réception définitive 100.0%", "current_status_of_the_site": "Réception définitive", "progress_percent": 100.0, "progress_value": 100.0, "estimated_cost": 20000000.0, "contract_amount_work_companies": 17272439.0, "total_contract_amount_paid": 17272439.0, "amount_of_the_care_and_maintenance_fund_expected": null, "care_and_maintenance_amount_on_village_account": 482000.0, "date_signature_contract_work_companies": "2023-03-08", "date_signature_contract_efme": null, "contract_companies_amount_for_efme": null, "date_signature_contract_controllers_in_SES": null, "date_of_signature_of_contract_for_construction_supervisors": null, "approval_date_cora": "2022-10-28", "launch_date": "2023-03-22", "expected_duration": 3.0, "expected_end_date": "2023-06-22", "work_completion_date": "2023-08-07", "date_of_technical_acceptance_of_work": null, "date_of_provisional_acceptance_of_work": "2023-08-07", "official_handover_date_to_community": "2025-03-18", "existence_of_maintenance_plan": false, "wave": "1", "number_of_classrooms": 0.0, "number_of_infrastructures": 1, "population": 591.0, "direct_beneficiaries_men": 188.0, "direct_beneficiaries_women": 403.0, "women_s_group": "True", "youth_group": "True", "breeders_farmers_group": "True", "ethnic_minority_group": "True", "date_of_organization_of_the_social_audit": "2024-03-06", "number_of_participants_m_in_social_audit": 42.0, "number_of_participants_w_in_social_audit": 82.0, "number_of_participants_t_in_social_audit": 124.0, "beneficiary_villages_count": 1, "beneficiary_villages": "2092", "list_of_villages_crossed_by_track_or_electrification": [ ], "infrastructure_changed": "True", "infrastructure_deleted": false, "level_of_achievement_donation_certificate": "Maire", "comments": "Prof: 82,5 m débit  : 16 m3/h", "location_name": "SAFOBE 1", "latitude": 0.0, "longitude": 0.0, "hierarchy": "SAFOBE 1 > TIMBOU > CINKASSE 2 > CINKASSE > SAVANES", "link_to_subproject": null, "depth_of_drilling": 49.0, "drilling_flow_rate": 16.36, "number_of_latrine_blocks": null, "has_latrine_blocs": null, "storage_capacity": null, "official_handover_date_to_sector": null, "length_of_the_track": null, "extension_length": null, "number_of_drinking_fountains": null, "estimated_number_of_beneficiaries": 1000.0, "refugee_and_internally_displaced_persons_group": "True", "has_fence": null, "number_of_sections_of_track_developed": null, "amount_of_the_controllers_contract_in_SES": null, "amount_of_the_contract_for_construction_supervisors": null, "date_signature_contract_facilitator": null, "amount_of_the_facilitator_contract": null, "amount_spent_on_completing_the_infrastructure": null, "amount_spent_on_infrastructure_up_to_provisional_acceptance": null, "number_of_streetlights": null, "distance_covered_by_streetlights": null, "canton": null, "market_name": null }, "geometry": { "type": "Point", "coordinates": [ 0.0, 0.0 ] } },
{ "type": "Feature", "properties": { "id": 743, "number": 161, "joint_subproject_number": 124, "title": "Réalisation d'un forage photovoltaïque ", "type": "Forages photovoltaïques dans les communautés pour eau de boisson", "subproject_type_designation": "Subproject", "sector": "Eau–Hydraulique", "works_type": "Construction", "component": "COMPOSANTE 1.1", "projects": "COSO", "financiers": "Banque Mondiale", "status": "Remise de l'ouvrage à la communauté 100.0%", "current_status_of_the_site": "Réception définitive", "progress_percent": 100.0, "progress_value": 100.0, "estimated_cost": 20000000.0, "contract_amount_work_companies": 17336357.0, "total_contract_amount_paid": 17336357.0, "amount_of_the_care_and_maintenance_fund_expected": null, "care_and_maintenance_amount_on_village_account": 120000.0, "date_signature_contract_work_companies": "2023-08-23", "date_signature_contract_efme": null, "contract_companies_amount_for_efme": null, "date_signature_contract_controllers_in_SES": null, "date_of_signature_of_contract_for_construction_supervisors": null, "approval_date_cora": "2022-10-28", "launch_date": "2023-04-06", "expected_duration": 3.0, "expected_end_date": "2023-07-06", "work_completion_date": "2023-08-23", "date_of_technical_acceptance_of_work": null, "date_of_provisional_acceptance_of_work": "2023-08-23", "official_handover_date_to_community": "2025-03-19", "existence_of_maintenance_plan": false, "wave": "1", "number_of_classrooms": 0.0, "number_of_infrastructures": 1, "population": 1361.0, "direct_beneficiaries_men": 616.0, "direct_beneficiaries_women": 745.0, "women_s_group": "True", "youth_group": "True", "breeders_farmers_group": "True", "ethnic_minority_group": "True", "date_of_organization_of_the_social_audit": "2024-03-08", "number_of_participants_m_in_social_audit": 28.0, "number_of_participants_w_in_social_audit": 88.0, "number_of_participants_t_in_social_audit": 116.0, "beneficiary_villages_count": 2, "beneficiary_villages": "2113; 3861", "list_of_villages_crossed_by_track_or_electrification": [ ], "infrastructure_changed": null, "infrastructure_deleted": false, "level_of_achievement_donation_certificate": "Maire", "comments": null, "location_name": "SOUKOUDOUME FOFANA", "latitude": 0.0, "longitude": 0.0, "hierarchy": "SOUKOUDOUME FOFANA > TIMBOU > CINKASSE 2 > CINKASSE > SAVANES", "link_to_subproject": null, "depth_of_drilling": 8.0, "drilling_flow_rate": null, "number_of_latrine_blocks": null, "has_latrine_blocs": null, "storage_capacity": null, "official_handover_date_to_sector": null, "length_of_the_track": null, "extension_length": null, "number_of_drinking_fountains": null, "estimated_number_of_beneficiaries": 1238.0, "refugee_and_internally_displaced_persons_group": "True", "has_fence": null, "number_of_sections_of_track_developed": null, "amount_of_the_controllers_contract_in_SES": null, "amount_of_the_contract_for_construction_supervisors": null, "date_signature_contract_facilitator": null, "amount_of_the_facilitator_contract": null, "amount_spent_on_completing_the_infrastructure": null, "amount_spent_on_infrastructure_up_to_provisional_acceptance": null, "number_of_streetlights": null, "distance_covered_by_streetlights": null, "canton": null, "market_name": null }, "geometry": { "type": "Point", "coordinates": [ 0.0, 0.0 ] } },
{ "type": "Feature", "properties": { "id": 746, "number": 164, "joint_subproject_number": 127, "title": "Réalisation d'un forage photovoltaïque", "type": "Forages photovoltaïques dans les communautés pour eau de boisson", "subproject_type_designation": "Subproject", "sector": "Eau–Hydraulique", "works_type": "Construction", "component": "COMPOSANTE 1.1", "projects": "COSO", "financiers": "Banque Mondiale", "status": "Remise de l'ouvrage à la communauté 100.0%", "current_status_of_the_site": "Réception définitive", "progress_percent": 100.0, "progress_value": 100.0, "estimated_cost": 20000000.0, "contract_amount_work_companies": 17702157.0, "total_contract_amount_paid": 17702157.0, "amount_of_the_care_and_maintenance_fund_expected": null, "care_and_maintenance_amount_on_village_account": 250000.0, "date_signature_contract_work_companies": "2023-03-08", "date_signature_contract_efme": null, "contract_companies_amount_for_efme": null, "date_signature_contract_controllers_in_SES": null, "date_of_signature_of_contract_for_construction_supervisors": null, "approval_date_cora": "2022-10-28", "launch_date": "2023-03-22", "expected_duration": 3.0, "expected_end_date": "2023-06-22", "work_completion_date": "2023-08-24", "date_of_technical_acceptance_of_work": null, "date_of_provisional_acceptance_of_work": "2023-08-24", "official_handover_date_to_community": "2025-04-29", "existence_of_maintenance_plan": false, "wave": "1", "number_of_classrooms": 0.0, "number_of_infrastructures": 1, "population": 689.0, "direct_beneficiaries_men": 284.0, "direct_beneficiaries_women": 325.0, "women_s_group": "True", "youth_group": "True", "breeders_farmers_group": "True", "ethnic_minority_group": null, "date_of_organization_of_the_social_audit": "2024-03-20", "number_of_participants_m_in_social_audit": 31.0, "number_of_participants_w_in_social_audit": 107.0, "number_of_participants_t_in_social_audit": 138.0, "beneficiary_villages_count": 2, "beneficiary_villages": "3858; 3859", "list_of_villages_crossed_by_track_or_electrification": [ ], "infrastructure_changed": null, "infrastructure_deleted": false, "level_of_achievement_donation_certificate": "Maire", "comments": null, "location_name": "TAMONDJOARE 1 (TIMBOU)", "latitude": 0.0, "longitude": 0.0, "hierarchy": "TAMONDJOARE 1 (TIMBOU) > TIMBOU > CINKASSE 2 > CINKASSE > SAVANES", "link_to_subproject": null, "depth_of_drilling": 110.4, "drilling_flow_rate": null, "number_of_latrine_blocks": null, "has_latrine_blocs": null, "storage_capacity": null, "official_handover_date_to_sector": null, "length_of_the_track": null, "extension_length": null, "number_of_drinking_fountains": null, "estimated_number_of_beneficiaries": 609.0, "refugee_and_internally_displaced_persons_group": null, "has_fence": null, "number_of_sections_of_track_developed": null, "amount_of_the_controllers_contract_in_SES": null, "amount_of_the_contract_for_construction_supervisors": null, "date_signature_contract_facilitator": null, "amount_of_the_facilitator_contract": null, "amount_spent_on_completing_the_infrastructure": null, "amount_spent_on_infrastructure_up_to_provisional_acceptance": null, "number_of_streetlights": null, "distance_covered_by_streetlights": null, "canton": null, "market_name": null }, "geometry": { "type": "Point", "coordinates": [ 0.0, 0.0 ] } },
{ "type": "Feature", "properties": { "id": 747, "number": 165, "joint_subproject_number": 128, "title": "Réalisation d'un forage photovoltaïque pour eau de boisson", "type": "Forages photovoltaïques dans les communautés pour eau de boisson", "subproject_type_designation": "Subproject", "sector": "Eau–Hydraulique", "works_type": "Construction", "component": "COMPOSANTE 1.1", "projects": "COSO", "financiers": "Banque Mondiale", "status": "Remise de l'ouvrage à la communauté 100.0%", "current_status_of_the_site": "Réception définitive", "progress_percent": 100.0, "progress_value": 100.0, "estimated_cost": 20000000.0, "contract_amount_work_companies": 15844577.0, "total_contract_amount_paid": 15844577.0, "amount_of_the_care_and_maintenance_fund_expected": null, "care_and_maintenance_amount_on_village_account": 250000.0, "date_signature_contract_work_companies": "2023-06-20", "date_signature_contract_efme": null, "contract_companies_amount_for_efme": null, "date_signature_contract_controllers_in_SES": null, "date_of_signature_of_contract_for_construction_supervisors": null, "approval_date_cora": "2022-10-28", "launch_date": "2023-06-27", "expected_duration": 3.0, "expected_end_date": "2023-06-22", "work_completion_date": "2023-12-27", "date_of_technical_acceptance_of_work": "2023-12-20", "date_of_provisional_acceptance_of_work": "2023-12-27", "official_handover_date_to_community": "2025-02-14", "existence_of_maintenance_plan": false, "wave": "1", "number_of_classrooms": 0.0, "number_of_infrastructures": 1, "population": 778.0, "direct_beneficiaries_men": 120.0, "direct_beneficiaries_women": 137.0, "women_s_group": "True", "youth_group": null, "breeders_farmers_group": "True", "ethnic_minority_group": "True", "date_of_organization_of_the_social_audit": "2024-02-29", "number_of_participants_m_in_social_audit": 24.0, "number_of_participants_w_in_social_audit": 61.0, "number_of_participants_t_in_social_audit": 85.0, "beneficiary_villages_count": 1, "beneficiary_villages": "2119", "list_of_villages_crossed_by_track_or_electrification": [ ], "infrastructure_changed": null, "infrastructure_deleted": false, "level_of_achievement_donation_certificate": "Maire", "comments": "Relance du processus", "location_name": "TCHIMBIANGBONGUE", "latitude": 0.0, "longitude": 0.0, "hierarchy": "TCHIMBIANGBONGUE > TIMBOU > CINKASSE 2 > CINKASSE > SAVANES", "link_to_subproject": null, "depth_of_drilling": null, "drilling_flow_rate": null, "number_of_latrine_blocks": null, "has_latrine_blocs": null, "storage_capacity": null, "official_handover_date_to_sector": null, "length_of_the_track": null, "extension_length": null, "number_of_drinking_fountains": null, "estimated_number_of_beneficiaries": null, "refugee_and_internally_displaced_persons_group": null, "has_fence": null, "number_of_sections_of_track_developed": null, "amount_of_the_controllers_contract_in_SES": null, "amount_of_the_contract_for_construction_supervisors": null, "date_signature_contract_facilitator": null, "amount_of_the_facilitator_contract": null, "amount_spent_on_completing_the_infrastructure": null, "amount_spent_on_infrastructure_up_to_provisional_acceptance": null, "number_of_streetlights": null, "distance_covered_by_streetlights": null, "canton": null, "market_name": null }, "geometry": { "type": "Point", "coordinates": [ 0.0, 0.0 ] } },
{ "type": "Feature", "properties": { "id": 748, "number": 166, "joint_subproject_number": 129, "title": "Réalisation d'un forage photovoltaïque", "type": "Forages photovoltaïques dans les communautés pour eau de boisson", "subproject_type_designation": "Subproject", "sector": "Eau–Hydraulique", "works_type": "Construction", "component": "COMPOSANTE 1.1", "projects": "COSO", "financiers": "Banque Mondiale", "status": "Remise de l'ouvrage à la communauté 100.0%", "current_status_of_the_site": "Réception définitive", "progress_percent": 100.0, "progress_value": 100.0, "estimated_cost": 20000000.0, "contract_amount_work_companies": 18275624.0, "total_contract_amount_paid": 18275624.0, "amount_of_the_care_and_maintenance_fund_expected": null, "care_and_maintenance_amount_on_village_account": 261000.0, "date_signature_contract_work_companies": "2022-12-16", "date_signature_contract_efme": null, "contract_companies_amount_for_efme": null, "date_signature_contract_controllers_in_SES": "2022-12-16", "date_of_signature_of_contract_for_construction_supervisors": "2022-12-16", "approval_date_cora": "2022-10-28", "launch_date": "2023-03-16", "expected_duration": 3.0, "expected_end_date": "2023-03-16", "work_completion_date": "2023-05-19", "date_of_technical_acceptance_of_work": "2023-05-10", "date_of_provisional_acceptance_of_work": "2023-05-19", "official_handover_date_to_community": "2024-07-17", "existence_of_maintenance_plan": false, "wave": "1", "number_of_classrooms": 0.0, "number_of_infrastructures": 1, "population": 5.0, "direct_beneficiaries_men": 2.0, "direct_beneficiaries_women": 3.0, "women_s_group": "True", "youth_group": null, "breeders_farmers_group": "True", "ethnic_minority_group": "True", "date_of_organization_of_the_social_audit": "2024-03-07", "number_of_participants_m_in_social_audit": 13.0, "number_of_participants_w_in_social_audit": 71.0, "number_of_participants_t_in_social_audit": 84.0, "beneficiary_villages_count": 1, "beneficiary_villages": "2120", "list_of_villages_crossed_by_track_or_electrification": [ ], "infrastructure_changed": null, "infrastructure_deleted": false, "level_of_achievement_donation_certificate": "Maire", "comments": null, "location_name": "TIMBOU CENTRE", "latitude": 0.0, "longitude": 0.0, "hierarchy": "TIMBOU CENTRE > TIMBOU > CINKASSE 2 > CINKASSE > SAVANES", "link_to_subproject": null, "depth_of_drilling": 100.0, "drilling_flow_rate": 5.0, "number_of_latrine_blocks": null, "has_latrine_blocs": null, "storage_capacity": null, "official_handover_date_to_sector": null, "length_of_the_track": null, "extension_length": null, "number_of_drinking_fountains": null, "estimated_number_of_beneficiaries": 970.0, "refugee_and_internally_displaced_persons_group": "True", "has_fence": null, "number_of_sections_of_track_developed": null, "amount_of_the_controllers_contract_in_SES": 200000.0, "amount_of_the_contract_for_construction_supervisors": 301333.0, "date_signature_contract_facilitator": "2022-08-01", "amount_of_the_facilitator_contract": 300000.0, "amount_spent_on_completing_the_infrastructure": null, "amount_spent_on_infrastructure_up_to_provisional_acceptance": null, "number_of_streetlights": null, "distance_covered_by_streetlights": null, "canton": null, "market_name": null }, "geometry": { "type": "Point", "coordinates": [ 0.0, 0.0 ] } },
{ "type": "Feature", "properties": { "id": 749, "number": 167, "joint_subproject_number": 130, "title": "Réalisation d'un forage photovoltaïque", "type": "Forages photovoltaïques dans les communautés pour eau de boisson", "subproject_type_designation": "Subproject", "sector": "Eau–Hydraulique", "works_type": "Construction", "component": "COMPOSANTE 1.1", "projects": "COSO", "financiers": "Banque Mondiale", "status": "Remise de l'ouvrage à la communauté 100.0%", "current_status_of_the_site": "Réception définitive", "progress_percent": 100.0, "progress_value": 100.0, "estimated_cost": 20000000.0, "contract_amount_work_companies": 18487817.0, "total_contract_amount_paid": 18487817.0, "amount_of_the_care_and_maintenance_fund_expected": null, "care_and_maintenance_amount_on_village_account": 245000.0, "date_signature_contract_work_companies": "2022-12-16", "date_signature_contract_efme": null, "contract_companies_amount_for_efme": null, "date_signature_contract_controllers_in_SES": "2022-12-16", "date_of_signature_of_contract_for_construction_supervisors": "2022-12-16", "approval_date_cora": "2022-10-28", "launch_date": "2023-03-16", "expected_duration": 3.0, "expected_end_date": "2023-03-16", "work_completion_date": "2023-05-19", "date_of_technical_acceptance_of_work": "2023-05-10", "date_of_provisional_acceptance_of_work": "2023-05-19", "official_handover_date_to_community": "2024-07-17", "existence_of_maintenance_plan": false, "wave": "1", "number_of_classrooms": 0.0, "number_of_infrastructures": 1, "population": 872.0, "direct_beneficiaries_men": 432.0, "direct_beneficiaries_women": 440.0, "women_s_group": "True", "youth_group": null, "breeders_farmers_group": "True", "ethnic_minority_group": "True", "date_of_organization_of_the_social_audit": "2024-03-14", "number_of_participants_m_in_social_audit": 24.0, "number_of_participants_w_in_social_audit": 61.0, "number_of_participants_t_in_social_audit": 85.0, "beneficiary_villages_count": 1, "beneficiary_villages": "2121", "list_of_villages_crossed_by_track_or_electrification": [ ], "infrastructure_changed": null, "infrastructure_deleted": false, "level_of_achievement_donation_certificate": "Maire", "comments": null, "location_name": "YIEGOU (TIMBOU)", "latitude": 0.0, "longitude": 0.0, "hierarchy": "YIEGOU (TIMBOU) > TIMBOU > CINKASSE 2 > CINKASSE > SAVANES", "link_to_subproject": null, "depth_of_drilling": 100.0, "drilling_flow_rate": 9.0, "number_of_latrine_blocks": null, "has_latrine_blocs": null, "storage_capacity": null, "official_handover_date_to_sector": "2024-07-17", "length_of_the_track": null, "extension_length": null, "number_of_drinking_fountains": null, "estimated_number_of_beneficiaries": 872.0, "refugee_and_internally_displaced_persons_group": null, "has_fence": null, "number_of_sections_of_track_developed": null, "amount_of_the_controllers_contract_in_SES": 200000.0, "amount_of_the_contract_for_construction_supervisors": 301333.0, "date_signature_contract_facilitator": "2022-08-01", "amount_of_the_facilitator_contract": 300000.0, "amount_spent_on_completing_the_infrastructure": null, "amount_spent_on_infrastructure_up_to_provisional_acceptance": null, "number_of_streetlights": null, "distance_covered_by_streetlights": null, "canton": null, "market_name": null }, "geometry": { "type": "Point", "coordinates": [ 0.0, 0.0 ] } },
{ "type": "Feature", "properties": { "id": 750, "number": 168, "joint_subproject_number": 131, "title": "Réalisation d'un forage photovoltaïque ", "type": "Forages photovoltaïques dans les communautés pour eau de boisson", "subproject_type_designation": "Subproject", "sector": "Eau–Hydraulique", "works_type": "Construction", "component": "COMPOSANTE 1.1", "projects": "COSO", "financiers": "Banque Mondiale", "status": "Remise de l'ouvrage à la communauté 100.0%", "current_status_of_the_site": "Réception définitive", "progress_percent": 100.0, "progress_value": 100.0, "estimated_cost": 20000000.0, "contract_amount_work_companies": 14418514.0, "total_contract_amount_paid": 14418514.0, "amount_of_the_care_and_maintenance_fund_expected": null, "care_and_maintenance_amount_on_village_account": 255000.0, "date_signature_contract_work_companies": "2023-03-16", "date_signature_contract_efme": null, "contract_companies_amount_for_efme": null, "date_signature_contract_controllers_in_SES": null, "date_of_signature_of_contract_for_construction_supervisors": null, "approval_date_cora": "2022-10-28", "launch_date": "2023-03-30", "expected_duration": 3.0, "expected_end_date": "2023-06-30", "work_completion_date": "2023-08-17", "date_of_technical_acceptance_of_work": "2023-08-16", "date_of_provisional_acceptance_of_work": "2023-08-17", "official_handover_date_to_community": "2025-04-29", "existence_of_maintenance_plan": false, "wave": "1", "number_of_classrooms": 0.0, "number_of_infrastructures": 1, "population": 626.0, "direct_beneficiaries_men": 380.0, "direct_beneficiaries_women": 246.0, "women_s_group": "True", "youth_group": "True", "breeders_farmers_group": "True", "ethnic_minority_group": null, "date_of_organization_of_the_social_audit": "2024-03-06", "number_of_participants_m_in_social_audit": 27.0, "number_of_participants_w_in_social_audit": 85.0, "number_of_participants_t_in_social_audit": 112.0, "beneficiary_villages_count": 1, "beneficiary_villages": "3854", "list_of_villages_crossed_by_track_or_electrification": [ ], "infrastructure_changed": "True", "infrastructure_deleted": false, "level_of_achievement_donation_certificate": "Maire", "comments": "Géophysique", "location_name": "YOABOUANI", "latitude": 0.0, "longitude": 0.0, "hierarchy": "YOABOUANI > TIMBOU > CINKASSE 2 > CINKASSE > SAVANES", "link_to_subproject": null, "depth_of_drilling": 33.68, "drilling_flow_rate": 6.0, "number_of_latrine_blocks": null, "has_latrine_blocs": null, "storage_capacity": null, "official_handover_date_to_sector": null, "length_of_the_track": null, "extension_length": null, "number_of_drinking_fountains": null, "estimated_number_of_beneficiaries": 626.0, "refugee_and_internally_displaced_persons_group": "True", "has_fence": null, "number_of_sections_of_track_developed": null, "amount_of_the_controllers_contract_in_SES": null, "amount_of_the_contract_for_construction_supervisors": null, "date_signature_contract_facilitator": null, "amount_of_the_facilitator_contract": null, "amount_spent_on_completing_the_infrastructure": null, "amount_spent_on_infrastructure_up_to_provisional_acceptance": null, "number_of_streetlights": null, "distance_covered_by_streetlights": null, "canton": null, "market_name": null }, "geometry": { "type": "Point", "coordinates": [ 0.0, 0.0 ] } },
{ "type": "Feature", "properties": { "id": 754, "number": 172, "joint_subproject_number": 134, "title": "Construction d'un bâtiment scolaire de trois classes + bureau et magasin + forage photovoltaïque à EPP Djabdjoare 2 ", "type": "Forages photovoltaïques dans les établissements scolaires", "subproject_type_designation": "Infrastructure", "sector": "Eau–Hydraulique", "works_type": "Construction", "component": "COMPOSANTE 1.1", "projects": "COSO", "financiers": "Banque Mondiale", "status": "Réception provisoire 100.0%", "current_status_of_the_site": "Réception provisoire", "progress_percent": 0.0, "progress_value": 100.0, "estimated_cost": 20000000.0, "contract_amount_work_companies": 20176702.0, "total_contract_amount_paid": 20176702.0, "amount_of_the_care_and_maintenance_fund_expected": null, "care_and_maintenance_amount_on_village_account": null, "date_signature_contract_work_companies": "2025-02-20", "date_signature_contract_efme": null, "contract_companies_amount_for_efme": null, "date_signature_contract_controllers_in_SES": null, "date_of_signature_of_contract_for_construction_supervisors": null, "approval_date_cora": "2023-02-22", "launch_date": "2025-03-07", "expected_duration": 3.0, "expected_end_date": "2025-06-07", "work_completion_date": "2025-08-11", "date_of_technical_acceptance_of_work": "2025-08-14", "date_of_provisional_acceptance_of_work": "2025-08-21", "official_handover_date_to_community": null, "existence_of_maintenance_plan": false, "wave": "2", "number_of_classrooms": 0.0, "number_of_infrastructures": 1, "population": 1148.0, "direct_beneficiaries_men": 498.0, "direct_beneficiaries_women": 650.0, "women_s_group": "True", "youth_group": null, "breeders_farmers_group": "True", "ethnic_minority_group": "True", "date_of_organization_of_the_social_audit": null, "number_of_participants_m_in_social_audit": null, "number_of_participants_w_in_social_audit": null, "number_of_participants_t_in_social_audit": null, "beneficiary_villages_count": 1, "beneficiary_villages": "2132", "list_of_villages_crossed_by_track_or_electrification": [ ], "infrastructure_changed": null, "infrastructure_deleted": false, "level_of_achievement_donation_certificate": null, "comments": null, "location_name": "DJABDJOARE 2", "latitude": 0.0, "longitude": 0.0, "hierarchy": "DJABDJOARE 2 > KOUNDJOARE > KPENDJAL 1 > KPENDJAL > SAVANES", "link_to_subproject": 753.0, "depth_of_drilling": null, "drilling_flow_rate": null, "number_of_latrine_blocks": null, "has_latrine_blocs": null, "storage_capacity": null, "official_handover_date_to_sector": null, "length_of_the_track": null, "extension_length": null, "number_of_drinking_fountains": null, "estimated_number_of_beneficiaries": 1148.0, "refugee_and_internally_displaced_persons_group": null, "has_fence": null, "number_of_sections_of_track_developed": null, "amount_of_the_controllers_contract_in_SES": null, "amount_of_the_contract_for_construction_supervisors": null, "date_signature_contract_facilitator": null, "amount_of_the_facilitator_contract": null, "amount_spent_on_completing_the_infrastructure": null, "amount_spent_on_infrastructure_up_to_provisional_acceptance": null, "number_of_streetlights": null, "distance_covered_by_streetlights": null, "canton": null, "market_name": null }, "geometry": { "type": "Point", "coordinates": [ 0.0, 0.0 ] } },
{ "type": "Feature", "properties": { "id": 756, "number": 174, "joint_subproject_number": 136, "title": "Réalisation d’un forage photovoltaïque pour maraîchage", "type": "Forages photovoltaïques pour les activités maraîchères", "subproject_type_designation": "Subproject", "sector": "Eau–Hydraulique", "works_type": "Construction", "component": "COMPOSANTE 1.1", "projects": "COSO", "financiers": "Banque Mondiale", "status": "Réception provisoire 100.0%", "current_status_of_the_site": "Réception provisoire", "progress_percent": 100.0, "progress_value": 100.0, "estimated_cost": 20000000.0, "contract_amount_work_companies": 23758085.0, "total_contract_amount_paid": 23758085.0, "amount_of_the_care_and_maintenance_fund_expected": null, "care_and_maintenance_amount_on_village_account": null, "date_signature_contract_work_companies": "2025-02-24", "date_signature_contract_efme": null, "contract_companies_amount_for_efme": null, "date_signature_contract_controllers_in_SES": null, "date_of_signature_of_contract_for_construction_supervisors": null, "approval_date_cora": "2023-02-22", "launch_date": "2025-03-06", "expected_duration": 3.0, "expected_end_date": "2025-06-06", "work_completion_date": "2025-08-11", "date_of_technical_acceptance_of_work": "2025-10-14", "date_of_provisional_acceptance_of_work": "2025-10-24", "official_handover_date_to_community": null, "existence_of_maintenance_plan": false, "wave": "2", "number_of_classrooms": 0.0, "number_of_infrastructures": 1, "population": 994.0, "direct_beneficiaries_men": 469.0, "direct_beneficiaries_women": 525.0, "women_s_group": "True", "youth_group": "True", "breeders_farmers_group": "True", "ethnic_minority_group": "True", "date_of_organization_of_the_social_audit": "2025-10-29", "number_of_participants_m_in_social_audit": 35.0, "number_of_participants_w_in_social_audit": 42.0, "number_of_participants_t_in_social_audit": 77.0, "beneficiary_villages_count": 1, "beneficiary_villages": "2138", "list_of_villages_crossed_by_track_or_electrification": [ ], "infrastructure_changed": null, "infrastructure_deleted": false, "level_of_achievement_donation_certificate": null, "comments": null, "location_name": "GNANLE", "latitude": null, "longitude": null, "hierarchy": "GNANLE > KOUNDJOARE > KPENDJAL 1 > KPENDJAL > SAVANES", "link_to_subproject": null, "depth_of_drilling": null, "drilling_flow_rate": null, "number_of_latrine_blocks": null, "has_latrine_blocs": null, "storage_capacity": null, "official_handover_date_to_sector": null, "length_of_the_track": null, "extension_length": null, "number_of_drinking_fountains": null, "estimated_number_of_beneficiaries": null, "refugee_and_internally_displaced_persons_group": null, "has_fence": null, "number_of_sections_of_track_developed": null, "amount_of_the_controllers_contract_in_SES": null, "amount_of_the_contract_for_construction_supervisors": null, "date_signature_contract_facilitator": null, "amount_of_the_facilitator_contract": null, "amount_spent_on_completing_the_infrastructure": null, "amount_spent_on_infrastructure_up_to_provisional_acceptance": null, "number_of_streetlights": null, "distance_covered_by_streetlights": null, "canton": null, "market_name": null }, "geometry": null },
{ "type": "Feature", "properties": { "id": 762, "number": 180, "joint_subproject_number": 141, "title": "Construction d'un bâtiment scolaire de trois classes + bureau et magasin + forage photovoltaïque à EPP Tomole", "type": "Forages photovoltaïques dans les établissements scolaires", "subproject_type_designation": "Infrastructure", "sector": "Eau–Hydraulique", "works_type": "Construction", "component": "COMPOSANTE 1.1", "projects": "COSO", "financiers": "Banque Mondiale", "status": "Réception provisoire 100.0%", "current_status_of_the_site": "Réception provisoire", "progress_percent": 0.0, "progress_value": 100.0, "estimated_cost": 20000000.0, "contract_amount_work_companies": 20176702.0, "total_contract_amount_paid": 20176702.0, "amount_of_the_care_and_maintenance_fund_expected": null, "care_and_maintenance_amount_on_village_account": null, "date_signature_contract_work_companies": "2025-02-20", "date_signature_contract_efme": null, "contract_companies_amount_for_efme": null, "date_signature_contract_controllers_in_SES": null, "date_of_signature_of_contract_for_construction_supervisors": null, "approval_date_cora": "2023-02-22", "launch_date": "2025-03-20", "expected_duration": 3.0, "expected_end_date": "2025-06-07", "work_completion_date": "2025-08-14", "date_of_technical_acceptance_of_work": "2025-08-14", "date_of_provisional_acceptance_of_work": "2025-08-21", "official_handover_date_to_community": null, "existence_of_maintenance_plan": false, "wave": "2", "number_of_classrooms": 0.0, "number_of_infrastructures": 1, "population": 411.0, "direct_beneficiaries_men": 191.0, "direct_beneficiaries_women": 220.0, "women_s_group": "True", "youth_group": null, "breeders_farmers_group": "True", "ethnic_minority_group": "True", "date_of_organization_of_the_social_audit": null, "number_of_participants_m_in_social_audit": null, "number_of_participants_w_in_social_audit": null, "number_of_participants_t_in_social_audit": null, "beneficiary_villages_count": 1, "beneficiary_villages": "3882", "list_of_villages_crossed_by_track_or_electrification": [ ], "infrastructure_changed": null, "infrastructure_deleted": false, "level_of_achievement_donation_certificate": null, "comments": null, "location_name": "TOMONLE", "latitude": 10.884821, "longitude": 0.669152, "hierarchy": "TOMONLE > KOUNDJOARE > KPENDJAL 1 > KPENDJAL > SAVANES", "link_to_subproject": 761.0, "depth_of_drilling": 70.0, "drilling_flow_rate": 6.13, "number_of_latrine_blocks": null, "has_latrine_blocs": null, "storage_capacity": null, "official_handover_date_to_sector": null, "length_of_the_track": null, "extension_length": null, "number_of_drinking_fountains": null, "estimated_number_of_beneficiaries": null, "refugee_and_internally_displaced_persons_group": null, "has_fence": null, "number_of_sections_of_track_developed": null, "amount_of_the_controllers_contract_in_SES": null, "amount_of_the_contract_for_construction_supervisors": null, "date_signature_contract_facilitator": null, "amount_of_the_facilitator_contract": null, "amount_spent_on_completing_the_infrastructure": null, "amount_spent_on_infrastructure_up_to_provisional_acceptance": null, "number_of_streetlights": null, "distance_covered_by_streetlights": null, "canton": null, "market_name": null }, "geometry": { "type": "Point", "coordinates": [ 0.669152, 10.884821 ] } },
{ "type": "Feature", "properties": { "id": 770, "number": 188, "joint_subproject_number": 148, "title": "Construction d’un centre communautaire à Mandouri Centre + forage photovoltaïque", "type": "Forage Photovoltaïque (Centre communautaire)", "subproject_type_designation": "Infrastructure", "sector": "Eau–Hydraulique", "works_type": "Construction", "component": "COMPOSANTE 1.1", "projects": "COSO", "financiers": "Banque Mondiale", "status": "Réception définitive 100.0%", "current_status_of_the_site": "Réception définitive", "progress_percent": 0.0, "progress_value": 100.0, "estimated_cost": 20000000.0, "contract_amount_work_companies": 11751680.0, "total_contract_amount_paid": 11751680.0, "amount_of_the_care_and_maintenance_fund_expected": null, "care_and_maintenance_amount_on_village_account": null, "date_signature_contract_work_companies": "2024-01-18", "date_signature_contract_efme": null, "contract_companies_amount_for_efme": null, "date_signature_contract_controllers_in_SES": null, "date_of_signature_of_contract_for_construction_supervisors": null, "approval_date_cora": "2023-02-22", "launch_date": "2024-01-23", "expected_duration": 3.0, "expected_end_date": null, "work_completion_date": "2024-06-19", "date_of_technical_acceptance_of_work": null, "date_of_provisional_acceptance_of_work": "2024-07-03", "official_handover_date_to_community": "2025-08-28", "existence_of_maintenance_plan": false, "wave": "2", "number_of_classrooms": 0.0, "number_of_infrastructures": 1, "population": 6700.0, "direct_beneficiaries_men": 2000.0, "direct_beneficiaries_women": 4700.0, "women_s_group": null, "youth_group": null, "breeders_farmers_group": null, "ethnic_minority_group": null, "date_of_organization_of_the_social_audit": "2025-03-25", "number_of_participants_m_in_social_audit": 110.0, "number_of_participants_w_in_social_audit": 90.0, "number_of_participants_t_in_social_audit": 200.0, "beneficiary_villages_count": 1, "beneficiary_villages": "4003", "list_of_villages_crossed_by_track_or_electrification": [ ], "infrastructure_changed": null, "infrastructure_deleted": false, "level_of_achievement_donation_certificate": null, "comments": null, "location_name": "MANDOURI CENTRE", "latitude": 10.846096, "longitude": 0.817863, "hierarchy": "MANDOURI CENTRE > MANDOURI > KPENDJAL 1 > KPENDJAL > SAVANES", "link_to_subproject": 769.0, "depth_of_drilling": null, "drilling_flow_rate": null, "number_of_latrine_blocks": null, "has_latrine_blocs": null, "storage_capacity": null, "official_handover_date_to_sector": null, "length_of_the_track": null, "extension_length": null, "number_of_drinking_fountains": null, "estimated_number_of_beneficiaries": null, "refugee_and_internally_displaced_persons_group": null, "has_fence": null, "number_of_sections_of_track_developed": null, "amount_of_the_controllers_contract_in_SES": null, "amount_of_the_contract_for_construction_supervisors": null, "date_signature_contract_facilitator": null, "amount_of_the_facilitator_contract": null, "amount_spent_on_completing_the_infrastructure": null, "amount_spent_on_infrastructure_up_to_provisional_acceptance": null, "number_of_streetlights": null, "distance_covered_by_streetlights": null, "canton": null, "market_name": null }, "geometry": { "type": "Point", "coordinates": [ 0.817863, 10.846096 ] } },
{ "type": "Feature", "properties": { "id": 783, "number": 201, "joint_subproject_number": 160, "title": "Construction et équipement d’un Centre Communautaire à Papri centre + forage photovoltaïque", "type": "Forage Photovoltaïque (Centre communautaire)", "subproject_type_designation": "Infrastructure", "sector": "Eau–Hydraulique", "works_type": "Construction", "component": "COMPOSANTE 1.1", "projects": "COSO", "financiers": "Banque Mondiale", "status": "Remise de l'ouvrage à la communauté 100.0%", "current_status_of_the_site": "Réception provisoire", "progress_percent": 100.0, "progress_value": 100.0, "estimated_cost": 20000000.0, "contract_amount_work_companies": 12343730.0, "total_contract_amount_paid": 12343730.0, "amount_of_the_care_and_maintenance_fund_expected": null, "care_and_maintenance_amount_on_village_account": 190000.0, "date_signature_contract_work_companies": "2024-01-15", "date_signature_contract_efme": null, "contract_companies_amount_for_efme": null, "date_signature_contract_controllers_in_SES": null, "date_of_signature_of_contract_for_construction_supervisors": null, "approval_date_cora": "2023-02-22", "launch_date": "2024-01-18", "expected_duration": 3.0, "expected_end_date": "2024-04-15", "work_completion_date": "2024-04-03", "date_of_technical_acceptance_of_work": null, "date_of_provisional_acceptance_of_work": "2024-04-11", "official_handover_date_to_community": null, "existence_of_maintenance_plan": true, "wave": "2", "number_of_classrooms": 0.0, "number_of_infrastructures": 1, "population": 1813.0, "direct_beneficiaries_men": 719.0, "direct_beneficiaries_women": 1094.0, "women_s_group": "True", "youth_group": "True", "breeders_farmers_group": "True", "ethnic_minority_group": "True", "date_of_organization_of_the_social_audit": "2024-10-31", "number_of_participants_m_in_social_audit": 32.0, "number_of_participants_w_in_social_audit": 117.0, "number_of_participants_t_in_social_audit": 149.0, "beneficiary_villages_count": 1, "beneficiary_villages": "3985", "list_of_villages_crossed_by_track_or_electrification": [ ], "infrastructure_changed": null, "infrastructure_deleted": false, "level_of_achievement_donation_certificate": "Maire", "comments": null, "location_name": "PAPRI-CENTRE", "latitude": 0.0, "longitude": 0.0, "hierarchy": "PAPRI-CENTRE > PAPRI > KPENDJAL OUEST 2 > KPENDJAL OUEST > SAVANES", "link_to_subproject": 782.0, "depth_of_drilling": 54.9, "drilling_flow_rate": 12.0, "number_of_latrine_blocks": null, "has_latrine_blocs": null, "storage_capacity": null, "official_handover_date_to_sector": null, "length_of_the_track": null, "extension_length": null, "number_of_drinking_fountains": null, "estimated_number_of_beneficiaries": null, "refugee_and_internally_displaced_persons_group": null, "has_fence": null, "number_of_sections_of_track_developed": null, "amount_of_the_controllers_contract_in_SES": null, "amount_of_the_contract_for_construction_supervisors": null, "date_signature_contract_facilitator": null, "amount_of_the_facilitator_contract": null, "amount_spent_on_completing_the_infrastructure": null, "amount_spent_on_infrastructure_up_to_provisional_acceptance": null, "number_of_streetlights": null, "distance_covered_by_streetlights": null, "canton": null, "market_name": null }, "geometry": { "type": "Point", "coordinates": [ 0.0, 0.0 ] } },
{ "type": "Feature", "properties": { "id": 792, "number": 210, "joint_subproject_number": 168, "title": "Construction et équipement d’un Centre Communautaire à Pogno-centre + forage photovoltaïque", "type": "Forage Photovoltaïque (Centre communautaire)", "subproject_type_designation": "Infrastructure", "sector": "Eau–Hydraulique", "works_type": "Construction", "component": "COMPOSANTE 1.1", "projects": "COSO", "financiers": "Banque Mondiale", "status": "Remise de l'ouvrage à la communauté 100.0%", "current_status_of_the_site": "Réception définitive", "progress_percent": 100.0, "progress_value": 100.0, "estimated_cost": 20000000.0, "contract_amount_work_companies": 13840268.0, "total_contract_amount_paid": 27680536.0, "amount_of_the_care_and_maintenance_fund_expected": null, "care_and_maintenance_amount_on_village_account": 30000.0, "date_signature_contract_work_companies": "2024-01-29", "date_signature_contract_efme": null, "contract_companies_amount_for_efme": 13840268.0, "date_signature_contract_controllers_in_SES": null, "date_of_signature_of_contract_for_construction_supervisors": null, "approval_date_cora": "2023-02-22", "launch_date": "2024-02-10", "expected_duration": 3.0, "expected_end_date": "2025-05-09", "work_completion_date": "2024-04-13", "date_of_technical_acceptance_of_work": null, "date_of_provisional_acceptance_of_work": "2024-04-24", "official_handover_date_to_community": "2025-06-05", "existence_of_maintenance_plan": true, "wave": "2", "number_of_classrooms": 0.0, "number_of_infrastructures": 1, "population": 4453.0, "direct_beneficiaries_men": 1718.0, "direct_beneficiaries_women": 2735.0, "women_s_group": null, "youth_group": null, "breeders_farmers_group": null, "ethnic_minority_group": "True", "date_of_organization_of_the_social_audit": "2024-10-18", "number_of_participants_m_in_social_audit": 21.0, "number_of_participants_w_in_social_audit": 52.0, "number_of_participants_t_in_social_audit": 73.0, "beneficiary_villages_count": 1, "beneficiary_villages": "2395", "list_of_villages_crossed_by_track_or_electrification": [ ], "infrastructure_changed": null, "infrastructure_deleted": false, "level_of_achievement_donation_certificate": null, "comments": null, "location_name": "POGNO CENTRE", "latitude": 0.0, "longitude": 0.0, "hierarchy": "POGNO CENTRE > POGNO > KPENDJAL OUEST 2 > KPENDJAL OUEST > SAVANES", "link_to_subproject": 791.0, "depth_of_drilling": null, "drilling_flow_rate": null, "number_of_latrine_blocks": null, "has_latrine_blocs": null, "storage_capacity": null, "official_handover_date_to_sector": null, "length_of_the_track": null, "extension_length": null, "number_of_drinking_fountains": null, "estimated_number_of_beneficiaries": null, "refugee_and_internally_displaced_persons_group": "True", "has_fence": null, "number_of_sections_of_track_developed": null, "amount_of_the_controllers_contract_in_SES": null, "amount_of_the_contract_for_construction_supervisors": null, "date_signature_contract_facilitator": null, "amount_of_the_facilitator_contract": null, "amount_spent_on_completing_the_infrastructure": null, "amount_spent_on_infrastructure_up_to_provisional_acceptance": null, "number_of_streetlights": null, "distance_covered_by_streetlights": null, "canton": null, "market_name": null }, "geometry": { "type": "Point", "coordinates": [ 0.0, 0.0 ] } },
{ "type": "Feature", "properties": { "id": 802, "number": 220, "joint_subproject_number": 176, "title": "Electrification (installation des lampadaires solaires", "type": "Forages photovoltaïques dans les communautés pour eau de boisson", "subproject_type_designation": "Subproject", "sector": "Eau–Hydraulique", "works_type": "Construction", "component": "COMPOSANTE 1.1", "projects": "COSO", "financiers": "Banque Mondiale", "status": "Réception provisoire 100.0%", "current_status_of_the_site": "Réception provisoire", "progress_percent": 0.0, "progress_value": 100.0, "estimated_cost": 22773165.0, "contract_amount_work_companies": 14291152.0, "total_contract_amount_paid": 14291152.0, "amount_of_the_care_and_maintenance_fund_expected": null, "care_and_maintenance_amount_on_village_account": null, "date_signature_contract_work_companies": "2025-02-19", "date_signature_contract_efme": null, "contract_companies_amount_for_efme": null, "date_signature_contract_controllers_in_SES": null, "date_of_signature_of_contract_for_construction_supervisors": null, "approval_date_cora": "2023-02-22", "launch_date": "2025-02-25", "expected_duration": 3.0, "expected_end_date": "2025-05-25", "work_completion_date": "2025-05-23", "date_of_technical_acceptance_of_work": "2025-06-03", "date_of_provisional_acceptance_of_work": "2025-06-19", "official_handover_date_to_community": null, "existence_of_maintenance_plan": false, "wave": "3", "number_of_classrooms": 0.0, "number_of_infrastructures": 1, "population": 186.0, "direct_beneficiaries_men": 83.0, "direct_beneficiaries_women": 103.0, "women_s_group": "True", "youth_group": null, "breeders_farmers_group": "True", "ethnic_minority_group": "True", "date_of_organization_of_the_social_audit": "2025-11-05", "number_of_participants_m_in_social_audit": 22.0, "number_of_participants_w_in_social_audit": 84.0, "number_of_participants_t_in_social_audit": 106.0, "beneficiary_villages_count": 3, "beneficiary_villages": "3175; 3958; 3959", "list_of_villages_crossed_by_track_or_electrification": [ ], "infrastructure_changed": null, "infrastructure_deleted": false, "level_of_achievement_donation_certificate": null, "comments": null, "location_name": "TALGUIMBOUNTE 1", "latitude": 0.0, "longitude": 0.0, "hierarchy": "TALGUIMBOUNTE 1 > KOURIENTRE > TONE 1 > TONE > SAVANES", "link_to_subproject": null, "depth_of_drilling": null, "drilling_flow_rate": null, "number_of_latrine_blocks": null, "has_latrine_blocs": null, "storage_capacity": null, "official_handover_date_to_sector": null, "length_of_the_track": null, "extension_length": null, "number_of_drinking_fountains": null, "estimated_number_of_beneficiaries": 500.0, "refugee_and_internally_displaced_persons_group": null, "has_fence": null, "number_of_sections_of_track_developed": null, "amount_of_the_controllers_contract_in_SES": null, "amount_of_the_contract_for_construction_supervisors": null, "date_signature_contract_facilitator": null, "amount_of_the_facilitator_contract": null, "amount_spent_on_completing_the_infrastructure": null, "amount_spent_on_infrastructure_up_to_provisional_acceptance": null, "number_of_streetlights": null, "distance_covered_by_streetlights": null, "canton": null, "market_name": null }, "geometry": { "type": "Point", "coordinates": [ 0.0, 0.0 ] } },
{ "type": "Feature", "properties": { "id": 818, "number": 236, "joint_subproject_number": 191, "title": "Construction d'un Bâtiment scolaire de 3 salles de classe avec bureau et magasin clôturé plus deux blocs de latrine", "type": "Forages photovoltaïques dans les établissements scolaires", "subproject_type_designation": "Infrastructure", "sector": "Eau–Hydraulique", "works_type": "Construction", "component": "COMPOSANTE 1.1", "projects": "COSO", "financiers": "Banque Mondiale", "status": "Réception définitive 100.0%", "current_status_of_the_site": "Réception définitive", "progress_percent": 60.0, "progress_value": 100.0, "estimated_cost": 20000000.0, "contract_amount_work_companies": 7962981.0, "total_contract_amount_paid": 7962981.0, "amount_of_the_care_and_maintenance_fund_expected": null, "care_and_maintenance_amount_on_village_account": null, "date_signature_contract_work_companies": "2024-10-02", "date_signature_contract_efme": null, "contract_companies_amount_for_efme": null, "date_signature_contract_controllers_in_SES": null, "date_of_signature_of_contract_for_construction_supervisors": null, "approval_date_cora": "2023-02-22", "launch_date": "2024-10-02", "expected_duration": 2.0, "expected_end_date": "2024-12-02", "work_completion_date": "2024-11-20", "date_of_technical_acceptance_of_work": "2024-11-20", "date_of_provisional_acceptance_of_work": "2024-12-05", "official_handover_date_to_community": "2025-12-10", "existence_of_maintenance_plan": true, "wave": "2", "number_of_classrooms": 0.0, "number_of_infrastructures": 1, "population": 467.0, "direct_beneficiaries_men": 10.0, "direct_beneficiaries_women": 20.0, "women_s_group": "True", "youth_group": "True", "breeders_farmers_group": "True", "ethnic_minority_group": null, "date_of_organization_of_the_social_audit": "2024-03-16", "number_of_participants_m_in_social_audit": 53.0, "number_of_participants_w_in_social_audit": 94.0, "number_of_participants_t_in_social_audit": 147.0, "beneficiary_villages_count": 1, "beneficiary_villages": "3987", "list_of_villages_crossed_by_track_or_electrification": [ ], "infrastructure_changed": null, "infrastructure_deleted": false, "level_of_achievement_donation_certificate": "Maire", "comments": null, "location_name": "DJANKOGUE", "latitude": 0.0, "longitude": 0.0, "hierarchy": "DJANKOGUE > KORBONGOU > TONE 4 > TONE > SAVANES", "link_to_subproject": 817.0, "depth_of_drilling": null, "drilling_flow_rate": null, "number_of_latrine_blocks": null, "has_latrine_blocs": null, "storage_capacity": null, "official_handover_date_to_sector": null, "length_of_the_track": null, "extension_length": null, "number_of_drinking_fountains": null, "estimated_number_of_beneficiaries": null, "refugee_and_internally_displaced_persons_group": null, "has_fence": null, "number_of_sections_of_track_developed": null, "amount_of_the_controllers_contract_in_SES": null, "amount_of_the_contract_for_construction_supervisors": null, "date_signature_contract_facilitator": null, "amount_of_the_facilitator_contract": null, "amount_spent_on_completing_the_infrastructure": null, "amount_spent_on_infrastructure_up_to_provisional_acceptance": null, "number_of_streetlights": null, "distance_covered_by_streetlights": null, "canton": null, "market_name": null }, "geometry": { "type": "Point", "coordinates": [ 0.0, 0.0 ] } },
{ "type": "Feature", "properties": { "id": 820, "number": 238, "joint_subproject_number": 192, "title": "Construction et équipement d'un bâtiment scolaire de 03 classes avec un bureau- magasin + 2 blocs de latrines + forages photovoltaïques à EPP Djapiebagou", "type": "Forages photovoltaïques dans les communautés pour eau de boisson", "subproject_type_designation": "Infrastructure", "sector": "Eau–Hydraulique", "works_type": "Construction", "component": "COMPOSANTE 1.1", "projects": "COSO", "financiers": "Banque Mondiale", "status": "Réception provisoire 100.0%", "current_status_of_the_site": "Réception provisoire", "progress_percent": 0.0, "progress_value": 100.0, "estimated_cost": 20000000.0, "contract_amount_work_companies": 15144852.0, "total_contract_amount_paid": 15144852.0, "amount_of_the_care_and_maintenance_fund_expected": null, "care_and_maintenance_amount_on_village_account": null, "date_signature_contract_work_companies": "2025-02-28", "date_signature_contract_efme": null, "contract_companies_amount_for_efme": null, "date_signature_contract_controllers_in_SES": null, "date_of_signature_of_contract_for_construction_supervisors": null, "approval_date_cora": "2023-02-22", "launch_date": "2025-03-06", "expected_duration": 3.0, "expected_end_date": "2025-06-05", "work_completion_date": "2025-06-23", "date_of_technical_acceptance_of_work": "2025-06-25", "date_of_provisional_acceptance_of_work": "2025-06-25", "official_handover_date_to_community": null, "existence_of_maintenance_plan": false, "wave": "2", "number_of_classrooms": 0.0, "number_of_infrastructures": 1, "population": 380.0, "direct_beneficiaries_men": 128.0, "direct_beneficiaries_women": 252.0, "women_s_group": "True", "youth_group": "True", "breeders_farmers_group": "True", "ethnic_minority_group": null, "date_of_organization_of_the_social_audit": "2024-04-05", "number_of_participants_m_in_social_audit": 47.0, "number_of_participants_w_in_social_audit": 70.0, "number_of_participants_t_in_social_audit": 117.0, "beneficiary_villages_count": 1, "beneficiary_villages": "3698", "list_of_villages_crossed_by_track_or_electrification": [ ], "infrastructure_changed": null, "infrastructure_deleted": false, "level_of_achievement_donation_certificate": "Aucun", "comments": null, "location_name": "DJAPIEMBAGOU", "latitude": 0.0, "longitude": 0.0, "hierarchy": "DJAPIEMBAGOU > KORBONGOU > TONE 4 > TONE > SAVANES", "link_to_subproject": 819.0, "depth_of_drilling": null, "drilling_flow_rate": null, "number_of_latrine_blocks": null, "has_latrine_blocs": null, "storage_capacity": null, "official_handover_date_to_sector": null, "length_of_the_track": null, "extension_length": null, "number_of_drinking_fountains": null, "estimated_number_of_beneficiaries": 380.0, "refugee_and_internally_displaced_persons_group": null, "has_fence": null, "number_of_sections_of_track_developed": null, "amount_of_the_controllers_contract_in_SES": null, "amount_of_the_contract_for_construction_supervisors": null, "date_signature_contract_facilitator": null, "amount_of_the_facilitator_contract": null, "amount_spent_on_completing_the_infrastructure": null, "amount_spent_on_infrastructure_up_to_provisional_acceptance": null, "number_of_streetlights": null, "distance_covered_by_streetlights": null, "canton": null, "market_name": null }, "geometry": { "type": "Point", "coordinates": [ 0.0, 0.0 ] } },
{ "type": "Feature", "properties": { "id": 846, "number": 264, "joint_subproject_number": 213, "title": "Construction d'un centre communautaire à NALI ANGOH", "type": "Forage Photovoltaïque (Centre communautaire)", "subproject_type_designation": "Infrastructure", "sector": "Eau–Hydraulique", "works_type": "Construction", "component": "COMPOSANTE 1.1", "projects": "COSO", "financiers": "Banque Mondiale", "status": "Remise de l'ouvrage à la communauté 100.0%", "current_status_of_the_site": "Réception provisoire", "progress_percent": 100.0, "progress_value": 100.0, "estimated_cost": 20000000.0, "contract_amount_work_companies": 17001031.0, "total_contract_amount_paid": 17001031.0, "amount_of_the_care_and_maintenance_fund_expected": 250000.0, "care_and_maintenance_amount_on_village_account": 230000.0, "date_signature_contract_work_companies": "2024-05-03", "date_signature_contract_efme": null, "contract_companies_amount_for_efme": null, "date_signature_contract_controllers_in_SES": null, "date_of_signature_of_contract_for_construction_supervisors": null, "approval_date_cora": "2023-09-08", "launch_date": "2024-06-06", "expected_duration": 3.0, "expected_end_date": "2024-08-06", "work_completion_date": "2024-09-24", "date_of_technical_acceptance_of_work": "2025-01-02", "date_of_provisional_acceptance_of_work": "2025-01-15", "official_handover_date_to_community": "2025-01-15", "existence_of_maintenance_plan": true, "wave": "4", "number_of_classrooms": 0.0, "number_of_infrastructures": 1, "population": 942.0, "direct_beneficiaries_men": 440.0, "direct_beneficiaries_women": 502.0, "women_s_group": "True", "youth_group": "True", "breeders_farmers_group": "True", "ethnic_minority_group": "True", "date_of_organization_of_the_social_audit": null, "number_of_participants_m_in_social_audit": null, "number_of_participants_w_in_social_audit": null, "number_of_participants_t_in_social_audit": null, "beneficiary_villages_count": 1, "beneficiary_villages": "4067", "list_of_villages_crossed_by_track_or_electrification": [ ], "infrastructure_changed": "True", "infrastructure_deleted": false, "level_of_achievement_donation_certificate": "Niveau Maire", "comments": null, "location_name": "NALI ANGOH", "latitude": 10.0454774, "longitude": 0.4536523, "hierarchy": "NALI ANGOH > NALI > OTI SUD 2 > OTI SUD > SAVANES", "link_to_subproject": 845.0, "depth_of_drilling": 156.0, "drilling_flow_rate": 2.2, "number_of_latrine_blocks": null, "has_latrine_blocs": null, "storage_capacity": null, "official_handover_date_to_sector": null, "length_of_the_track": null, "extension_length": null, "number_of_drinking_fountains": null, "estimated_number_of_beneficiaries": null, "refugee_and_internally_displaced_persons_group": null, "has_fence": null, "number_of_sections_of_track_developed": null, "amount_of_the_controllers_contract_in_SES": null, "amount_of_the_contract_for_construction_supervisors": null, "date_signature_contract_facilitator": null, "amount_of_the_facilitator_contract": null, "amount_spent_on_completing_the_infrastructure": null, "amount_spent_on_infrastructure_up_to_provisional_acceptance": null, "number_of_streetlights": null, "distance_covered_by_streetlights": null, "canton": null, "market_name": null }, "geometry": { "type": "Point", "coordinates": [ 0.4536523, 10.0454774 ] } },
{ "type": "Feature", "properties": { "id": 853, "number": 271, "joint_subproject_number": 219, "title": "Construction d'un bâtiment scolaire de 03 salles de classes, un bureau- magasin équipement en table banc et mobilier de bureau avec forage", "type": "Forages photovoltaïques dans les établissements scolaires", "subproject_type_designation": "Infrastructure", "sector": "Eau–Hydraulique", "works_type": "Construction", "component": "COMPOSANTE 1.1", "projects": "COSO", "financiers": "Banque Mondiale", "status": "Réception provisoire 100.0%", "current_status_of_the_site": "Réception provisoire", "progress_percent": 0.0, "progress_value": 100.0, "estimated_cost": 20000000.0, "contract_amount_work_companies": 17474744.0, "total_contract_amount_paid": 17474744.0, "amount_of_the_care_and_maintenance_fund_expected": null, "care_and_maintenance_amount_on_village_account": null, "date_signature_contract_work_companies": "2024-05-11", "date_signature_contract_efme": null, "contract_companies_amount_for_efme": null, "date_signature_contract_controllers_in_SES": null, "date_of_signature_of_contract_for_construction_supervisors": null, "approval_date_cora": "2023-09-08", "launch_date": "2024-12-20", "expected_duration": 3.0, "expected_end_date": "2025-03-22", "work_completion_date": "2025-04-05", "date_of_technical_acceptance_of_work": "2025-04-05", "date_of_provisional_acceptance_of_work": "2025-04-18", "official_handover_date_to_community": null, "existence_of_maintenance_plan": false, "wave": "4", "number_of_classrooms": 0.0, "number_of_infrastructures": 1, "population": 1900.0, "direct_beneficiaries_men": 760.0, "direct_beneficiaries_women": 1140.0, "women_s_group": "True", "youth_group": "True", "breeders_farmers_group": "True", "ethnic_minority_group": "True", "date_of_organization_of_the_social_audit": null, "number_of_participants_m_in_social_audit": null, "number_of_participants_w_in_social_audit": null, "number_of_participants_t_in_social_audit": null, "beneficiary_villages_count": 1, "beneficiary_villages": "2665", "list_of_villages_crossed_by_track_or_electrification": [ ], "infrastructure_changed": null, "infrastructure_deleted": false, "level_of_achievement_donation_certificate": null, "comments": null, "location_name": "SIMBO", "latitude": null, "longitude": null, "hierarchy": "SIMBO > TCHAMONGA > OTI SUD 1 > OTI SUD > SAVANES", "link_to_subproject": 852.0, "depth_of_drilling": null, "drilling_flow_rate": null, "number_of_latrine_blocks": null, "has_latrine_blocs": null, "storage_capacity": null, "official_handover_date_to_sector": null, "length_of_the_track": null, "extension_length": null, "number_of_drinking_fountains": null, "estimated_number_of_beneficiaries": null, "refugee_and_internally_displaced_persons_group": null, "has_fence": null, "number_of_sections_of_track_developed": null, "amount_of_the_controllers_contract_in_SES": null, "amount_of_the_contract_for_construction_supervisors": null, "date_signature_contract_facilitator": null, "amount_of_the_facilitator_contract": null, "amount_spent_on_completing_the_infrastructure": null, "amount_spent_on_infrastructure_up_to_provisional_acceptance": null, "number_of_streetlights": null, "distance_covered_by_streetlights": null, "canton": null, "market_name": null }, "geometry": null },
{ "type": "Feature", "properties": { "id": 856, "number": 274, "joint_subproject_number": 221, "title": "Construction d'un centre communautaire à TCHAMONGA CENTRE", "type": "Forage Photovoltaïque (Centre communautaire)", "subproject_type_designation": "Infrastructure", "sector": "Eau–Hydraulique", "works_type": "Construction", "component": "COMPOSANTE 1.1", "projects": "COSO", "financiers": "Banque Mondiale", "status": "Réception définitive 100.0%", "current_status_of_the_site": "Réception définitive", "progress_percent": 100.0, "progress_value": 100.0, "estimated_cost": 20000000.0, "contract_amount_work_companies": 17999527.0, "total_contract_amount_paid": 17999527.0, "amount_of_the_care_and_maintenance_fund_expected": null, "care_and_maintenance_amount_on_village_account": 240000.0, "date_signature_contract_work_companies": "2024-05-22", "date_signature_contract_efme": null, "contract_companies_amount_for_efme": null, "date_signature_contract_controllers_in_SES": null, "date_of_signature_of_contract_for_construction_supervisors": null, "approval_date_cora": "2023-09-08", "launch_date": "2024-06-05", "expected_duration": 3.0, "expected_end_date": "2025-01-31", "work_completion_date": "2025-02-07", "date_of_technical_acceptance_of_work": "2025-01-14", "date_of_provisional_acceptance_of_work": "2025-02-07", "official_handover_date_to_community": "2026-03-12", "existence_of_maintenance_plan": false, "wave": "4", "number_of_classrooms": 0.0, "number_of_infrastructures": 1, "population": 2156.0, "direct_beneficiaries_men": 1013.0, "direct_beneficiaries_women": 1143.0, "women_s_group": null, "youth_group": "True", "breeders_farmers_group": "True", "ethnic_minority_group": "True", "date_of_organization_of_the_social_audit": null, "number_of_participants_m_in_social_audit": null, "number_of_participants_w_in_social_audit": null, "number_of_participants_t_in_social_audit": null, "beneficiary_villages_count": 2, "beneficiary_villages": "4042; 4043", "list_of_villages_crossed_by_track_or_electrification": [ ], "infrastructure_changed": "True", "infrastructure_deleted": false, "level_of_achievement_donation_certificate": "Chef Canton", "comments": null, "location_name": "TCHAMONGA CENTRE", "latitude": null, "longitude": null, "hierarchy": "TCHAMONGA CENTRE > TCHAMONGA > OTI SUD 1 > OTI SUD > SAVANES", "link_to_subproject": 855.0, "depth_of_drilling": 90.2, "drilling_flow_rate": null, "number_of_latrine_blocks": null, "has_latrine_blocs": null, "storage_capacity": null, "official_handover_date_to_sector": null, "length_of_the_track": null, "extension_length": null, "number_of_drinking_fountains": null, "estimated_number_of_beneficiaries": 6000.0, "refugee_and_internally_displaced_persons_group": null, "has_fence": null, "number_of_sections_of_track_developed": null, "amount_of_the_controllers_contract_in_SES": null, "amount_of_the_contract_for_construction_supervisors": null, "date_signature_contract_facilitator": null, "amount_of_the_facilitator_contract": null, "amount_spent_on_completing_the_infrastructure": null, "amount_spent_on_infrastructure_up_to_provisional_acceptance": null, "number_of_streetlights": null, "distance_covered_by_streetlights": null, "canton": null, "market_name": null }, "geometry": null },
{ "type": "Feature", "properties": { "id": 858, "number": 276, "joint_subproject_number": 223, "title": "Installation d'un forage photovoltaïque pour le maraichage", "type": "Forages photovoltaïques pour les activités maraîchères", "subproject_type_designation": "Subproject", "sector": "Eau–Hydraulique", "works_type": "Construction", "component": "COMPOSANTE 1.1", "projects": "COSO", "financiers": "Banque Mondiale", "status": "Réception définitive 100.0%", "current_status_of_the_site": "Réception définitive", "progress_percent": 0.0, "progress_value": 100.0, "estimated_cost": 20000000.0, "contract_amount_work_companies": 17144330.0, "total_contract_amount_paid": 17144330.0, "amount_of_the_care_and_maintenance_fund_expected": null, "care_and_maintenance_amount_on_village_account": 90000.0, "date_signature_contract_work_companies": "2024-05-22", "date_signature_contract_efme": null, "contract_companies_amount_for_efme": null, "date_signature_contract_controllers_in_SES": null, "date_of_signature_of_contract_for_construction_supervisors": null, "approval_date_cora": "2023-09-08", "launch_date": "2024-06-05", "expected_duration": 3.0, "expected_end_date": "2025-01-31", "work_completion_date": "2025-01-21", "date_of_technical_acceptance_of_work": "2025-01-21", "date_of_provisional_acceptance_of_work": "2025-02-07", "official_handover_date_to_community": "2026-03-12", "existence_of_maintenance_plan": false, "wave": "4", "number_of_classrooms": 0.0, "number_of_infrastructures": 1, "population": 814.0, "direct_beneficiaries_men": 386.0, "direct_beneficiaries_women": 428.0, "women_s_group": "True", "youth_group": "True", "breeders_farmers_group": null, "ethnic_minority_group": "True", "date_of_organization_of_the_social_audit": null, "number_of_participants_m_in_social_audit": null, "number_of_participants_w_in_social_audit": null, "number_of_participants_t_in_social_audit": null, "beneficiary_villages_count": 1, "beneficiary_villages": "2668", "list_of_villages_crossed_by_track_or_electrification": [ ], "infrastructure_changed": null, "infrastructure_deleted": false, "level_of_achievement_donation_certificate": null, "comments": null, "location_name": "TOPIENGA", "latitude": null, "longitude": null, "hierarchy": "TOPIENGA > TCHAMONGA > OTI SUD 1 > OTI SUD > SAVANES", "link_to_subproject": null, "depth_of_drilling": null, "drilling_flow_rate": null, "number_of_latrine_blocks": null, "has_latrine_blocs": null, "storage_capacity": null, "official_handover_date_to_sector": null, "length_of_the_track": null, "extension_length": null, "number_of_drinking_fountains": null, "estimated_number_of_beneficiaries": 400.0, "refugee_and_internally_displaced_persons_group": null, "has_fence": null, "number_of_sections_of_track_developed": null, "amount_of_the_controllers_contract_in_SES": null, "amount_of_the_contract_for_construction_supervisors": null, "date_signature_contract_facilitator": null, "amount_of_the_facilitator_contract": null, "amount_spent_on_completing_the_infrastructure": null, "amount_spent_on_infrastructure_up_to_provisional_acceptance": null, "number_of_streetlights": null, "distance_covered_by_streetlights": null, "canton": null, "market_name": null }, "geometry": null },
{ "type": "Feature", "properties": { "id": 859, "number": 277, "joint_subproject_number": 224, "title": "Installation d'un forage photovoltaïque pour le maraichage", "type": "Forages photovoltaïques pour les activités maraîchères", "subproject_type_designation": "Subproject", "sector": "Eau–Hydraulique", "works_type": "Construction", "component": "COMPOSANTE 1.1", "projects": "COSO", "financiers": "Banque Mondiale", "status": "Remise de l'ouvrage à la communauté 100.0%", "current_status_of_the_site": "Réception provisoire", "progress_percent": 100.0, "progress_value": 100.0, "estimated_cost": 20000000.0, "contract_amount_work_companies": 16801257.0, "total_contract_amount_paid": 16801257.0, "amount_of_the_care_and_maintenance_fund_expected": 250000.0, "care_and_maintenance_amount_on_village_account": 235000.0, "date_signature_contract_work_companies": "2024-05-22", "date_signature_contract_efme": "2025-03-21", "contract_companies_amount_for_efme": 3923500.0, "date_signature_contract_controllers_in_SES": null, "date_of_signature_of_contract_for_construction_supervisors": null, "approval_date_cora": "2023-09-08", "launch_date": "2024-06-05", "expected_duration": 3.0, "expected_end_date": "2025-01-31", "work_completion_date": "2024-12-30", "date_of_technical_acceptance_of_work": "2025-01-15", "date_of_provisional_acceptance_of_work": "2025-01-22", "official_handover_date_to_community": "2025-01-22", "existence_of_maintenance_plan": true, "wave": "4", "number_of_classrooms": 0.0, "number_of_infrastructures": 1, "population": 628.0, "direct_beneficiaries_men": 251.0, "direct_beneficiaries_women": 377.0, "women_s_group": "True", "youth_group": "True", "breeders_farmers_group": "True", "ethnic_minority_group": "True", "date_of_organization_of_the_social_audit": "2025-05-20", "number_of_participants_m_in_social_audit": 49.0, "number_of_participants_w_in_social_audit": 59.0, "number_of_participants_t_in_social_audit": 108.0, "beneficiary_villages_count": 1, "beneficiary_villages": "4044", "list_of_villages_crossed_by_track_or_electrification": [ ], "infrastructure_changed": null, "infrastructure_deleted": false, "level_of_achievement_donation_certificate": null, "comments": null, "location_name": "KARKOU", "latitude": 10.48327, "longitude": 0.7693367, "hierarchy": "KARKOU > TCHAMONGA > OTI SUD 1 > OTI SUD > SAVANES", "link_to_subproject": null, "depth_of_drilling": 55.56, "drilling_flow_rate": 7.2, "number_of_latrine_blocks": null, "has_latrine_blocs": null, "storage_capacity": null, "official_handover_date_to_sector": null, "length_of_the_track": null, "extension_length": null, "number_of_drinking_fountains": null, "estimated_number_of_beneficiaries": 500.0, "refugee_and_internally_displaced_persons_group": null, "has_fence": null, "number_of_sections_of_track_developed": null, "amount_of_the_controllers_contract_in_SES": null, "amount_of_the_contract_for_construction_supervisors": null, "date_signature_contract_facilitator": null, "amount_of_the_facilitator_contract": null, "amount_spent_on_completing_the_infrastructure": null, "amount_spent_on_infrastructure_up_to_provisional_acceptance": null, "number_of_streetlights": null, "distance_covered_by_streetlights": null, "canton": null, "market_name": null }, "geometry": { "type": "Point", "coordinates": [ 0.7693367, 10.48327 ] } },
{ "type": "Feature", "properties": { "id": 860, "number": 278, "joint_subproject_number": 225, "title": "Installation d'un forage photovoltaïque pour le maraichage", "type": "Forages photovoltaïques pour les activités maraîchères", "subproject_type_designation": "Subproject", "sector": "Eau–Hydraulique", "works_type": "Construction", "component": "COMPOSANTE 1.1", "projects": "COSO", "financiers": "Banque Mondiale", "status": "Remise de l'ouvrage à la communauté 100.0%", "current_status_of_the_site": "Réception provisoire", "progress_percent": 100.0, "progress_value": 100.0, "estimated_cost": 20000000.0, "contract_amount_work_companies": 16765857.0, "total_contract_amount_paid": 16765857.0, "amount_of_the_care_and_maintenance_fund_expected": null, "care_and_maintenance_amount_on_village_account": 280000.0, "date_signature_contract_work_companies": "2024-05-22", "date_signature_contract_efme": null, "contract_companies_amount_for_efme": null, "date_signature_contract_controllers_in_SES": null, "date_of_signature_of_contract_for_construction_supervisors": null, "approval_date_cora": "2023-09-08", "launch_date": "2024-06-05", "expected_duration": 3.0, "expected_end_date": "2025-01-31", "work_completion_date": "2025-01-22", "date_of_technical_acceptance_of_work": "2025-01-14", "date_of_provisional_acceptance_of_work": "2025-01-22", "official_handover_date_to_community": "2025-02-20", "existence_of_maintenance_plan": false, "wave": "4", "number_of_classrooms": 0.0, "number_of_infrastructures": 1, "population": 498.0, "direct_beneficiaries_men": 220.0, "direct_beneficiaries_women": 278.0, "women_s_group": "True", "youth_group": "True", "breeders_farmers_group": "True", "ethnic_minority_group": "True", "date_of_organization_of_the_social_audit": "2025-05-20", "number_of_participants_m_in_social_audit": 49.0, "number_of_participants_w_in_social_audit": 59.0, "number_of_participants_t_in_social_audit": 108.0, "beneficiary_villages_count": 1, "beneficiary_villages": "2667", "list_of_villages_crossed_by_track_or_electrification": [ ], "infrastructure_changed": null, "infrastructure_deleted": false, "level_of_achievement_donation_certificate": "Chef Canton", "comments": null, "location_name": "TODJAKOU", "latitude": null, "longitude": null, "hierarchy": "TODJAKOU > TCHAMONGA > OTI SUD 1 > OTI SUD > SAVANES", "link_to_subproject": null, "depth_of_drilling": 110.07, "drilling_flow_rate": 2.5, "number_of_latrine_blocks": null, "has_latrine_blocs": null, "storage_capacity": null, "official_handover_date_to_sector": null, "length_of_the_track": null, "extension_length": null, "number_of_drinking_fountains": null, "estimated_number_of_beneficiaries": 5000.0, "refugee_and_internally_displaced_persons_group": null, "has_fence": null, "number_of_sections_of_track_developed": null, "amount_of_the_controllers_contract_in_SES": null, "amount_of_the_contract_for_construction_supervisors": null, "date_signature_contract_facilitator": null, "amount_of_the_facilitator_contract": null, "amount_spent_on_completing_the_infrastructure": null, "amount_spent_on_infrastructure_up_to_provisional_acceptance": null, "number_of_streetlights": null, "distance_covered_by_streetlights": null, "canton": null, "market_name": null }, "geometry": null },
{ "type": "Feature", "properties": { "id": 861, "number": 279, "joint_subproject_number": 226, "title": "Installation d'un forage photovoltaïque pour le maraichage", "type": "Forages photovoltaïques pour les activités maraîchères", "subproject_type_designation": "Subproject", "sector": "Eau–Hydraulique", "works_type": "Construction", "component": "COMPOSANTE 1.1", "projects": "COSO", "financiers": "Banque Mondiale", "status": "Remise de l'ouvrage à la communauté 100.0%", "current_status_of_the_site": "Réception provisoire", "progress_percent": 100.0, "progress_value": 100.0, "estimated_cost": 20000000.0, "contract_amount_work_companies": 16842557.0, "total_contract_amount_paid": 16842557.0, "amount_of_the_care_and_maintenance_fund_expected": 250000.0, "care_and_maintenance_amount_on_village_account": 165000.0, "date_signature_contract_work_companies": "2024-05-22", "date_signature_contract_efme": "2025-03-21", "contract_companies_amount_for_efme": 3923500.0, "date_signature_contract_controllers_in_SES": null, "date_of_signature_of_contract_for_construction_supervisors": null, "approval_date_cora": "2023-09-08", "launch_date": "2024-05-30", "expected_duration": 3.0, "expected_end_date": "2025-01-31", "work_completion_date": "2024-12-30", "date_of_technical_acceptance_of_work": "2025-01-14", "date_of_provisional_acceptance_of_work": "2025-01-22", "official_handover_date_to_community": "2025-01-22", "existence_of_maintenance_plan": true, "wave": "4", "number_of_classrooms": 0.0, "number_of_infrastructures": 1, "population": 2168.0, "direct_beneficiaries_men": 1025.0, "direct_beneficiaries_women": 1143.0, "women_s_group": "True", "youth_group": "True", "breeders_farmers_group": "True", "ethnic_minority_group": "True", "date_of_organization_of_the_social_audit": "2025-05-21", "number_of_participants_m_in_social_audit": 42.0, "number_of_participants_w_in_social_audit": 60.0, "number_of_participants_t_in_social_audit": 102.0, "beneficiary_villages_count": 1, "beneficiary_villages": "2656", "list_of_villages_crossed_by_track_or_electrification": [ ], "infrastructure_changed": null, "infrastructure_deleted": false, "level_of_achievement_donation_certificate": "Niveau Maire", "comments": null, "location_name": "IBASSANDJA", "latitude": 10.4859533, "longitude": 0.7485683, "hierarchy": "IBASSANDJA > TCHAMONGA > OTI SUD 1 > OTI SUD > SAVANES", "link_to_subproject": null, "depth_of_drilling": 110.2, "drilling_flow_rate": 2.7, "number_of_latrine_blocks": null, "has_latrine_blocs": null, "storage_capacity": null, "official_handover_date_to_sector": null, "length_of_the_track": null, "extension_length": null, "number_of_drinking_fountains": null, "estimated_number_of_beneficiaries": 2168.0, "refugee_and_internally_displaced_persons_group": null, "has_fence": null, "number_of_sections_of_track_developed": null, "amount_of_the_controllers_contract_in_SES": null, "amount_of_the_contract_for_construction_supervisors": null, "date_signature_contract_facilitator": null, "amount_of_the_facilitator_contract": null, "amount_spent_on_completing_the_infrastructure": null, "amount_spent_on_infrastructure_up_to_provisional_acceptance": null, "number_of_streetlights": null, "distance_covered_by_streetlights": null, "canton": null, "market_name": null }, "geometry": { "type": "Point", "coordinates": [ 0.7485683, 10.4859533 ] } },
{ "type": "Feature", "properties": { "id": 862, "number": 280, "joint_subproject_number": 227, "title": "Installation d'un forage photovoltaïque pour le maraichage", "type": "Forages photovoltaïques pour les activités maraîchères", "subproject_type_designation": "Subproject", "sector": "Eau–Hydraulique", "works_type": "Construction", "component": "COMPOSANTE 1.1", "projects": "COSO", "financiers": "Banque Mondiale", "status": "Réception provisoire 100.0%", "current_status_of_the_site": "Réception provisoire", "progress_percent": 0.0, "progress_value": 100.0, "estimated_cost": 20000000.0, "contract_amount_work_companies": 16952659.0, "total_contract_amount_paid": 16952659.0, "amount_of_the_care_and_maintenance_fund_expected": null, "care_and_maintenance_amount_on_village_account": 120000.0, "date_signature_contract_work_companies": "2024-05-27", "date_signature_contract_efme": null, "contract_companies_amount_for_efme": null, "date_signature_contract_controllers_in_SES": null, "date_of_signature_of_contract_for_construction_supervisors": null, "approval_date_cora": "2023-09-08", "launch_date": "2024-06-05", "expected_duration": 3.0, "expected_end_date": "2025-01-30", "work_completion_date": "2025-01-21", "date_of_technical_acceptance_of_work": "2025-01-21", "date_of_provisional_acceptance_of_work": "2025-02-07", "official_handover_date_to_community": null, "existence_of_maintenance_plan": false, "wave": "4", "number_of_classrooms": 0.0, "number_of_infrastructures": 1, "population": 1340.0, "direct_beneficiaries_men": 620.0, "direct_beneficiaries_women": 720.0, "women_s_group": null, "youth_group": null, "breeders_farmers_group": null, "ethnic_minority_group": null, "date_of_organization_of_the_social_audit": null, "number_of_participants_m_in_social_audit": null, "number_of_participants_w_in_social_audit": null, "number_of_participants_t_in_social_audit": null, "beneficiary_villages_count": 1, "beneficiary_villages": "2658", "list_of_villages_crossed_by_track_or_electrification": [ ], "infrastructure_changed": null, "infrastructure_deleted": false, "level_of_achievement_donation_certificate": null, "comments": null, "location_name": "KOROKOU", "latitude": null, "longitude": null, "hierarchy": "KOROKOU > TCHAMONGA > OTI SUD 1 > OTI SUD > SAVANES", "link_to_subproject": null, "depth_of_drilling": null, "drilling_flow_rate": null, "number_of_latrine_blocks": null, "has_latrine_blocs": null, "storage_capacity": null, "official_handover_date_to_sector": null, "length_of_the_track": null, "extension_length": null, "number_of_drinking_fountains": null, "estimated_number_of_beneficiaries": null, "refugee_and_internally_displaced_persons_group": null, "has_fence": null, "number_of_sections_of_track_developed": null, "amount_of_the_controllers_contract_in_SES": null, "amount_of_the_contract_for_construction_supervisors": null, "date_signature_contract_facilitator": null, "amount_of_the_facilitator_contract": null, "amount_spent_on_completing_the_infrastructure": null, "amount_spent_on_infrastructure_up_to_provisional_acceptance": null, "number_of_streetlights": null, "distance_covered_by_streetlights": null, "canton": null, "market_name": null }, "geometry": null },
{ "type": "Feature", "properties": { "id": 866, "number": 284, "joint_subproject_number": 230, "title": "1-Construction d'un bâtiment scolaire de 3 classes avec bureau et latrines  à l'EPP Nakpabak B (lieu-dit Sibiogue): sous projet porté par le CVD DE Sibiogue et soutenu par le CVD de Pokenyète", "type": "Forages photovoltaïques dans les établissements scolaires", "subproject_type_designation": "Infrastructure", "sector": "Eau–Hydraulique", "works_type": "Construction", "component": "COMPOSANTE 1.1", "projects": "COSO", "financiers": "Banque Mondiale", "status": "Réception définitive 100.0%", "current_status_of_the_site": "Réception définitive", "progress_percent": 0.0, "progress_value": 100.0, "estimated_cost": 20000000.0, "contract_amount_work_companies": 18000963.0, "total_contract_amount_paid": 18000963.0, "amount_of_the_care_and_maintenance_fund_expected": null, "care_and_maintenance_amount_on_village_account": null, "date_signature_contract_work_companies": "2024-05-20", "date_signature_contract_efme": null, "contract_companies_amount_for_efme": null, "date_signature_contract_controllers_in_SES": null, "date_of_signature_of_contract_for_construction_supervisors": null, "approval_date_cora": "2023-09-08", "launch_date": "2024-05-31", "expected_duration": 3.0, "expected_end_date": "2024-08-01", "work_completion_date": "2024-08-26", "date_of_technical_acceptance_of_work": null, "date_of_provisional_acceptance_of_work": "2024-08-28", "official_handover_date_to_community": "2025-09-25", "existence_of_maintenance_plan": false, "wave": "4", "number_of_classrooms": 0.0, "number_of_infrastructures": 1, "population": 600.0, "direct_beneficiaries_men": 295.0, "direct_beneficiaries_women": 312.0, "women_s_group": "True", "youth_group": null, "breeders_farmers_group": null, "ethnic_minority_group": null, "date_of_organization_of_the_social_audit": "2024-11-27", "number_of_participants_m_in_social_audit": 20.0, "number_of_participants_w_in_social_audit": 75.0, "number_of_participants_t_in_social_audit": 95.0, "beneficiary_villages_count": 1, "beneficiary_villages": "4224", "list_of_villages_crossed_by_track_or_electrification": [ ], "infrastructure_changed": null, "infrastructure_deleted": false, "level_of_achievement_donation_certificate": "Maire", "comments": null, "location_name": "SIBIOGUE", "latitude": 10.771387, "longitude": 0.091253, "hierarchy": "SIBIOGUE > TAMPIALIME > TANDJOUARE 2 > TANDJOUARE > SAVANES", "link_to_subproject": 865.0, "depth_of_drilling": 110.0, "drilling_flow_rate": 5.0, "number_of_latrine_blocks": null, "has_latrine_blocs": null, "storage_capacity": null, "official_handover_date_to_sector": null, "length_of_the_track": null, "extension_length": null, "number_of_drinking_fountains": null, "estimated_number_of_beneficiaries": null, "refugee_and_internally_displaced_persons_group": null, "has_fence": null, "number_of_sections_of_track_developed": null, "amount_of_the_controllers_contract_in_SES": null, "amount_of_the_contract_for_construction_supervisors": null, "date_signature_contract_facilitator": null, "amount_of_the_facilitator_contract": null, "amount_spent_on_completing_the_infrastructure": null, "amount_spent_on_infrastructure_up_to_provisional_acceptance": null, "number_of_streetlights": null, "distance_covered_by_streetlights": null, "canton": null, "market_name": null }, "geometry": { "type": "Point", "coordinates": [ 0.091253, 10.771387 ] } },
{ "type": "Feature", "properties": { "id": 870, "number": 288, "joint_subproject_number": 233, "title": "construction et équipement d'un batiment scolaire de 4 classes avec bureau, latrines et forage au CEG Kpinkparbagou", "type": "Forages photovoltaïques dans les établissements scolaires", "subproject_type_designation": "Infrastructure", "sector": "Eau–Hydraulique", "works_type": "Construction", "component": "COMPOSANTE 1.1", "projects": "COSO", "financiers": "Banque Mondiale", "status": "Réception définitive 100.0%", "current_status_of_the_site": "Réception définitive", "progress_percent": 0.0, "progress_value": 100.0, "estimated_cost": 20000000.0, "contract_amount_work_companies": 16599390.0, "total_contract_amount_paid": 16599390.0, "amount_of_the_care_and_maintenance_fund_expected": 250000.0, "care_and_maintenance_amount_on_village_account": 250000.0, "date_signature_contract_work_companies": "2024-05-20", "date_signature_contract_efme": null, "contract_companies_amount_for_efme": null, "date_signature_contract_controllers_in_SES": "2024-06-18", "date_of_signature_of_contract_for_construction_supervisors": null, "approval_date_cora": "2023-09-08", "launch_date": "2024-05-31", "expected_duration": 3.0, "expected_end_date": "2024-08-01", "work_completion_date": "2024-09-23", "date_of_technical_acceptance_of_work": null, "date_of_provisional_acceptance_of_work": "2024-10-09", "official_handover_date_to_community": "2026-01-29", "existence_of_maintenance_plan": true, "wave": "4", "number_of_classrooms": 0.0, "number_of_infrastructures": 1, "population": 1191.0, "direct_beneficiaries_men": 225.0, "direct_beneficiaries_women": 714.0, "women_s_group": "True", "youth_group": "True", "breeders_farmers_group": "True", "ethnic_minority_group": "True", "date_of_organization_of_the_social_audit": "2024-11-29", "number_of_participants_m_in_social_audit": 31.0, "number_of_participants_w_in_social_audit": 52.0, "number_of_participants_t_in_social_audit": 83.0, "beneficiary_villages_count": 2, "beneficiary_villages": "4210; 4211", "list_of_villages_crossed_by_track_or_electrification": [ ], "infrastructure_changed": "True", "infrastructure_deleted": false, "level_of_achievement_donation_certificate": "Maire", "comments": null, "location_name": "KPINKPARBAGOU 1", "latitude": 10.76495, "longitude": -0.035277, "hierarchy": "KPINKPARBAGOU 1 > TAMPIALIME > TANDJOUARE 2 > TANDJOUARE > SAVANES", "link_to_subproject": 869.0, "depth_of_drilling": 91.87, "drilling_flow_rate": 7.0, "number_of_latrine_blocks": null, "has_latrine_blocs": null, "storage_capacity": null, "official_handover_date_to_sector": null, "length_of_the_track": null, "extension_length": null, "number_of_drinking_fountains": null, "estimated_number_of_beneficiaries": 1191.0, "refugee_and_internally_displaced_persons_group": null, "has_fence": null, "number_of_sections_of_track_developed": null, "amount_of_the_controllers_contract_in_SES": null, "amount_of_the_contract_for_construction_supervisors": null, "date_signature_contract_facilitator": null, "amount_of_the_facilitator_contract": null, "amount_spent_on_completing_the_infrastructure": null, "amount_spent_on_infrastructure_up_to_provisional_acceptance": null, "number_of_streetlights": null, "distance_covered_by_streetlights": null, "canton": null, "market_name": null }, "geometry": { "type": "Point", "coordinates": [ -0.035277, 10.76495 ] } },
{ "type": "Feature", "properties": { "id": 874, "number": 292, "joint_subproject_number": 236, "title": "Construction d'un centre communautaire à Babona", "type": "Forage Photovoltaïque (Centre communautaire)", "subproject_type_designation": "Infrastructure", "sector": "Eau–Hydraulique", "works_type": "Construction", "component": "COMPOSANTE 1.1", "projects": "COSO", "financiers": "Banque Mondiale", "status": "Réception définitive 100.0%", "current_status_of_the_site": "Réception définitive", "progress_percent": 0.0, "progress_value": 100.0, "estimated_cost": 20000000.0, "contract_amount_work_companies": 18046472.0, "total_contract_amount_paid": 18046472.0, "amount_of_the_care_and_maintenance_fund_expected": null, "care_and_maintenance_amount_on_village_account": 250000.0, "date_signature_contract_work_companies": "2024-05-21", "date_signature_contract_efme": null, "contract_companies_amount_for_efme": null, "date_signature_contract_controllers_in_SES": null, "date_of_signature_of_contract_for_construction_supervisors": null, "approval_date_cora": "2023-09-08", "launch_date": "2024-06-03", "expected_duration": 3.0, "expected_end_date": "2024-09-30", "work_completion_date": "2024-08-26", "date_of_technical_acceptance_of_work": null, "date_of_provisional_acceptance_of_work": "2024-08-28", "official_handover_date_to_community": "2025-09-25", "existence_of_maintenance_plan": false, "wave": "4", "number_of_classrooms": 0.0, "number_of_infrastructures": 1, "population": 1846.0, "direct_beneficiaries_men": 744.0, "direct_beneficiaries_women": 1109.0, "women_s_group": "True", "youth_group": null, "breeders_farmers_group": "True", "ethnic_minority_group": "True", "date_of_organization_of_the_social_audit": "2025-07-30", "number_of_participants_m_in_social_audit": 12.0, "number_of_participants_w_in_social_audit": 31.0, "number_of_participants_t_in_social_audit": 43.0, "beneficiary_villages_count": 4, "beneficiary_villages": "4195; 4196; 4197; 4198", "list_of_villages_crossed_by_track_or_electrification": [ ], "infrastructure_changed": null, "infrastructure_deleted": false, "level_of_achievement_donation_certificate": null, "comments": null, "location_name": "TAMPIALIME CENTRE 2", "latitude": null, "longitude": null, "hierarchy": "TAMPIALIME CENTRE 2 > TAMPIALIME > TANDJOUARE 2 > TANDJOUARE > SAVANES", "link_to_subproject": 873.0, "depth_of_drilling": 70.0, "drilling_flow_rate": 5.0, "number_of_latrine_blocks": null, "has_latrine_blocs": null, "storage_capacity": null, "official_handover_date_to_sector": null, "length_of_the_track": null, "extension_length": null, "number_of_drinking_fountains": null, "estimated_number_of_beneficiaries": null, "refugee_and_internally_displaced_persons_group": null, "has_fence": null, "number_of_sections_of_track_developed": null, "amount_of_the_controllers_contract_in_SES": null, "amount_of_the_contract_for_construction_supervisors": null, "date_signature_contract_facilitator": null, "amount_of_the_facilitator_contract": null, "amount_spent_on_completing_the_infrastructure": null, "amount_spent_on_infrastructure_up_to_provisional_acceptance": null, "number_of_streetlights": null, "distance_covered_by_streetlights": null, "canton": null, "market_name": null }, "geometry": null },
{ "type": "Feature", "properties": { "id": 875, "number": 293, "joint_subproject_number": 237, "title": "Construction d'une forage photovoltaïque pour le marâichage et équipements maraîchers", "type": "Forages photovoltaïques pour les activités maraîchères", "subproject_type_designation": "Subproject", "sector": "Eau–Hydraulique", "works_type": "Construction", "component": "COMPOSANTE 1.1", "projects": "COSO", "financiers": "Banque Mondiale", "status": "Réception provisoire 100.0%", "current_status_of_the_site": "Réception provisoire", "progress_percent": 0.0, "progress_value": 100.0, "estimated_cost": 20000000.0, "contract_amount_work_companies": 16038177.0, "total_contract_amount_paid": 16038177.0, "amount_of_the_care_and_maintenance_fund_expected": null, "care_and_maintenance_amount_on_village_account": 200000.0, "date_signature_contract_work_companies": "2024-05-10", "date_signature_contract_efme": null, "contract_companies_amount_for_efme": null, "date_signature_contract_controllers_in_SES": null, "date_of_signature_of_contract_for_construction_supervisors": null, "approval_date_cora": "2023-06-19", "launch_date": "2024-05-20", "expected_duration": 3.0, "expected_end_date": "2024-08-01", "work_completion_date": "2024-10-10", "date_of_technical_acceptance_of_work": "2024-10-10", "date_of_provisional_acceptance_of_work": "2024-10-15", "official_handover_date_to_community": null, "existence_of_maintenance_plan": false, "wave": "4", "number_of_classrooms": 0.0, "number_of_infrastructures": 1, "population": 1300.0, "direct_beneficiaries_men": 604.0, "direct_beneficiaries_women": 696.0, "women_s_group": "True", "youth_group": "True", "breeders_farmers_group": "True", "ethnic_minority_group": null, "date_of_organization_of_the_social_audit": "2024-12-03", "number_of_participants_m_in_social_audit": 21.0, "number_of_participants_w_in_social_audit": 53.0, "number_of_participants_t_in_social_audit": 74.0, "beneficiary_villages_count": 1, "beneficiary_villages": "4218", "list_of_villages_crossed_by_track_or_electrification": [ ], "infrastructure_changed": null, "infrastructure_deleted": false, "level_of_achievement_donation_certificate": null, "comments": null, "location_name": "KOULMATIK-MIRE", "latitude": 10.77684, "longitude": 0.052255, "hierarchy": "KOULMATIK-MIRE > TAMPIALIME > TANDJOUARE 2 > TANDJOUARE > SAVANES", "link_to_subproject": null, "depth_of_drilling": 75.0, "drilling_flow_rate": 2.0, "number_of_latrine_blocks": null, "has_latrine_blocs": null, "storage_capacity": null, "official_handover_date_to_sector": null, "length_of_the_track": null, "extension_length": null, "number_of_drinking_fountains": null, "estimated_number_of_beneficiaries": 125.0, "refugee_and_internally_displaced_persons_group": null, "has_fence": null, "number_of_sections_of_track_developed": null, "amount_of_the_controllers_contract_in_SES": null, "amount_of_the_contract_for_construction_supervisors": null, "date_signature_contract_facilitator": null, "amount_of_the_facilitator_contract": null, "amount_spent_on_completing_the_infrastructure": null, "amount_spent_on_infrastructure_up_to_provisional_acceptance": null, "number_of_streetlights": null, "distance_covered_by_streetlights": null, "canton": null, "market_name": null }, "geometry": { "type": "Point", "coordinates": [ 0.052255, 10.77684 ] } },
{ "type": "Feature", "properties": { "id": 876, "number": 294, "joint_subproject_number": 238, "title": "Appui à la réalisation d'un forage photovoltaïque pour maraîchage", "type": "Forages photovoltaïques pour les activités maraîchères", "subproject_type_designation": "Subproject", "sector": "Eau–Hydraulique", "works_type": "Construction", "component": "COMPOSANTE 1.1", "projects": "COSO", "financiers": "Banque Mondiale", "status": "Réception définitive 100.0%", "current_status_of_the_site": "Réception définitive", "progress_percent": 0.0, "progress_value": 100.0, "estimated_cost": 20000000.0, "contract_amount_work_companies": 17553430.0, "total_contract_amount_paid": 17553430.0, "amount_of_the_care_and_maintenance_fund_expected": 250000.0, "care_and_maintenance_amount_on_village_account": 75000.0, "date_signature_contract_work_companies": "2024-05-21", "date_signature_contract_efme": null, "contract_companies_amount_for_efme": null, "date_signature_contract_controllers_in_SES": null, "date_of_signature_of_contract_for_construction_supervisors": "2024-06-18", "approval_date_cora": "2023-09-08", "launch_date": "2024-05-25", "expected_duration": 3.0, "expected_end_date": "2024-08-25", "work_completion_date": "2024-08-26", "date_of_technical_acceptance_of_work": null, "date_of_provisional_acceptance_of_work": "2024-08-28", "official_handover_date_to_community": "2025-09-26", "existence_of_maintenance_plan": true, "wave": "4", "number_of_classrooms": 0.0, "number_of_infrastructures": 1, "population": 259.0, "direct_beneficiaries_men": 111.0, "direct_beneficiaries_women": 149.0, "women_s_group": "True", "youth_group": "True", "breeders_farmers_group": "True", "ethnic_minority_group": "True", "date_of_organization_of_the_social_audit": "2024-11-02", "number_of_participants_m_in_social_audit": 41.0, "number_of_participants_w_in_social_audit": 54.0, "number_of_participants_t_in_social_audit": 95.0, "beneficiary_villages_count": 1, "beneficiary_villages": "4201", "list_of_villages_crossed_by_track_or_electrification": [ ], "infrastructure_changed": null, "infrastructure_deleted": false, "level_of_achievement_donation_certificate": "Niveau chef village", "comments": null, "location_name": "KPINKPARBAGOU 2", "latitude": 10.7588133, "longitude": -0.0154217, "hierarchy": "KPINKPARBAGOU 2 > TAMPIALIME > TANDJOUARE 2 > TANDJOUARE > SAVANES", "link_to_subproject": null, "depth_of_drilling": 74.0, "drilling_flow_rate": 5.5, "number_of_latrine_blocks": null, "has_latrine_blocs": null, "storage_capacity": null, "official_handover_date_to_sector": null, "length_of_the_track": null, "extension_length": null, "number_of_drinking_fountains": null, "estimated_number_of_beneficiaries": null, "refugee_and_internally_displaced_persons_group": null, "has_fence": null, "number_of_sections_of_track_developed": null, "amount_of_the_controllers_contract_in_SES": null, "amount_of_the_contract_for_construction_supervisors": null, "date_signature_contract_facilitator": null, "amount_of_the_facilitator_contract": null, "amount_spent_on_completing_the_infrastructure": null, "amount_spent_on_infrastructure_up_to_provisional_acceptance": null, "number_of_streetlights": null, "distance_covered_by_streetlights": null, "canton": null, "market_name": null }, "geometry": { "type": "Point", "coordinates": [ -0.0154217, 10.7588133 ] } },
{ "type": "Feature", "properties": { "id": 877, "number": 295, "joint_subproject_number": 239, "title": "Appui à la réalisation d'un forage photovoltaïque pour maraîchage", "type": "Forages photovoltaïques pour les activités maraîchères", "subproject_type_designation": "Subproject", "sector": "Eau–Hydraulique", "works_type": "Construction", "component": "COMPOSANTE 1.1", "projects": "COSO", "financiers": "Banque Mondiale", "status": "Réception définitive 100.0%", "current_status_of_the_site": "Réception définitive", "progress_percent": 0.0, "progress_value": 100.0, "estimated_cost": 20000000.0, "contract_amount_work_companies": 16952659.0, "total_contract_amount_paid": 16952659.0, "amount_of_the_care_and_maintenance_fund_expected": null, "care_and_maintenance_amount_on_village_account": 50000.0, "date_signature_contract_work_companies": "2024-05-10", "date_signature_contract_efme": null, "contract_companies_amount_for_efme": null, "date_signature_contract_controllers_in_SES": null, "date_of_signature_of_contract_for_construction_supervisors": null, "approval_date_cora": "2023-09-08", "launch_date": "2024-05-20", "expected_duration": 3.0, "expected_end_date": "2024-08-01", "work_completion_date": "2024-11-01", "date_of_technical_acceptance_of_work": "2024-11-01", "date_of_provisional_acceptance_of_work": "2024-11-28", "official_handover_date_to_community": "2025-12-23", "existence_of_maintenance_plan": false, "wave": "4", "number_of_classrooms": 0.0, "number_of_infrastructures": 1, "population": 926.0, "direct_beneficiaries_men": 458.0, "direct_beneficiaries_women": 468.0, "women_s_group": null, "youth_group": null, "breeders_farmers_group": null, "ethnic_minority_group": null, "date_of_organization_of_the_social_audit": "2024-12-02", "number_of_participants_m_in_social_audit": 17.0, "number_of_participants_w_in_social_audit": 73.0, "number_of_participants_t_in_social_audit": 90.0, "beneficiary_villages_count": 1, "beneficiary_villages": "4223", "list_of_villages_crossed_by_track_or_electrification": [ ], "infrastructure_changed": null, "infrastructure_deleted": false, "level_of_achievement_donation_certificate": null, "comments": null, "location_name": "PIABRIBAGOU", "latitude": 10.780718, "longitude": 0.127192, "hierarchy": "PIABRIBAGOU > TAMPIALIME > TANDJOUARE 2 > TANDJOUARE > SAVANES", "link_to_subproject": null, "depth_of_drilling": 110.0, "drilling_flow_rate": 2.0, "number_of_latrine_blocks": null, "has_latrine_blocs": null, "storage_capacity": null, "official_handover_date_to_sector": null, "length_of_the_track": null, "extension_length": null, "number_of_drinking_fountains": null, "estimated_number_of_beneficiaries": 926.0, "refugee_and_internally_displaced_persons_group": null, "has_fence": null, "number_of_sections_of_track_developed": null, "amount_of_the_controllers_contract_in_SES": null, "amount_of_the_contract_for_construction_supervisors": null, "date_signature_contract_facilitator": null, "amount_of_the_facilitator_contract": null, "amount_spent_on_completing_the_infrastructure": null, "amount_spent_on_infrastructure_up_to_provisional_acceptance": null, "number_of_streetlights": null, "distance_covered_by_streetlights": null, "canton": null, "market_name": null }, "geometry": { "type": "Point", "coordinates": [ 0.127192, 10.780718 ] } },
{ "type": "Feature", "properties": { "id": 878, "number": 296, "joint_subproject_number": 240, "title": "Appui à la réalisation d'un forage photovoltaïque équipé d'un système de pompage pour maraîchage et l'abreuvement des animaux", "type": "Forages photovoltaïques pour les activités maraîchères", "subproject_type_designation": "Subproject", "sector": "Eau–Hydraulique", "works_type": "Construction", "component": "COMPOSANTE 1.1", "projects": "COSO", "financiers": "Banque Mondiale", "status": "Réception définitive 100.0%", "current_status_of_the_site": "Réception définitive", "progress_percent": 0.0, "progress_value": 100.0, "estimated_cost": 20000000.0, "contract_amount_work_companies": 16969387.0, "total_contract_amount_paid": 16969387.0, "amount_of_the_care_and_maintenance_fund_expected": 250000.0, "care_and_maintenance_amount_on_village_account": 250000.0, "date_signature_contract_work_companies": "2024-05-13", "date_signature_contract_efme": null, "contract_companies_amount_for_efme": null, "date_signature_contract_controllers_in_SES": null, "date_of_signature_of_contract_for_construction_supervisors": "2024-06-20", "approval_date_cora": "2023-09-08", "launch_date": "2024-06-03", "expected_duration": 3.0, "expected_end_date": "2024-08-03", "work_completion_date": "2024-08-26", "date_of_technical_acceptance_of_work": null, "date_of_provisional_acceptance_of_work": "2024-09-19", "official_handover_date_to_community": "2025-09-25", "existence_of_maintenance_plan": true, "wave": "4", "number_of_classrooms": 0.0, "number_of_infrastructures": 1, "population": 735.0, "direct_beneficiaries_men": 352.0, "direct_beneficiaries_women": 382.0, "women_s_group": "True", "youth_group": "True", "breeders_farmers_group": "True", "ethnic_minority_group": "True", "date_of_organization_of_the_social_audit": "2024-04-14", "number_of_participants_m_in_social_audit": 57.0, "number_of_participants_w_in_social_audit": 63.0, "number_of_participants_t_in_social_audit": 120.0, "beneficiary_villages_count": 2, "beneficiary_villages": "4225; 4226", "list_of_villages_crossed_by_track_or_electrification": [ ], "infrastructure_changed": null, "infrastructure_deleted": false, "level_of_achievement_donation_certificate": "Niveau chef canton", "comments": null, "location_name": "NALONGUE 1", "latitude": 10.7307983, "longitude": -0.0069233, "hierarchy": "NALONGUE 1 > TAMPIALIME > TANDJOUARE 2 > TANDJOUARE > SAVANES", "link_to_subproject": null, "depth_of_drilling": 79.65, "drilling_flow_rate": 3.0, "number_of_latrine_blocks": null, "has_latrine_blocs": null, "storage_capacity": null, "official_handover_date_to_sector": null, "length_of_the_track": null, "extension_length": null, "number_of_drinking_fountains": null, "estimated_number_of_beneficiaries": 1000.0, "refugee_and_internally_displaced_persons_group": null, "has_fence": null, "number_of_sections_of_track_developed": null, "amount_of_the_controllers_contract_in_SES": null, "amount_of_the_contract_for_construction_supervisors": null, "date_signature_contract_facilitator": null, "amount_of_the_facilitator_contract": null, "amount_spent_on_completing_the_infrastructure": null, "amount_spent_on_infrastructure_up_to_provisional_acceptance": null, "number_of_streetlights": null, "distance_covered_by_streetlights": null, "canton": null, "market_name": null }, "geometry": { "type": "Point", "coordinates": [ -0.0069233, 10.7307983 ] } },
{ "type": "Feature", "properties": { "id": 882, "number": 300, "joint_subproject_number": 242, "title": "ConstruCtion, et équipement d'un jardin d'enfants à l'EPP FAREO ", "type": "Forages photovoltaïques dans les établissements scolaires", "subproject_type_designation": "Infrastructure", "sector": "Eau–Hydraulique", "works_type": "Construction", "component": "COMPOSANTE 1.1", "projects": "COSO", "financiers": "Banque Mondiale", "status": "Réception définitive 100.0%", "current_status_of_the_site": "Réception définitive", "progress_percent": 0.0, "progress_value": 100.0, "estimated_cost": 20000000.0, "contract_amount_work_companies": 15165395.0, "total_contract_amount_paid": 15165395.0, "amount_of_the_care_and_maintenance_fund_expected": null, "care_and_maintenance_amount_on_village_account": 250000.0, "date_signature_contract_work_companies": "2024-05-14", "date_signature_contract_efme": null, "contract_companies_amount_for_efme": null, "date_signature_contract_controllers_in_SES": null, "date_of_signature_of_contract_for_construction_supervisors": null, "approval_date_cora": "2023-09-08", "launch_date": "2024-06-06", "expected_duration": 3.0, "expected_end_date": "2024-07-13", "work_completion_date": "2024-08-18", "date_of_technical_acceptance_of_work": null, "date_of_provisional_acceptance_of_work": "2025-01-09", "official_handover_date_to_community": "2026-03-25", "existence_of_maintenance_plan": true, "wave": "4", "number_of_classrooms": 0.0, "number_of_infrastructures": 1, "population": 1156.0, "direct_beneficiaries_men": 566.0, "direct_beneficiaries_women": 590.0, "women_s_group": null, "youth_group": null, "breeders_farmers_group": null, "ethnic_minority_group": null, "date_of_organization_of_the_social_audit": null, "number_of_participants_m_in_social_audit": null, "number_of_participants_w_in_social_audit": null, "number_of_participants_t_in_social_audit": null, "beneficiary_villages_count": 1, "beneficiary_villages": "2434", "list_of_villages_crossed_by_track_or_electrification": [ ], "infrastructure_changed": null, "infrastructure_deleted": false, "level_of_achievement_donation_certificate": null, "comments": null, "location_name": "FAREO", "latitude": null, "longitude": null, "hierarchy": "FAREO > FARE > OTI 1 > OTI > SAVANES", "link_to_subproject": 881.0, "depth_of_drilling": null, "drilling_flow_rate": null, "number_of_latrine_blocks": null, "has_latrine_blocs": null, "storage_capacity": null, "official_handover_date_to_sector": null, "length_of_the_track": null, "extension_length": null, "number_of_drinking_fountains": null, "estimated_number_of_beneficiaries": null, "refugee_and_internally_displaced_persons_group": null, "has_fence": null, "number_of_sections_of_track_developed": null, "amount_of_the_controllers_contract_in_SES": null, "amount_of_the_contract_for_construction_supervisors": null, "date_signature_contract_facilitator": null, "amount_of_the_facilitator_contract": null, "amount_spent_on_completing_the_infrastructure": null, "amount_spent_on_infrastructure_up_to_provisional_acceptance": null, "number_of_streetlights": null, "distance_covered_by_streetlights": null, "canton": null, "market_name": null }, "geometry": null },
{ "type": "Feature", "properties": { "id": 884, "number": 302, "joint_subproject_number": 243, "title": "ConstruCtion et équipement d'un jardin d'enfants à l'EPP TADERI ", "type": "Forages photovoltaïques dans les établissements scolaires", "subproject_type_designation": "Infrastructure", "sector": "Eau–Hydraulique", "works_type": "Réhabilitation", "component": "COMPOSANTE 1.1", "projects": "COSO", "financiers": "Banque Mondiale", "status": "Réception définitive 100.0%", "current_status_of_the_site": "Réception définitive", "progress_percent": 0.0, "progress_value": 100.0, "estimated_cost": 20000000.0, "contract_amount_work_companies": 14881827.0, "total_contract_amount_paid": 14881827.0, "amount_of_the_care_and_maintenance_fund_expected": null, "care_and_maintenance_amount_on_village_account": 100000.0, "date_signature_contract_work_companies": "2024-05-14", "date_signature_contract_efme": null, "contract_companies_amount_for_efme": null, "date_signature_contract_controllers_in_SES": null, "date_of_signature_of_contract_for_construction_supervisors": null, "approval_date_cora": "2023-09-08", "launch_date": "2024-05-05", "expected_duration": 3.0, "expected_end_date": "2024-07-13", "work_completion_date": "2024-10-03", "date_of_technical_acceptance_of_work": null, "date_of_provisional_acceptance_of_work": "2024-10-03", "official_handover_date_to_community": "2026-03-25", "existence_of_maintenance_plan": false, "wave": "4", "number_of_classrooms": 0.0, "number_of_infrastructures": 1, "population": 1016.0, "direct_beneficiaries_men": 429.0, "direct_beneficiaries_women": 587.0, "women_s_group": "True", "youth_group": null, "breeders_farmers_group": null, "ethnic_minority_group": null, "date_of_organization_of_the_social_audit": "2025-08-15", "number_of_participants_m_in_social_audit": 60.0, "number_of_participants_w_in_social_audit": 75.0, "number_of_participants_t_in_social_audit": 135.0, "beneficiary_villages_count": 1, "beneficiary_villages": "2437", "list_of_villages_crossed_by_track_or_electrification": [ ], "infrastructure_changed": null, "infrastructure_deleted": false, "level_of_achievement_donation_certificate": null, "comments": null, "location_name": "TADERI", "latitude": null, "longitude": null, "hierarchy": "TADERI > FARE > OTI 1 > OTI > SAVANES", "link_to_subproject": 883.0, "depth_of_drilling": null, "drilling_flow_rate": null, "number_of_latrine_blocks": null, "has_latrine_blocs": null, "storage_capacity": null, "official_handover_date_to_sector": null, "length_of_the_track": null, "extension_length": null, "number_of_drinking_fountains": null, "estimated_number_of_beneficiaries": null, "refugee_and_internally_displaced_persons_group": null, "has_fence": null, "number_of_sections_of_track_developed": null, "amount_of_the_controllers_contract_in_SES": null, "amount_of_the_contract_for_construction_supervisors": null, "date_signature_contract_facilitator": null, "amount_of_the_facilitator_contract": null, "amount_spent_on_completing_the_infrastructure": null, "amount_spent_on_infrastructure_up_to_provisional_acceptance": null, "number_of_streetlights": null, "distance_covered_by_streetlights": null, "canton": null, "market_name": null }, "geometry": null },
{ "type": "Feature", "properties": { "id": 895, "number": 313, "joint_subproject_number": 253, "title": "Contruction de Batiment scolaire de 3 classes équipées+ bureau+mangasin +forage à EPP Magna", "type": "Forages photovoltaïques dans les établissements scolaires", "subproject_type_designation": "Infrastructure", "sector": "Eau–Hydraulique", "works_type": "Construction", "component": "COMPOSANTE 1.1", "projects": "COSO", "financiers": "Banque Mondiale", "status": "Réception provisoire 100.0%", "current_status_of_the_site": "Réception provisoire", "progress_percent": 0.0, "progress_value": 100.0, "estimated_cost": 20000000.0, "contract_amount_work_companies": 17358376.0, "total_contract_amount_paid": 17358376.0, "amount_of_the_care_and_maintenance_fund_expected": null, "care_and_maintenance_amount_on_village_account": null, "date_signature_contract_work_companies": "2024-05-22", "date_signature_contract_efme": null, "contract_companies_amount_for_efme": null, "date_signature_contract_controllers_in_SES": null, "date_of_signature_of_contract_for_construction_supervisors": null, "approval_date_cora": "2023-09-08", "launch_date": "2024-06-03", "expected_duration": 3.0, "expected_end_date": "2024-09-02", "work_completion_date": "2024-09-25", "date_of_technical_acceptance_of_work": "2026-03-26", "date_of_provisional_acceptance_of_work": "2026-03-26", "official_handover_date_to_community": null, "existence_of_maintenance_plan": false, "wave": "4", "number_of_classrooms": 0.0, "number_of_infrastructures": 1, "population": 1338.0, "direct_beneficiaries_men": 638.0, "direct_beneficiaries_women": 700.0, "women_s_group": "True", "youth_group": "True", "breeders_farmers_group": "True", "ethnic_minority_group": "True", "date_of_organization_of_the_social_audit": null, "number_of_participants_m_in_social_audit": null, "number_of_participants_w_in_social_audit": null, "number_of_participants_t_in_social_audit": null, "beneficiary_villages_count": 1, "beneficiary_villages": "2443", "list_of_villages_crossed_by_track_or_electrification": [ ], "infrastructure_changed": null, "infrastructure_deleted": false, "level_of_achievement_donation_certificate": "Niveau Maire", "comments": null, "location_name": "MAGNA", "latitude": 10.3384158, "longitude": 0.4571656, "hierarchy": "MAGNA > MANGO > OTI 1 > OTI > SAVANES", "link_to_subproject": 894.0, "depth_of_drilling": null, "drilling_flow_rate": null, "number_of_latrine_blocks": null, "has_latrine_blocs": null, "storage_capacity": null, "official_handover_date_to_sector": null, "length_of_the_track": null, "extension_length": null, "number_of_drinking_fountains": null, "estimated_number_of_beneficiaries": null, "refugee_and_internally_displaced_persons_group": null, "has_fence": null, "number_of_sections_of_track_developed": null, "amount_of_the_controllers_contract_in_SES": null, "amount_of_the_contract_for_construction_supervisors": null, "date_signature_contract_facilitator": null, "amount_of_the_facilitator_contract": null, "amount_spent_on_completing_the_infrastructure": null, "amount_spent_on_infrastructure_up_to_provisional_acceptance": null, "number_of_streetlights": null, "distance_covered_by_streetlights": null, "canton": null, "market_name": null }, "geometry": { "type": "Point", "coordinates": [ 0.4571656, 10.3384158 ] } },
{ "type": "Feature", "properties": { "id": 897, "number": 315, "joint_subproject_number": 254, "title": "Contruction de Batiment scolaire de 3 classes équipées+ bureau+mangasin +forage à EPP Fomboro", "type": "Forages photovoltaïques dans les établissements scolaires", "subproject_type_designation": "Infrastructure", "sector": "Eau–Hydraulique", "works_type": "Construction", "component": "COMPOSANTE 1.1", "projects": "COSO", "financiers": "Banque Mondiale", "status": "Réception technique 100.0%", "current_status_of_the_site": "Réception provisoire", "progress_percent": 0.0, "progress_value": 100.0, "estimated_cost": 20000000.0, "contract_amount_work_companies": 17606907.0, "total_contract_amount_paid": 17606907.0, "amount_of_the_care_and_maintenance_fund_expected": null, "care_and_maintenance_amount_on_village_account": null, "date_signature_contract_work_companies": "2024-05-13", "date_signature_contract_efme": null, "contract_companies_amount_for_efme": 0.0, "date_signature_contract_controllers_in_SES": null, "date_of_signature_of_contract_for_construction_supervisors": null, "approval_date_cora": "2023-09-08", "launch_date": "2024-06-03", "expected_duration": 3.0, "expected_end_date": "2024-09-02", "work_completion_date": "2024-10-02", "date_of_technical_acceptance_of_work": null, "date_of_provisional_acceptance_of_work": "2024-10-02", "official_handover_date_to_community": null, "existence_of_maintenance_plan": false, "wave": "4", "number_of_classrooms": 0.0, "number_of_infrastructures": 1, "population": 3678.0, "direct_beneficiaries_men": 1678.0, "direct_beneficiaries_women": 2000.0, "women_s_group": "True", "youth_group": "True", "breeders_farmers_group": "True", "ethnic_minority_group": null, "date_of_organization_of_the_social_audit": "2025-04-26", "number_of_participants_m_in_social_audit": 62.0, "number_of_participants_w_in_social_audit": 39.0, "number_of_participants_t_in_social_audit": 101.0, "beneficiary_villages_count": 1, "beneficiary_villages": "4080", "list_of_villages_crossed_by_track_or_electrification": [ ], "infrastructure_changed": null, "infrastructure_deleted": false, "level_of_achievement_donation_certificate": "Niveau Maire", "comments": null, "location_name": "FOMBORO", "latitude": 10.3531358, "longitude": 0.4777628, "hierarchy": "FOMBORO > MANGO > OTI 1 > OTI > SAVANES", "link_to_subproject": 896.0, "depth_of_drilling": 140.0, "drilling_flow_rate": null, "number_of_latrine_blocks": null, "has_latrine_blocs": null, "storage_capacity": null, "official_handover_date_to_sector": null, "length_of_the_track": null, "extension_length": null, "number_of_drinking_fountains": null, "estimated_number_of_beneficiaries": null, "refugee_and_internally_displaced_persons_group": null, "has_fence": null, "number_of_sections_of_track_developed": null, "amount_of_the_controllers_contract_in_SES": null, "amount_of_the_contract_for_construction_supervisors": null, "date_signature_contract_facilitator": null, "amount_of_the_facilitator_contract": null, "amount_spent_on_completing_the_infrastructure": null, "amount_spent_on_infrastructure_up_to_provisional_acceptance": null, "number_of_streetlights": null, "distance_covered_by_streetlights": null, "canton": null, "market_name": null }, "geometry": { "type": "Point", "coordinates": [ 0.4777628, 10.3531358 ] } },
{ "type": "Feature", "properties": { "id": 899, "number": 317, "joint_subproject_number": 255, "title": "Contruction de Batiment scolaire de 3 classes équipées+ bureau+mangasin +forage à EPP DOUANE EST", "type": "Forages photovoltaïques dans les établissements scolaires", "subproject_type_designation": "Infrastructure", "sector": "Eau–Hydraulique", "works_type": "Construction", "component": "COMPOSANTE 1.1", "projects": "COSO", "financiers": "Banque Mondiale", "status": "Réception provisoire 100.0%", "current_status_of_the_site": "Réception provisoire", "progress_percent": 0.0, "progress_value": 100.0, "estimated_cost": 20000000.0, "contract_amount_work_companies": 17606907.0, "total_contract_amount_paid": 17606907.0, "amount_of_the_care_and_maintenance_fund_expected": null, "care_and_maintenance_amount_on_village_account": null, "date_signature_contract_work_companies": "2024-05-13", "date_signature_contract_efme": null, "contract_companies_amount_for_efme": null, "date_signature_contract_controllers_in_SES": null, "date_of_signature_of_contract_for_construction_supervisors": null, "approval_date_cora": "2023-09-08", "launch_date": "2024-06-13", "expected_duration": 3.0, "expected_end_date": null, "work_completion_date": "2024-10-03", "date_of_technical_acceptance_of_work": "2024-10-03", "date_of_provisional_acceptance_of_work": "2024-11-12", "official_handover_date_to_community": null, "existence_of_maintenance_plan": false, "wave": "4", "number_of_classrooms": 0.0, "number_of_infrastructures": 1, "population": 3221.0, "direct_beneficiaries_men": 1907.0, "direct_beneficiaries_women": 1308.0, "women_s_group": "True", "youth_group": null, "breeders_farmers_group": null, "ethnic_minority_group": "True", "date_of_organization_of_the_social_audit": "2025-08-15", "number_of_participants_m_in_social_audit": 17.0, "number_of_participants_w_in_social_audit": 40.0, "number_of_participants_t_in_social_audit": 57.0, "beneficiary_villages_count": 1, "beneficiary_villages": "4083", "list_of_villages_crossed_by_track_or_electrification": [ ], "infrastructure_changed": null, "infrastructure_deleted": false, "level_of_achievement_donation_certificate": null, "comments": null, "location_name": "DOUANE-EST", "latitude": 10.3392083, "longitude": 0.4729033, "hierarchy": "DOUANE-EST > MANGO > OTI 1 > OTI > SAVANES", "link_to_subproject": 898.0, "depth_of_drilling": null, "drilling_flow_rate": null, "number_of_latrine_blocks": null, "has_latrine_blocs": null, "storage_capacity": null, "official_handover_date_to_sector": null, "length_of_the_track": null, "extension_length": null, "number_of_drinking_fountains": null, "estimated_number_of_beneficiaries": null, "refugee_and_internally_displaced_persons_group": null, "has_fence": null, "number_of_sections_of_track_developed": null, "amount_of_the_controllers_contract_in_SES": null, "amount_of_the_contract_for_construction_supervisors": null, "date_signature_contract_facilitator": null, "amount_of_the_facilitator_contract": null, "amount_spent_on_completing_the_infrastructure": null, "amount_spent_on_infrastructure_up_to_provisional_acceptance": null, "number_of_streetlights": null, "distance_covered_by_streetlights": null, "canton": null, "market_name": null }, "geometry": { "type": "Point", "coordinates": [ 0.4729033, 10.3392083 ] } },
{ "type": "Feature", "properties": { "id": 903, "number": 321, "joint_subproject_number": 257, "title": "Contruction de Batiment scolaire de 3 classes équipées+ bureau+mangasin +forage à EPP Bendenou", "type": "Forages photovoltaïques dans les établissements scolaires", "subproject_type_designation": "Infrastructure", "sector": "Eau–Hydraulique", "works_type": "Construction", "component": "COMPOSANTE 1.1", "projects": "COSO", "financiers": "Banque Mondiale", "status": "Réception provisoire 100.0%", "current_status_of_the_site": "Réception provisoire", "progress_percent": 0.0, "progress_value": 100.0, "estimated_cost": 20000000.0, "contract_amount_work_companies": 17606907.0, "total_contract_amount_paid": 17606907.0, "amount_of_the_care_and_maintenance_fund_expected": null, "care_and_maintenance_amount_on_village_account": null, "date_signature_contract_work_companies": "2024-05-15", "date_signature_contract_efme": null, "contract_companies_amount_for_efme": null, "date_signature_contract_controllers_in_SES": null, "date_of_signature_of_contract_for_construction_supervisors": null, "approval_date_cora": "2023-09-08", "launch_date": "2024-06-03", "expected_duration": 3.0, "expected_end_date": "2024-09-02", "work_completion_date": "2024-11-12", "date_of_technical_acceptance_of_work": "2024-10-28", "date_of_provisional_acceptance_of_work": "2024-11-12", "official_handover_date_to_community": null, "existence_of_maintenance_plan": false, "wave": "4", "number_of_classrooms": 0.0, "number_of_infrastructures": 1, "population": 2600.0, "direct_beneficiaries_men": 1750.0, "direct_beneficiaries_women": 1850.0, "women_s_group": null, "youth_group": null, "breeders_farmers_group": "True", "ethnic_minority_group": null, "date_of_organization_of_the_social_audit": null, "number_of_participants_m_in_social_audit": null, "number_of_participants_w_in_social_audit": null, "number_of_participants_t_in_social_audit": null, "beneficiary_villages_count": 1, "beneficiary_villages": "4089", "list_of_villages_crossed_by_track_or_electrification": [ ], "infrastructure_changed": null, "infrastructure_deleted": false, "level_of_achievement_donation_certificate": null, "comments": null, "location_name": "DJABOU", "latitude": 10.3644199, "longitude": 0.4783607, "hierarchy": "DJABOU > MANGO > OTI 1 > OTI > SAVANES", "link_to_subproject": 902.0, "depth_of_drilling": 130.0, "drilling_flow_rate": null, "number_of_latrine_blocks": null, "has_latrine_blocs": null, "storage_capacity": null, "official_handover_date_to_sector": null, "length_of_the_track": null, "extension_length": null, "number_of_drinking_fountains": null, "estimated_number_of_beneficiaries": null, "refugee_and_internally_displaced_persons_group": null, "has_fence": null, "number_of_sections_of_track_developed": null, "amount_of_the_controllers_contract_in_SES": null, "amount_of_the_contract_for_construction_supervisors": null, "date_signature_contract_facilitator": null, "amount_of_the_facilitator_contract": null, "amount_spent_on_completing_the_infrastructure": null, "amount_spent_on_infrastructure_up_to_provisional_acceptance": null, "number_of_streetlights": null, "distance_covered_by_streetlights": null, "canton": null, "market_name": null }, "geometry": { "type": "Point", "coordinates": [ 0.4783607, 10.3644199 ] } },
{ "type": "Feature", "properties": { "id": 906, "number": 324, "joint_subproject_number": 259, "title": "Contruction de Batiment scolaire pour le jardin d'enfants de 2 classes équipées+ bureau+Forage à EPP Bonzoukou", "type": "Forages photovoltaïques dans les établissements scolaires", "subproject_type_designation": "Infrastructure", "sector": "Eau–Hydraulique", "works_type": "Construction", "component": "COMPOSANTE 1.1", "projects": "COSO", "financiers": "Banque Mondiale", "status": "Réception provisoire 100.0%", "current_status_of_the_site": "Réception provisoire", "progress_percent": 0.0, "progress_value": 100.0, "estimated_cost": 20000000.0, "contract_amount_work_companies": 14895699.0, "total_contract_amount_paid": 14895699.0, "amount_of_the_care_and_maintenance_fund_expected": 250000.0, "care_and_maintenance_amount_on_village_account": 200000.0, "date_signature_contract_work_companies": "2024-05-13", "date_signature_contract_efme": "2024-10-25", "contract_companies_amount_for_efme": 2053200.0, "date_signature_contract_controllers_in_SES": null, "date_of_signature_of_contract_for_construction_supervisors": null, "approval_date_cora": "2023-09-08", "launch_date": "2024-11-10", "expected_duration": 3.0, "expected_end_date": "2024-12-25", "work_completion_date": "2025-03-12", "date_of_technical_acceptance_of_work": null, "date_of_provisional_acceptance_of_work": "2025-06-24", "official_handover_date_to_community": null, "existence_of_maintenance_plan": false, "wave": "4", "number_of_classrooms": 0.0, "number_of_infrastructures": 1, "population": 795.0, "direct_beneficiaries_men": 423.0, "direct_beneficiaries_women": 372.0, "women_s_group": "True", "youth_group": "True", "breeders_farmers_group": "True", "ethnic_minority_group": "True", "date_of_organization_of_the_social_audit": "2025-07-30", "number_of_participants_m_in_social_audit": 36.0, "number_of_participants_w_in_social_audit": 86.0, "number_of_participants_t_in_social_audit": 122.0, "beneficiary_villages_count": 1, "beneficiary_villages": "2439", "list_of_villages_crossed_by_track_or_electrification": [ ], "infrastructure_changed": "True", "infrastructure_deleted": false, "level_of_achievement_donation_certificate": "Niveau Juge", "comments": null, "location_name": "BONZOUKOU", "latitude": null, "longitude": null, "hierarchy": "BONZOUKOU > MANGO > OTI 1 > OTI > SAVANES", "link_to_subproject": 905.0, "depth_of_drilling": 84.0, "drilling_flow_rate": 6.0, "number_of_latrine_blocks": null, "has_latrine_blocs": null, "storage_capacity": null, "official_handover_date_to_sector": null, "length_of_the_track": null, "extension_length": null, "number_of_drinking_fountains": null, "estimated_number_of_beneficiaries": null, "refugee_and_internally_displaced_persons_group": null, "has_fence": null, "number_of_sections_of_track_developed": null, "amount_of_the_controllers_contract_in_SES": null, "amount_of_the_contract_for_construction_supervisors": null, "date_signature_contract_facilitator": null, "amount_of_the_facilitator_contract": null, "amount_spent_on_completing_the_infrastructure": null, "amount_spent_on_infrastructure_up_to_provisional_acceptance": null, "number_of_streetlights": null, "distance_covered_by_streetlights": null, "canton": null, "market_name": null }, "geometry": null },
{ "type": "Feature", "properties": { "id": 907, "number": 325, "joint_subproject_number": 260, "title": "Réalisation d'un forage photovoltaïque pour eau de boisson", "type": "Forages photovoltaïques dans les communautés pour eau de boisson", "subproject_type_designation": "Subproject", "sector": "Eau–Hydraulique", "works_type": "Réhabilitation", "component": "COMPOSANTE 1.1", "projects": "COSO", "financiers": "Banque Mondiale", "status": "Réception provisoire 100.0%", "current_status_of_the_site": "Réception provisoire", "progress_percent": 0.0, "progress_value": 90.0, "estimated_cost": 20000000.0, "contract_amount_work_companies": 13339373.0, "total_contract_amount_paid": 13339373.0, "amount_of_the_care_and_maintenance_fund_expected": null, "care_and_maintenance_amount_on_village_account": 150000.0, "date_signature_contract_work_companies": "2025-07-08", "date_signature_contract_efme": null, "contract_companies_amount_for_efme": null, "date_signature_contract_controllers_in_SES": null, "date_of_signature_of_contract_for_construction_supervisors": null, "approval_date_cora": "2023-09-08", "launch_date": "2025-07-22", "expected_duration": 3.0, "expected_end_date": "2025-10-22", "work_completion_date": "2026-04-01", "date_of_technical_acceptance_of_work": "2026-04-01", "date_of_provisional_acceptance_of_work": "2026-04-01", "official_handover_date_to_community": null, "existence_of_maintenance_plan": false, "wave": "4", "number_of_classrooms": 0.0, "number_of_infrastructures": 1, "population": 437.0, "direct_beneficiaries_men": 228.0, "direct_beneficiaries_women": 209.0, "women_s_group": null, "youth_group": "True", "breeders_farmers_group": "True", "ethnic_minority_group": "True", "date_of_organization_of_the_social_audit": null, "number_of_participants_m_in_social_audit": null, "number_of_participants_w_in_social_audit": null, "number_of_participants_t_in_social_audit": null, "beneficiary_villages_count": 1, "beneficiary_villages": "2449", "list_of_villages_crossed_by_track_or_electrification": [ ], "infrastructure_changed": "True", "infrastructure_deleted": false, "level_of_achievement_donation_certificate": null, "comments": null, "location_name": "TCHIRI", "latitude": null, "longitude": null, "hierarchy": "TCHIRI > MANGO > OTI 1 > OTI > SAVANES", "link_to_subproject": null, "depth_of_drilling": null, "drilling_flow_rate": null, "number_of_latrine_blocks": null, "has_latrine_blocs": null, "storage_capacity": null, "official_handover_date_to_sector": null, "length_of_the_track": null, "extension_length": null, "number_of_drinking_fountains": null, "estimated_number_of_beneficiaries": null, "refugee_and_internally_displaced_persons_group": null, "has_fence": null, "number_of_sections_of_track_developed": null, "amount_of_the_controllers_contract_in_SES": null, "amount_of_the_contract_for_construction_supervisors": null, "date_signature_contract_facilitator": null, "amount_of_the_facilitator_contract": null, "amount_spent_on_completing_the_infrastructure": null, "amount_spent_on_infrastructure_up_to_provisional_acceptance": null, "number_of_streetlights": null, "distance_covered_by_streetlights": null, "canton": null, "market_name": null }, "geometry": null },
{ "type": "Feature", "properties": { "id": 909, "number": 327, "joint_subproject_number": 261, "title": "Construction de salle de réunion", "type": "Forage Photovoltaïque (Salle de réunion)", "subproject_type_designation": "Infrastructure", "sector": "Eau–Hydraulique", "works_type": "Construction", "component": "COMPOSANTE 1.1", "projects": "COSO", "financiers": "Banque Mondiale", "status": "Réception technique 100.0%", "current_status_of_the_site": "Réception provisoire", "progress_percent": 0.0, "progress_value": 100.0, "estimated_cost": 20000000.0, "contract_amount_work_companies": 16677418.0, "total_contract_amount_paid": 16677418.0, "amount_of_the_care_and_maintenance_fund_expected": null, "care_and_maintenance_amount_on_village_account": null, "date_signature_contract_work_companies": "2024-05-17", "date_signature_contract_efme": null, "contract_companies_amount_for_efme": null, "date_signature_contract_controllers_in_SES": null, "date_of_signature_of_contract_for_construction_supervisors": null, "approval_date_cora": "2023-09-08", "launch_date": "2024-05-17", "expected_duration": 3.0, "expected_end_date": null, "work_completion_date": "2025-01-17", "date_of_technical_acceptance_of_work": null, "date_of_provisional_acceptance_of_work": "2025-01-17", "official_handover_date_to_community": null, "existence_of_maintenance_plan": false, "wave": "4", "number_of_classrooms": 0.0, "number_of_infrastructures": 1, "population": 666.0, "direct_beneficiaries_men": 365.0, "direct_beneficiaries_women": 325.0, "women_s_group": null, "youth_group": null, "breeders_farmers_group": null, "ethnic_minority_group": null, "date_of_organization_of_the_social_audit": null, "number_of_participants_m_in_social_audit": null, "number_of_participants_w_in_social_audit": null, "number_of_participants_t_in_social_audit": null, "beneficiary_villages_count": 1, "beneficiary_villages": "2442", "list_of_villages_crossed_by_track_or_electrification": [ ], "infrastructure_changed": null, "infrastructure_deleted": false, "level_of_achievement_donation_certificate": null, "comments": null, "location_name": "GNANGBANDI (MANGO)", "latitude": 10.32394, "longitude": 0.43644, "hierarchy": "GNANGBANDI (MANGO) > MANGO > OTI 1 > OTI > SAVANES", "link_to_subproject": 908.0, "depth_of_drilling": null, "drilling_flow_rate": null, "number_of_latrine_blocks": null, "has_latrine_blocs": null, "storage_capacity": null, "official_handover_date_to_sector": null, "length_of_the_track": null, "extension_length": null, "number_of_drinking_fountains": null, "estimated_number_of_beneficiaries": null, "refugee_and_internally_displaced_persons_group": null, "has_fence": null, "number_of_sections_of_track_developed": null, "amount_of_the_controllers_contract_in_SES": null, "amount_of_the_contract_for_construction_supervisors": null, "date_signature_contract_facilitator": null, "amount_of_the_facilitator_contract": null, "amount_spent_on_completing_the_infrastructure": null, "amount_spent_on_infrastructure_up_to_provisional_acceptance": null, "number_of_streetlights": null, "distance_covered_by_streetlights": null, "canton": null, "market_name": null }, "geometry": { "type": "Point", "coordinates": [ 0.43644, 10.32394 ] } },
{ "type": "Feature", "properties": { "id": 911, "number": 329, "joint_subproject_number": 262, "title": "Construction d'un centre communautaire à NAKORKOU", "type": "Forage Photovoltaïque (Centre communautaire)", "subproject_type_designation": "Infrastructure", "sector": "Eau–Hydraulique", "works_type": "Construction", "component": "COMPOSANTE 1.1", "projects": "COSO", "financiers": "Banque Mondiale", "status": "Réception provisoire 100.0%", "current_status_of_the_site": "Réception provisoire", "progress_percent": 0.0, "progress_value": 100.0, "estimated_cost": 20000000.0, "contract_amount_work_companies": 17884410.0, "total_contract_amount_paid": 17884410.0, "amount_of_the_care_and_maintenance_fund_expected": 250000.0, "care_and_maintenance_amount_on_village_account": 150000.0, "date_signature_contract_work_companies": "2025-02-05", "date_signature_contract_efme": null, "contract_companies_amount_for_efme": null, "date_signature_contract_controllers_in_SES": null, "date_of_signature_of_contract_for_construction_supervisors": null, "approval_date_cora": "2023-09-08", "launch_date": "2025-03-03", "expected_duration": 3.0, "expected_end_date": "2025-06-03", "work_completion_date": "2026-02-11", "date_of_technical_acceptance_of_work": "2026-02-11", "date_of_provisional_acceptance_of_work": "2026-02-11", "official_handover_date_to_community": null, "existence_of_maintenance_plan": false, "wave": "4", "number_of_classrooms": 0.0, "number_of_infrastructures": 1, "population": 780.0, "direct_beneficiaries_men": 404.0, "direct_beneficiaries_women": 376.0, "women_s_group": "True", "youth_group": "True", "breeders_farmers_group": "True", "ethnic_minority_group": "True", "date_of_organization_of_the_social_audit": null, "number_of_participants_m_in_social_audit": null, "number_of_participants_w_in_social_audit": null, "number_of_participants_t_in_social_audit": null, "beneficiary_villages_count": 1, "beneficiary_villages": "2446", "list_of_villages_crossed_by_track_or_electrification": [ ], "infrastructure_changed": "True", "infrastructure_deleted": false, "level_of_achievement_donation_certificate": null, "comments": null, "location_name": "NAKORKOU", "latitude": null, "longitude": null, "hierarchy": "NAKORKOU > MANGO > OTI 1 > OTI > SAVANES", "link_to_subproject": 910.0, "depth_of_drilling": null, "drilling_flow_rate": null, "number_of_latrine_blocks": null, "has_latrine_blocs": null, "storage_capacity": null, "official_handover_date_to_sector": null, "length_of_the_track": null, "extension_length": null, "number_of_drinking_fountains": null, "estimated_number_of_beneficiaries": null, "refugee_and_internally_displaced_persons_group": null, "has_fence": null, "number_of_sections_of_track_developed": null, "amount_of_the_controllers_contract_in_SES": null, "amount_of_the_contract_for_construction_supervisors": null, "date_signature_contract_facilitator": null, "amount_of_the_facilitator_contract": null, "amount_spent_on_completing_the_infrastructure": null, "amount_spent_on_infrastructure_up_to_provisional_acceptance": null, "number_of_streetlights": null, "distance_covered_by_streetlights": null, "canton": null, "market_name": null }, "geometry": null },
{ "type": "Feature", "properties": { "id": 915, "number": 333, "joint_subproject_number": 265, "title": "Construction d'un batiment scolaire de 3 salles de classe+ bureau+Forage+Bloc sanitaire à l'EPP Gnabadjoani 2", "type": "Forages photovoltaïques dans les établissements scolaires", "subproject_type_designation": "Infrastructure", "sector": "Eau–Hydraulique", "works_type": "Construction", "component": "COMPOSANTE 1.1", "projects": "COSO", "financiers": "Banque Mondiale", "status": "Réception provisoire 100.0%", "current_status_of_the_site": "Réception provisoire", "progress_percent": 0.0, "progress_value": 100.0, "estimated_cost": 20000000.0, "contract_amount_work_companies": 17599408.0, "total_contract_amount_paid": 17599408.0, "amount_of_the_care_and_maintenance_fund_expected": 250000.0, "care_and_maintenance_amount_on_village_account": 253000.0, "date_signature_contract_work_companies": "2024-05-13", "date_signature_contract_efme": "2023-06-10", "contract_companies_amount_for_efme": 17599408.0, "date_signature_contract_controllers_in_SES": null, "date_of_signature_of_contract_for_construction_supervisors": null, "approval_date_cora": "2023-09-08", "launch_date": "2024-05-20", "expected_duration": 3.0, "expected_end_date": "2024-08-01", "work_completion_date": "2024-10-22", "date_of_technical_acceptance_of_work": "2024-10-22", "date_of_provisional_acceptance_of_work": "2024-11-27", "official_handover_date_to_community": null, "existence_of_maintenance_plan": true, "wave": "4", "number_of_classrooms": 0.0, "number_of_infrastructures": 1, "population": 1673.0, "direct_beneficiaries_men": 825.0, "direct_beneficiaries_women": 848.0, "women_s_group": "True", "youth_group": "True", "breeders_farmers_group": "True", "ethnic_minority_group": "True", "date_of_organization_of_the_social_audit": "2024-12-06", "number_of_participants_m_in_social_audit": 43.0, "number_of_participants_w_in_social_audit": 97.0, "number_of_participants_t_in_social_audit": 140.0, "beneficiary_villages_count": 3, "beneficiary_villages": "4102; 4103; 4104", "list_of_villages_crossed_by_track_or_electrification": [ ], "infrastructure_changed": null, "infrastructure_deleted": false, "level_of_achievement_donation_certificate": "Maire", "comments": null, "location_name": "GNABADJOUANI 2", "latitude": 10.966555, "longitude": 0.13158, "hierarchy": "GNABADJOUANI 2 > NAMARE > TONE 2 > TONE > SAVANES", "link_to_subproject": 914.0, "depth_of_drilling": 70.0, "drilling_flow_rate": 4.0, "number_of_latrine_blocks": null, "has_latrine_blocs": null, "storage_capacity": null, "official_handover_date_to_sector": null, "length_of_the_track": null, "extension_length": null, "number_of_drinking_fountains": null, "estimated_number_of_beneficiaries": null, "refugee_and_internally_displaced_persons_group": null, "has_fence": null, "number_of_sections_of_track_developed": null, "amount_of_the_controllers_contract_in_SES": null, "amount_of_the_contract_for_construction_supervisors": null, "date_signature_contract_facilitator": null, "amount_of_the_facilitator_contract": null, "amount_spent_on_completing_the_infrastructure": null, "amount_spent_on_infrastructure_up_to_provisional_acceptance": null, "number_of_streetlights": null, "distance_covered_by_streetlights": null, "canton": null, "market_name": null }, "geometry": { "type": "Point", "coordinates": [ 0.13158, 10.966555 ] } },
{ "type": "Feature", "properties": { "id": 919, "number": 337, "joint_subproject_number": 268, "title": "Construction d'un centre communautaire à KONGO-MOBA", "type": "Forage Photovoltaïque (Centre communautaire)", "subproject_type_designation": "Infrastructure", "sector": "Eau–Hydraulique", "works_type": "Construction", "component": "COMPOSANTE 1.1", "projects": "COSO", "financiers": "Banque Mondiale", "status": "Réception définitive 100.0%", "current_status_of_the_site": "Réception définitive", "progress_percent": 0.0, "progress_value": 100.0, "estimated_cost": 20000000.0, "contract_amount_work_companies": 17816068.0, "total_contract_amount_paid": 17816068.0, "amount_of_the_care_and_maintenance_fund_expected": null, "care_and_maintenance_amount_on_village_account": null, "date_signature_contract_work_companies": "2024-05-11", "date_signature_contract_efme": null, "contract_companies_amount_for_efme": null, "date_signature_contract_controllers_in_SES": null, "date_of_signature_of_contract_for_construction_supervisors": null, "approval_date_cora": "2023-09-08", "launch_date": "2024-06-11", "expected_duration": 3.0, "expected_end_date": "2024-08-01", "work_completion_date": "2024-08-26", "date_of_technical_acceptance_of_work": null, "date_of_provisional_acceptance_of_work": "2024-09-18", "official_handover_date_to_community": "2025-12-11", "existence_of_maintenance_plan": false, "wave": "4", "number_of_classrooms": 0.0, "number_of_infrastructures": 1, "population": 2969.0, "direct_beneficiaries_men": 1676.0, "direct_beneficiaries_women": 1313.0, "women_s_group": null, "youth_group": null, "breeders_farmers_group": null, "ethnic_minority_group": null, "date_of_organization_of_the_social_audit": "2025-02-18", "number_of_participants_m_in_social_audit": 18.0, "number_of_participants_w_in_social_audit": 61.0, "number_of_participants_t_in_social_audit": 79.0, "beneficiary_villages_count": 4, "beneficiary_villages": "3371; 4110; 4112; 4113", "list_of_villages_crossed_by_track_or_electrification": [ ], "infrastructure_changed": "True", "infrastructure_deleted": false, "level_of_achievement_donation_certificate": null, "comments": null, "location_name": "KONGO-MOBA", "latitude": null, "longitude": null, "hierarchy": "KONGO-MOBA > NAMARE > TONE 2 > TONE > SAVANES", "link_to_subproject": 918.0, "depth_of_drilling": null, "drilling_flow_rate": null, "number_of_latrine_blocks": null, "has_latrine_blocs": null, "storage_capacity": null, "official_handover_date_to_sector": null, "length_of_the_track": null, "extension_length": null, "number_of_drinking_fountains": null, "estimated_number_of_beneficiaries": null, "refugee_and_internally_displaced_persons_group": null, "has_fence": null, "number_of_sections_of_track_developed": null, "amount_of_the_controllers_contract_in_SES": null, "amount_of_the_contract_for_construction_supervisors": null, "date_signature_contract_facilitator": null, "amount_of_the_facilitator_contract": null, "amount_spent_on_completing_the_infrastructure": null, "amount_spent_on_infrastructure_up_to_provisional_acceptance": null, "number_of_streetlights": null, "distance_covered_by_streetlights": null, "canton": null, "market_name": null }, "geometry": null },
{ "type": "Feature", "properties": { "id": 922, "number": 340, "joint_subproject_number": 271, "title": "Construction d'un forage maraicher à Touontongou", "type": "Forages photovoltaïques pour les activités maraîchères", "subproject_type_designation": "Subproject", "sector": "Eau–Hydraulique", "works_type": "Construction", "component": "COMPOSANTE 1.1", "projects": "COSO", "financiers": "Banque Mondiale", "status": "Réception définitive 100.0%", "current_status_of_the_site": "Réception définitive", "progress_percent": 0.0, "progress_value": 100.0, "estimated_cost": 20000000.0, "contract_amount_work_companies": 19217230.0, "total_contract_amount_paid": 19217230.0, "amount_of_the_care_and_maintenance_fund_expected": null, "care_and_maintenance_amount_on_village_account": 250000.0, "date_signature_contract_work_companies": "2024-05-17", "date_signature_contract_efme": null, "contract_companies_amount_for_efme": null, "date_signature_contract_controllers_in_SES": null, "date_of_signature_of_contract_for_construction_supervisors": null, "approval_date_cora": "2023-09-08", "launch_date": "2024-06-11", "expected_duration": 3.0, "expected_end_date": "2024-08-01", "work_completion_date": "2024-08-27", "date_of_technical_acceptance_of_work": null, "date_of_provisional_acceptance_of_work": "2024-08-27", "official_handover_date_to_community": "2025-09-23", "existence_of_maintenance_plan": false, "wave": "4", "number_of_classrooms": 0.0, "number_of_infrastructures": 1, "population": 435.0, "direct_beneficiaries_men": 152.0, "direct_beneficiaries_women": 290.0, "women_s_group": "True", "youth_group": "True", "breeders_farmers_group": "True", "ethnic_minority_group": "True", "date_of_organization_of_the_social_audit": "2024-10-16", "number_of_participants_m_in_social_audit": 24.0, "number_of_participants_w_in_social_audit": 51.0, "number_of_participants_t_in_social_audit": 75.0, "beneficiary_villages_count": 1, "beneficiary_villages": "4101", "list_of_villages_crossed_by_track_or_electrification": [ ], "infrastructure_changed": null, "infrastructure_deleted": false, "level_of_achievement_donation_certificate": null, "comments": null, "location_name": "TOUONTONGOU", "latitude": null, "longitude": null, "hierarchy": "TOUONTONGOU > NAMARE > TONE 2 > TONE > SAVANES", "link_to_subproject": null, "depth_of_drilling": null, "drilling_flow_rate": null, "number_of_latrine_blocks": null, "has_latrine_blocs": null, "storage_capacity": null, "official_handover_date_to_sector": null, "length_of_the_track": null, "extension_length": null, "number_of_drinking_fountains": null, "estimated_number_of_beneficiaries": null, "refugee_and_internally_displaced_persons_group": null, "has_fence": null, "number_of_sections_of_track_developed": null, "amount_of_the_controllers_contract_in_SES": null, "amount_of_the_contract_for_construction_supervisors": null, "date_signature_contract_facilitator": null, "amount_of_the_facilitator_contract": null, "amount_spent_on_completing_the_infrastructure": null, "amount_spent_on_infrastructure_up_to_provisional_acceptance": null, "number_of_streetlights": null, "distance_covered_by_streetlights": null, "canton": null, "market_name": null }, "geometry": null },
{ "type": "Feature", "properties": { "id": 923, "number": 341, "joint_subproject_number": 272, "title": "Réalisation d'un forage maraicher à Kongo-Boumbouni", "type": "Forages photovoltaïques pour les activités maraîchères", "subproject_type_designation": "Subproject", "sector": "Eau–Hydraulique", "works_type": "Construction", "component": "COMPOSANTE 1.1", "projects": "COSO", "financiers": "Banque Mondiale", "status": "Réception définitive 100.0%", "current_status_of_the_site": "Réception définitive", "progress_percent": 0.0, "progress_value": 100.0, "estimated_cost": 20000000.0, "contract_amount_work_companies": 16595644.0, "total_contract_amount_paid": 16595644.0, "amount_of_the_care_and_maintenance_fund_expected": null, "care_and_maintenance_amount_on_village_account": 250000.0, "date_signature_contract_work_companies": "2024-05-13", "date_signature_contract_efme": null, "contract_companies_amount_for_efme": null, "date_signature_contract_controllers_in_SES": null, "date_of_signature_of_contract_for_construction_supervisors": null, "approval_date_cora": "2023-09-08", "launch_date": "2024-06-11", "expected_duration": 3.0, "expected_end_date": "2024-08-01", "work_completion_date": "2024-09-27", "date_of_technical_acceptance_of_work": null, "date_of_provisional_acceptance_of_work": "2024-09-27", "official_handover_date_to_community": "2025-12-04", "existence_of_maintenance_plan": false, "wave": "4", "number_of_classrooms": 0.0, "number_of_infrastructures": 1, "population": 365.0, "direct_beneficiaries_men": 167.0, "direct_beneficiaries_women": 188.0, "women_s_group": "True", "youth_group": "True", "breeders_farmers_group": "True", "ethnic_minority_group": "True", "date_of_organization_of_the_social_audit": "2024-10-25", "number_of_participants_m_in_social_audit": 25.0, "number_of_participants_w_in_social_audit": 92.0, "number_of_participants_t_in_social_audit": 117.0, "beneficiary_villages_count": 1, "beneficiary_villages": "4111", "list_of_villages_crossed_by_track_or_electrification": [ ], "infrastructure_changed": null, "infrastructure_deleted": false, "level_of_achievement_donation_certificate": null, "comments": null, "location_name": "KONGO-BOUMBOUNI", "latitude": null, "longitude": null, "hierarchy": "KONGO-BOUMBOUNI > NAMARE > TONE 2 > TONE > SAVANES", "link_to_subproject": null, "depth_of_drilling": null, "drilling_flow_rate": null, "number_of_latrine_blocks": null, "has_latrine_blocs": null, "storage_capacity": null, "official_handover_date_to_sector": null, "length_of_the_track": null, "extension_length": null, "number_of_drinking_fountains": null, "estimated_number_of_beneficiaries": null, "refugee_and_internally_displaced_persons_group": null, "has_fence": null, "number_of_sections_of_track_developed": null, "amount_of_the_controllers_contract_in_SES": null, "amount_of_the_contract_for_construction_supervisors": null, "date_signature_contract_facilitator": null, "amount_of_the_facilitator_contract": null, "amount_spent_on_completing_the_infrastructure": null, "amount_spent_on_infrastructure_up_to_provisional_acceptance": null, "number_of_streetlights": null, "distance_covered_by_streetlights": null, "canton": null, "market_name": null }, "geometry": null },
{ "type": "Feature", "properties": { "id": 925, "number": 343, "joint_subproject_number": 274, "title": "Réalisation d'un forage maraicher à Kongo-Mossi", "type": "Forages photovoltaïques pour les activités maraîchères", "subproject_type_designation": "Subproject", "sector": "Eau–Hydraulique", "works_type": "Construction", "component": "COMPOSANTE 1.1", "projects": "COSO", "financiers": "Banque Mondiale", "status": "Réception définitive 100.0%", "current_status_of_the_site": "Réception définitive", "progress_percent": 0.0, "progress_value": 100.0, "estimated_cost": 20000000.0, "contract_amount_work_companies": 17539644.0, "total_contract_amount_paid": 17539644.0, "amount_of_the_care_and_maintenance_fund_expected": null, "care_and_maintenance_amount_on_village_account": 114000.0, "date_signature_contract_work_companies": "2024-05-13", "date_signature_contract_efme": null, "contract_companies_amount_for_efme": null, "date_signature_contract_controllers_in_SES": null, "date_of_signature_of_contract_for_construction_supervisors": null, "approval_date_cora": "2023-09-08", "launch_date": "2024-06-11", "expected_duration": 3.0, "expected_end_date": "2024-08-01", "work_completion_date": "2024-09-27", "date_of_technical_acceptance_of_work": null, "date_of_provisional_acceptance_of_work": "2024-09-27", "official_handover_date_to_community": "2025-12-04", "existence_of_maintenance_plan": false, "wave": "4", "number_of_classrooms": 0.0, "number_of_infrastructures": 1, "population": 258.0, "direct_beneficiaries_men": 78.0, "direct_beneficiaries_women": 147.0, "women_s_group": "True", "youth_group": "True", "breeders_farmers_group": "True", "ethnic_minority_group": null, "date_of_organization_of_the_social_audit": "2024-11-13", "number_of_participants_m_in_social_audit": 30.0, "number_of_participants_w_in_social_audit": 72.0, "number_of_participants_t_in_social_audit": 102.0, "beneficiary_villages_count": 2, "beneficiary_villages": "4107; 4108", "list_of_villages_crossed_by_track_or_electrification": [ ], "infrastructure_changed": null, "infrastructure_deleted": false, "level_of_achievement_donation_certificate": null, "comments": null, "location_name": "KONGO-MOSSI", "latitude": null, "longitude": null, "hierarchy": "KONGO-MOSSI > NAMARE > TONE 2 > TONE > SAVANES", "link_to_subproject": null, "depth_of_drilling": null, "drilling_flow_rate": null, "number_of_latrine_blocks": null, "has_latrine_blocs": null, "storage_capacity": null, "official_handover_date_to_sector": null, "length_of_the_track": null, "extension_length": null, "number_of_drinking_fountains": null, "estimated_number_of_beneficiaries": null, "refugee_and_internally_displaced_persons_group": null, "has_fence": null, "number_of_sections_of_track_developed": null, "amount_of_the_controllers_contract_in_SES": null, "amount_of_the_contract_for_construction_supervisors": null, "date_signature_contract_facilitator": null, "amount_of_the_facilitator_contract": null, "amount_spent_on_completing_the_infrastructure": null, "amount_spent_on_infrastructure_up_to_provisional_acceptance": null, "number_of_streetlights": null, "distance_covered_by_streetlights": null, "canton": null, "market_name": null }, "geometry": null },
{ "type": "Feature", "properties": { "id": 927, "number": 345, "joint_subproject_number": 276, "title": "Réalisation d'un forage maraicher dans le bas-fond de Yobre 1 ", "type": "Forages photovoltaïques pour les activités maraîchères", "subproject_type_designation": "Subproject", "sector": "Eau–Hydraulique", "works_type": "Construction", "component": "COMPOSANTE 1.1", "projects": "COSO", "financiers": "Banque Mondiale", "status": "Réception définitive 100.0%", "current_status_of_the_site": "Réception définitive", "progress_percent": 0.0, "progress_value": 100.0, "estimated_cost": 20000000.0, "contract_amount_work_companies": 17000913.0, "total_contract_amount_paid": 17000913.0, "amount_of_the_care_and_maintenance_fund_expected": null, "care_and_maintenance_amount_on_village_account": 106000.0, "date_signature_contract_work_companies": "2024-05-21", "date_signature_contract_efme": null, "contract_companies_amount_for_efme": null, "date_signature_contract_controllers_in_SES": null, "date_of_signature_of_contract_for_construction_supervisors": null, "approval_date_cora": "2023-09-08", "launch_date": "2024-06-24", "expected_duration": 3.0, "expected_end_date": "2024-08-01", "work_completion_date": "2024-08-18", "date_of_technical_acceptance_of_work": null, "date_of_provisional_acceptance_of_work": "2024-08-27", "official_handover_date_to_community": "2025-09-23", "existence_of_maintenance_plan": true, "wave": "4", "number_of_classrooms": 0.0, "number_of_infrastructures": 1, "population": 1497.0, "direct_beneficiaries_men": 590.0, "direct_beneficiaries_women": 907.0, "women_s_group": "True", "youth_group": "True", "breeders_farmers_group": "True", "ethnic_minority_group": "True", "date_of_organization_of_the_social_audit": "2024-10-18", "number_of_participants_m_in_social_audit": 20.0, "number_of_participants_w_in_social_audit": 82.0, "number_of_participants_t_in_social_audit": 102.0, "beneficiary_villages_count": 3, "beneficiary_villages": "4123; 4124; 4125", "list_of_villages_crossed_by_track_or_electrification": [ ], "infrastructure_changed": "True", "infrastructure_deleted": false, "level_of_achievement_donation_certificate": "Chef village", "comments": null, "location_name": "YOBRE 1", "latitude": 10.938128, "longitude": 0.094391, "hierarchy": "YOBRE 1 > NAMARE > TONE 2 > TONE > SAVANES", "link_to_subproject": null, "depth_of_drilling": 65.0, "drilling_flow_rate": 6.0, "number_of_latrine_blocks": null, "has_latrine_blocs": null, "storage_capacity": null, "official_handover_date_to_sector": null, "length_of_the_track": null, "extension_length": null, "number_of_drinking_fountains": null, "estimated_number_of_beneficiaries": 1497.0, "refugee_and_internally_displaced_persons_group": null, "has_fence": null, "number_of_sections_of_track_developed": null, "amount_of_the_controllers_contract_in_SES": null, "amount_of_the_contract_for_construction_supervisors": null, "date_signature_contract_facilitator": null, "amount_of_the_facilitator_contract": null, "amount_spent_on_completing_the_infrastructure": null, "amount_spent_on_infrastructure_up_to_provisional_acceptance": null, "number_of_streetlights": null, "distance_covered_by_streetlights": null, "canton": null, "market_name": null }, "geometry": { "type": "Point", "coordinates": [ 0.094391, 10.938128 ] } },
{ "type": "Feature", "properties": { "id": 932, "number": 351, "joint_subproject_number": 281, "title": "Construction et équipement d'un centre communautaire", "type": "Forage Photovoltaïque (Centre communautaire)", "subproject_type_designation": "Infrastructure", "sector": "Eau–Hydraulique", "works_type": "Construction", "component": "COMPOSANTE 1.1", "projects": "COSO", "financiers": "Banque Mondiale", "status": "Réception définitive 100.0%", "current_status_of_the_site": "Réception définitive", "progress_percent": 0.0, "progress_value": 100.0, "estimated_cost": 20000000.0, "contract_amount_work_companies": 18053504.0, "total_contract_amount_paid": 36107008.0, "amount_of_the_care_and_maintenance_fund_expected": null, "care_and_maintenance_amount_on_village_account": 260000.0, "date_signature_contract_work_companies": "2024-05-22", "date_signature_contract_efme": "2024-05-22", "contract_companies_amount_for_efme": 18053504.0, "date_signature_contract_controllers_in_SES": null, "date_of_signature_of_contract_for_construction_supervisors": null, "approval_date_cora": "2023-09-08", "launch_date": "2024-06-06", "expected_duration": 3.0, "expected_end_date": "2024-09-06", "work_completion_date": "2024-10-03", "date_of_technical_acceptance_of_work": null, "date_of_provisional_acceptance_of_work": "2024-10-17", "official_handover_date_to_community": "2026-01-28", "existence_of_maintenance_plan": false, "wave": "4", "number_of_classrooms": 0.0, "number_of_infrastructures": 1, "population": 900.0, "direct_beneficiaries_men": 442.0, "direct_beneficiaries_women": 458.0, "women_s_group": "True", "youth_group": "True", "breeders_farmers_group": "True", "ethnic_minority_group": "True", "date_of_organization_of_the_social_audit": "2025-12-15", "number_of_participants_m_in_social_audit": 12.0, "number_of_participants_w_in_social_audit": 89.0, "number_of_participants_t_in_social_audit": 101.0, "beneficiary_villages_count": 3, "beneficiary_villages": "4135; 4136; 4137", "list_of_villages_crossed_by_track_or_electrification": [ ], "infrastructure_changed": null, "infrastructure_deleted": false, "level_of_achievement_donation_certificate": "Maire", "comments": null, "location_name": "TONGA 2", "latitude": null, "longitude": null, "hierarchy": "TONGA 2 > BIANKOURI > CINKASSE 2 > CINKASSE > SAVANES", "link_to_subproject": 931.0, "depth_of_drilling": 101.65, "drilling_flow_rate": 10.0, "number_of_latrine_blocks": null, "has_latrine_blocs": null, "storage_capacity": null, "official_handover_date_to_sector": null, "length_of_the_track": null, "extension_length": null, "number_of_drinking_fountains": null, "estimated_number_of_beneficiaries": null, "refugee_and_internally_displaced_persons_group": null, "has_fence": null, "number_of_sections_of_track_developed": null, "amount_of_the_controllers_contract_in_SES": null, "amount_of_the_contract_for_construction_supervisors": null, "date_signature_contract_facilitator": null, "amount_of_the_facilitator_contract": null, "amount_spent_on_completing_the_infrastructure": null, "amount_spent_on_infrastructure_up_to_provisional_acceptance": null, "number_of_streetlights": null, "distance_covered_by_streetlights": null, "canton": null, "market_name": null }, "geometry": null },
{ "type": "Feature", "properties": { "id": 933, "number": 352, "joint_subproject_number": 282, "title": "Réalisation d'un forage photovoltaique pour le maraichage", "type": "Forages photovoltaïques pour les activités maraîchères", "subproject_type_designation": "Subproject", "sector": "Eau–Hydraulique", "works_type": "Construction", "component": "COMPOSANTE 1.1", "projects": "COSO", "financiers": "Banque Mondiale", "status": "Remise de l'ouvrage à la communauté 100.0%", "current_status_of_the_site": "Réception définitive", "progress_percent": 100.0, "progress_value": 100.0, "estimated_cost": 20000000.0, "contract_amount_work_companies": 20929695.0, "total_contract_amount_paid": 20929695.0, "amount_of_the_care_and_maintenance_fund_expected": 250000.0, "care_and_maintenance_amount_on_village_account": 260000.0, "date_signature_contract_work_companies": "2024-05-22", "date_signature_contract_efme": null, "contract_companies_amount_for_efme": 0.0, "date_signature_contract_controllers_in_SES": null, "date_of_signature_of_contract_for_construction_supervisors": null, "approval_date_cora": "2023-09-08", "launch_date": "2024-05-24", "expected_duration": 3.0, "expected_end_date": "2024-08-21", "work_completion_date": "2024-08-18", "date_of_technical_acceptance_of_work": "2024-08-27", "date_of_provisional_acceptance_of_work": "2024-08-27", "official_handover_date_to_community": "2025-09-03", "existence_of_maintenance_plan": true, "wave": "4", "number_of_classrooms": 0.0, "number_of_infrastructures": 1, "population": 288.0, "direct_beneficiaries_men": 139.0, "direct_beneficiaries_women": 149.0, "women_s_group": "True", "youth_group": "True", "breeders_farmers_group": "True", "ethnic_minority_group": null, "date_of_organization_of_the_social_audit": "2024-10-09", "number_of_participants_m_in_social_audit": 19.0, "number_of_participants_w_in_social_audit": 53.0, "number_of_participants_t_in_social_audit": 72.0, "beneficiary_villages_count": 1, "beneficiary_villages": "4153", "list_of_villages_crossed_by_track_or_electrification": [ ], "infrastructure_changed": null, "infrastructure_deleted": false, "level_of_achievement_donation_certificate": "Niveau Maire", "comments": null, "location_name": "KALAO", "latitude": null, "longitude": null, "hierarchy": "KALAO > BIANKOURI > CINKASSE 2 > CINKASSE > SAVANES", "link_to_subproject": null, "depth_of_drilling": 64.0, "drilling_flow_rate": 3.0, "number_of_latrine_blocks": null, "has_latrine_blocs": null, "storage_capacity": null, "official_handover_date_to_sector": null, "length_of_the_track": null, "extension_length": null, "number_of_drinking_fountains": null, "estimated_number_of_beneficiaries": 100.0, "refugee_and_internally_displaced_persons_group": null, "has_fence": null, "number_of_sections_of_track_developed": null, "amount_of_the_controllers_contract_in_SES": null, "amount_of_the_contract_for_construction_supervisors": null, "date_signature_contract_facilitator": null, "amount_of_the_facilitator_contract": null, "amount_spent_on_completing_the_infrastructure": null, "amount_spent_on_infrastructure_up_to_provisional_acceptance": null, "number_of_streetlights": null, "distance_covered_by_streetlights": null, "canton": null, "market_name": null }, "geometry": null },
{ "type": "Feature", "properties": { "id": 935, "number": 354, "joint_subproject_number": 284, "title": "Réalisation d'un forage photovoltaique pour le maraichage", "type": "Forages photovoltaïques pour les activités maraîchères", "subproject_type_designation": "Subproject", "sector": "Eau–Hydraulique", "works_type": "Construction", "component": "COMPOSANTE 1.1", "projects": "COSO", "financiers": "Banque Mondiale", "status": "Réception provisoire 100.0%", "current_status_of_the_site": "Réception provisoire", "progress_percent": 0.0, "progress_value": 100.0, "estimated_cost": 20000000.0, "contract_amount_work_companies": 16873623.0, "total_contract_amount_paid": 33747246.0, "amount_of_the_care_and_maintenance_fund_expected": null, "care_and_maintenance_amount_on_village_account": 255000.0, "date_signature_contract_work_companies": "2024-05-10", "date_signature_contract_efme": "2024-05-10", "contract_companies_amount_for_efme": 16873623.0, "date_signature_contract_controllers_in_SES": null, "date_of_signature_of_contract_for_construction_supervisors": null, "approval_date_cora": "2023-09-08", "launch_date": "2024-05-25", "expected_duration": 3.0, "expected_end_date": "2024-08-25", "work_completion_date": "2024-10-03", "date_of_technical_acceptance_of_work": null, "date_of_provisional_acceptance_of_work": "2024-11-20", "official_handover_date_to_community": null, "existence_of_maintenance_plan": false, "wave": "4", "number_of_classrooms": 0.0, "number_of_infrastructures": 1, "population": 98.0, "direct_beneficiaries_men": 32.0, "direct_beneficiaries_women": 66.0, "women_s_group": "True", "youth_group": "True", "breeders_farmers_group": "True", "ethnic_minority_group": "True", "date_of_organization_of_the_social_audit": "2025-01-21", "number_of_participants_m_in_social_audit": 27.0, "number_of_participants_w_in_social_audit": 41.0, "number_of_participants_t_in_social_audit": 68.0, "beneficiary_villages_count": 2, "beneficiary_villages": "2033; 4149", "list_of_villages_crossed_by_track_or_electrification": [ ], "infrastructure_changed": null, "infrastructure_deleted": false, "level_of_achievement_donation_certificate": "Chef Canton", "comments": null, "location_name": "SAMOMONI", "latitude": null, "longitude": null, "hierarchy": "SAMOMONI > BIANKOURI > CINKASSE 2 > CINKASSE > SAVANES", "link_to_subproject": null, "depth_of_drilling": 91.59, "drilling_flow_rate": 9.0, "number_of_latrine_blocks": null, "has_latrine_blocs": null, "storage_capacity": null, "official_handover_date_to_sector": null, "length_of_the_track": null, "extension_length": null, "number_of_drinking_fountains": 1.0, "estimated_number_of_beneficiaries": 250.0, "refugee_and_internally_displaced_persons_group": null, "has_fence": null, "number_of_sections_of_track_developed": null, "amount_of_the_controllers_contract_in_SES": null, "amount_of_the_contract_for_construction_supervisors": null, "date_signature_contract_facilitator": null, "amount_of_the_facilitator_contract": null, "amount_spent_on_completing_the_infrastructure": null, "amount_spent_on_infrastructure_up_to_provisional_acceptance": null, "number_of_streetlights": null, "distance_covered_by_streetlights": null, "canton": null, "market_name": null }, "geometry": null },
{ "type": "Feature", "properties": { "id": 942, "number": 361, "joint_subproject_number": 290, "title": "Construction d'un batiment scolaire de 3 classes avec forage à l'EPP", "type": "Forages photovoltaïques dans les établissements scolaires", "subproject_type_designation": "Infrastructure", "sector": "Eau–Hydraulique", "works_type": "Construction", "component": "COMPOSANTE 1.1", "projects": "COSO", "financiers": "Banque Mondiale", "status": "Réception définitive 100.0%", "current_status_of_the_site": "Réception définitive", "progress_percent": 0.0, "progress_value": 100.0, "estimated_cost": 20000000.0, "contract_amount_work_companies": 17110000.0, "total_contract_amount_paid": 17110000.0, "amount_of_the_care_and_maintenance_fund_expected": null, "care_and_maintenance_amount_on_village_account": 157000.0, "date_signature_contract_work_companies": "2024-05-15", "date_signature_contract_efme": null, "contract_companies_amount_for_efme": null, "date_signature_contract_controllers_in_SES": null, "date_of_signature_of_contract_for_construction_supervisors": null, "approval_date_cora": "2023-09-08", "launch_date": "2024-05-22", "expected_duration": 3.0, "expected_end_date": "2024-09-21", "work_completion_date": "2024-09-24", "date_of_technical_acceptance_of_work": "2024-09-26", "date_of_provisional_acceptance_of_work": "2024-09-26", "official_handover_date_to_community": "2025-10-07", "existence_of_maintenance_plan": false, "wave": "4", "number_of_classrooms": 0.0, "number_of_infrastructures": 1, "population": 644.0, "direct_beneficiaries_men": 299.0, "direct_beneficiaries_women": 345.0, "women_s_group": "True", "youth_group": null, "breeders_farmers_group": "True", "ethnic_minority_group": null, "date_of_organization_of_the_social_audit": "2025-08-14", "number_of_participants_m_in_social_audit": 86.0, "number_of_participants_w_in_social_audit": 50.0, "number_of_participants_t_in_social_audit": 136.0, "beneficiary_villages_count": 1, "beneficiary_villages": "4050", "list_of_villages_crossed_by_track_or_electrification": [ ], "infrastructure_changed": null, "infrastructure_deleted": false, "level_of_achievement_donation_certificate": null, "comments": null, "location_name": "N'KPE 2", "latitude": null, "longitude": null, "hierarchy": "N'KPE 2 > TAKPAMBA > OTI SUD 2 > OTI SUD > SAVANES", "link_to_subproject": 941.0, "depth_of_drilling": 101.0, "drilling_flow_rate": 6.0, "number_of_latrine_blocks": null, "has_latrine_blocs": null, "storage_capacity": null, "official_handover_date_to_sector": null, "length_of_the_track": null, "extension_length": null, "number_of_drinking_fountains": null, "estimated_number_of_beneficiaries": null, "refugee_and_internally_displaced_persons_group": null, "has_fence": null, "number_of_sections_of_track_developed": null, "amount_of_the_controllers_contract_in_SES": null, "amount_of_the_contract_for_construction_supervisors": null, "date_signature_contract_facilitator": null, "amount_of_the_facilitator_contract": null, "amount_spent_on_completing_the_infrastructure": null, "amount_spent_on_infrastructure_up_to_provisional_acceptance": null, "number_of_streetlights": null, "distance_covered_by_streetlights": null, "canton": null, "market_name": null }, "geometry": null },
{ "type": "Feature", "properties": { "id": 944, "number": 363, "joint_subproject_number": 292, "title": "Réalisation d'un forage photovoltaique pour le maraichage", "type": "Forages photovoltaïques pour les activités maraîchères", "subproject_type_designation": "Subproject", "sector": "Eau–Hydraulique", "works_type": "Construction", "component": "COMPOSANTE 1.1", "projects": "COSO", "financiers": "Banque Mondiale", "status": "Réception provisoire 100.0%", "current_status_of_the_site": "Réception provisoire", "progress_percent": 0.0, "progress_value": 100.0, "estimated_cost": 20000000.0, "contract_amount_work_companies": 16448144.0, "total_contract_amount_paid": 20485632.0, "amount_of_the_care_and_maintenance_fund_expected": null, "care_and_maintenance_amount_on_village_account": 147000.0, "date_signature_contract_work_companies": "2024-05-22", "date_signature_contract_efme": "2025-12-04", "contract_companies_amount_for_efme": 4037488.0, "date_signature_contract_controllers_in_SES": null, "date_of_signature_of_contract_for_construction_supervisors": null, "approval_date_cora": "2023-09-08", "launch_date": "2024-06-09", "expected_duration": 3.0, "expected_end_date": "2024-09-09", "work_completion_date": "2025-04-18", "date_of_technical_acceptance_of_work": "2025-04-03", "date_of_provisional_acceptance_of_work": "2025-04-18", "official_handover_date_to_community": null, "existence_of_maintenance_plan": false, "wave": "4", "number_of_classrooms": 0.0, "number_of_infrastructures": 1, "population": 133.0, "direct_beneficiaries_men": 52.0, "direct_beneficiaries_women": 81.0, "women_s_group": "True", "youth_group": null, "breeders_farmers_group": "True", "ethnic_minority_group": "True", "date_of_organization_of_the_social_audit": "2025-08-07", "number_of_participants_m_in_social_audit": 62.0, "number_of_participants_w_in_social_audit": 30.0, "number_of_participants_t_in_social_audit": 92.0, "beneficiary_villages_count": 1, "beneficiary_villages": "4064", "list_of_villages_crossed_by_track_or_electrification": [ ], "infrastructure_changed": null, "infrastructure_deleted": false, "level_of_achievement_donation_certificate": null, "comments": null, "location_name": "DJIRIDJO", "latitude": 10.01441, "longitude": 0.5215, "hierarchy": "DJIRIDJO > TAKPAMBA > OTI SUD 2 > OTI SUD > SAVANES", "link_to_subproject": null, "depth_of_drilling": 101.7, "drilling_flow_rate": 5.2, "number_of_latrine_blocks": null, "has_latrine_blocs": null, "storage_capacity": null, "official_handover_date_to_sector": null, "length_of_the_track": null, "extension_length": null, "number_of_drinking_fountains": null, "estimated_number_of_beneficiaries": null, "refugee_and_internally_displaced_persons_group": null, "has_fence": null, "number_of_sections_of_track_developed": null, "amount_of_the_controllers_contract_in_SES": null, "amount_of_the_contract_for_construction_supervisors": null, "date_signature_contract_facilitator": null, "amount_of_the_facilitator_contract": null, "amount_spent_on_completing_the_infrastructure": null, "amount_spent_on_infrastructure_up_to_provisional_acceptance": null, "number_of_streetlights": null, "distance_covered_by_streetlights": null, "canton": null, "market_name": null }, "geometry": { "type": "Point", "coordinates": [ 0.5215, 10.01441 ] } },
{ "type": "Feature", "properties": { "id": 945, "number": 364, "joint_subproject_number": 293, "title": "Réalisation du forage photovoltaique pour le maraichage", "type": "Forages photovoltaïques pour les activités maraîchères", "subproject_type_designation": "Subproject", "sector": "Eau–Hydraulique", "works_type": "Construction", "component": "COMPOSANTE 1.1", "projects": "COSO", "financiers": "Banque Mondiale", "status": "Réception définitive 100.0%", "current_status_of_the_site": "Réception définitive", "progress_percent": 0.0, "progress_value": 100.0, "estimated_cost": 20000000.0, "contract_amount_work_companies": 17482630.0, "total_contract_amount_paid": 21520118.0, "amount_of_the_care_and_maintenance_fund_expected": null, "care_and_maintenance_amount_on_village_account": 250000.0, "date_signature_contract_work_companies": "2024-05-22", "date_signature_contract_efme": "2025-12-04", "contract_companies_amount_for_efme": 4037488.0, "date_signature_contract_controllers_in_SES": null, "date_of_signature_of_contract_for_construction_supervisors": null, "approval_date_cora": "2023-09-08", "launch_date": "2024-06-02", "expected_duration": 3.0, "expected_end_date": "2024-09-02", "work_completion_date": "2024-08-06", "date_of_technical_acceptance_of_work": null, "date_of_provisional_acceptance_of_work": "2024-08-29", "official_handover_date_to_community": "2025-09-10", "existence_of_maintenance_plan": false, "wave": "4", "number_of_classrooms": 0.0, "number_of_infrastructures": 1, "population": 56.0, "direct_beneficiaries_men": 25.0, "direct_beneficiaries_women": 31.0, "women_s_group": "True", "youth_group": "True", "breeders_farmers_group": "True", "ethnic_minority_group": "True", "date_of_organization_of_the_social_audit": "2024-11-21", "number_of_participants_m_in_social_audit": 69.0, "number_of_participants_w_in_social_audit": 35.0, "number_of_participants_t_in_social_audit": 104.0, "beneficiary_villages_count": 1, "beneficiary_villages": "4063", "list_of_villages_crossed_by_track_or_electrification": [ ], "infrastructure_changed": null, "infrastructure_deleted": false, "level_of_achievement_donation_certificate": null, "comments": null, "location_name": "GNOLI", "latitude": null, "longitude": null, "hierarchy": "GNOLI > TAKPAMBA > OTI SUD 2 > OTI SUD > SAVANES", "link_to_subproject": null, "depth_of_drilling": 69.05, "drilling_flow_rate": 5.4, "number_of_latrine_blocks": null, "has_latrine_blocs": null, "storage_capacity": null, "official_handover_date_to_sector": null, "length_of_the_track": null, "extension_length": null, "number_of_drinking_fountains": null, "estimated_number_of_beneficiaries": null, "refugee_and_internally_displaced_persons_group": null, "has_fence": null, "number_of_sections_of_track_developed": null, "amount_of_the_controllers_contract_in_SES": null, "amount_of_the_contract_for_construction_supervisors": null, "date_signature_contract_facilitator": null, "amount_of_the_facilitator_contract": null, "amount_spent_on_completing_the_infrastructure": null, "amount_spent_on_infrastructure_up_to_provisional_acceptance": null, "number_of_streetlights": null, "distance_covered_by_streetlights": null, "canton": null, "market_name": null }, "geometry": null },
{ "type": "Feature", "properties": { "id": 948, "number": 367, "joint_subproject_number": 296, "title": "Réalisation du forage photovoltaique pour le maraichage", "type": "Forages photovoltaïques pour les activités maraîchères", "subproject_type_designation": "Subproject", "sector": "Eau–Hydraulique", "works_type": "Construction", "component": "COMPOSANTE 1.1", "projects": "COSO", "financiers": "Banque Mondiale", "status": "Réception provisoire 100.0%", "current_status_of_the_site": "Réception provisoire", "progress_percent": 0.0, "progress_value": 100.0, "estimated_cost": 20000000.0, "contract_amount_work_companies": 17577030.0, "total_contract_amount_paid": 21872230.0, "amount_of_the_care_and_maintenance_fund_expected": null, "care_and_maintenance_amount_on_village_account": 250000.0, "date_signature_contract_work_companies": "2024-05-13", "date_signature_contract_efme": "2025-12-04", "contract_companies_amount_for_efme": 4295200.0, "date_signature_contract_controllers_in_SES": null, "date_of_signature_of_contract_for_construction_supervisors": null, "approval_date_cora": "2023-09-08", "launch_date": "2024-05-21", "expected_duration": 3.0, "expected_end_date": "2024-08-01", "work_completion_date": "2024-10-03", "date_of_technical_acceptance_of_work": "2024-12-06", "date_of_provisional_acceptance_of_work": "2024-12-06", "official_handover_date_to_community": null, "existence_of_maintenance_plan": false, "wave": "4", "number_of_classrooms": 0.0, "number_of_infrastructures": 1, "population": 235.0, "direct_beneficiaries_men": 112.0, "direct_beneficiaries_women": 123.0, "women_s_group": "True", "youth_group": "True", "breeders_farmers_group": null, "ethnic_minority_group": "True", "date_of_organization_of_the_social_audit": "2025-02-19", "number_of_participants_m_in_social_audit": 45.0, "number_of_participants_w_in_social_audit": 36.0, "number_of_participants_t_in_social_audit": 81.0, "beneficiary_villages_count": 1, "beneficiary_villages": "4055", "list_of_villages_crossed_by_track_or_electrification": [ ], "infrastructure_changed": null, "infrastructure_deleted": false, "level_of_achievement_donation_certificate": null, "comments": null, "location_name": "SAPOLI", "latitude": 9.844028, "longitude": 0.704147, "hierarchy": "SAPOLI > TAKPAMBA > OTI SUD 2 > OTI SUD > SAVANES", "link_to_subproject": null, "depth_of_drilling": null, "drilling_flow_rate": null, "number_of_latrine_blocks": null, "has_latrine_blocs": null, "storage_capacity": null, "official_handover_date_to_sector": null, "length_of_the_track": null, "extension_length": null, "number_of_drinking_fountains": null, "estimated_number_of_beneficiaries": null, "refugee_and_internally_displaced_persons_group": null, "has_fence": null, "number_of_sections_of_track_developed": null, "amount_of_the_controllers_contract_in_SES": null, "amount_of_the_contract_for_construction_supervisors": null, "date_signature_contract_facilitator": null, "amount_of_the_facilitator_contract": null, "amount_spent_on_completing_the_infrastructure": null, "amount_spent_on_infrastructure_up_to_provisional_acceptance": null, "number_of_streetlights": null, "distance_covered_by_streetlights": null, "canton": null, "market_name": null }, "geometry": { "type": "Point", "coordinates": [ 0.704147, 9.844028 ] } },
{ "type": "Feature", "properties": { "id": 949, "number": 368, "joint_subproject_number": 297, "title": "Réalisation du forage photovoltaique pour le maraichage", "type": "Forages photovoltaïques pour les activités maraîchères", "subproject_type_designation": "Subproject", "sector": "Eau–Hydraulique", "works_type": "Construction", "component": "COMPOSANTE 1.1", "projects": "COSO", "financiers": "Banque Mondiale", "status": "Réception définitive 100.0%", "current_status_of_the_site": "Réception définitive", "progress_percent": 0.0, "progress_value": 100.0, "estimated_cost": 20000000.0, "contract_amount_work_companies": 20248800.0, "total_contract_amount_paid": 20248800.0, "amount_of_the_care_and_maintenance_fund_expected": null, "care_and_maintenance_amount_on_village_account": 92000.0, "date_signature_contract_work_companies": "2024-05-15", "date_signature_contract_efme": null, "contract_companies_amount_for_efme": null, "date_signature_contract_controllers_in_SES": null, "date_of_signature_of_contract_for_construction_supervisors": null, "approval_date_cora": "2023-09-08", "launch_date": "2024-05-21", "expected_duration": 3.0, "expected_end_date": "2024-08-21", "work_completion_date": "2024-09-04", "date_of_technical_acceptance_of_work": null, "date_of_provisional_acceptance_of_work": "2024-09-26", "official_handover_date_to_community": "2025-10-07", "existence_of_maintenance_plan": false, "wave": "4", "number_of_classrooms": 0.0, "number_of_infrastructures": 1, "population": 582.0, "direct_beneficiaries_men": 248.0, "direct_beneficiaries_women": 303.0, "women_s_group": "True", "youth_group": "True", "breeders_farmers_group": "True", "ethnic_minority_group": "True", "date_of_organization_of_the_social_audit": "2024-12-19", "number_of_participants_m_in_social_audit": 44.0, "number_of_participants_w_in_social_audit": 62.0, "number_of_participants_t_in_social_audit": 106.0, "beneficiary_villages_count": 1, "beneficiary_villages": "2776", "list_of_villages_crossed_by_track_or_electrification": [ ], "infrastructure_changed": null, "infrastructure_deleted": false, "level_of_achievement_donation_certificate": null, "comments": null, "location_name": "LENIDO", "latitude": 9.946635, "longitude": 0.5972867, "hierarchy": "LENIDO > TAKPAMBA > OTI SUD 2 > OTI SUD > SAVANES", "link_to_subproject": null, "depth_of_drilling": 110.0, "drilling_flow_rate": 9.0, "number_of_latrine_blocks": null, "has_latrine_blocs": null, "storage_capacity": null, "official_handover_date_to_sector": null, "length_of_the_track": null, "extension_length": null, "number_of_drinking_fountains": null, "estimated_number_of_beneficiaries": 420.0, "refugee_and_internally_displaced_persons_group": null, "has_fence": null, "number_of_sections_of_track_developed": null, "amount_of_the_controllers_contract_in_SES": null, "amount_of_the_contract_for_construction_supervisors": null, "date_signature_contract_facilitator": null, "amount_of_the_facilitator_contract": null, "amount_spent_on_completing_the_infrastructure": null, "amount_spent_on_infrastructure_up_to_provisional_acceptance": null, "number_of_streetlights": null, "distance_covered_by_streetlights": null, "canton": null, "market_name": null }, "geometry": { "type": "Point", "coordinates": [ 0.5972867, 9.946635 ] } },
{ "type": "Feature", "properties": { "id": 975, "number": 394, "joint_subproject_number": 322, "title": "Réalisation d'un forage photovoltaïque pour maraîchage", "type": "Forages photovoltaïques pour les activités maraîchères", "subproject_type_designation": "Subproject", "sector": "Eau–Hydraulique", "works_type": "Construction", "component": "COMPOSANTE 1.1", "projects": "COSO", "financiers": "Banque Mondiale", "status": "Achevé 100.0%", "current_status_of_the_site": "Achevé", "progress_percent": 100.0, "progress_value": 100.0, "estimated_cost": 20000000.0, "contract_amount_work_companies": null, "total_contract_amount_paid": null, "amount_of_the_care_and_maintenance_fund_expected": null, "care_and_maintenance_amount_on_village_account": 240000.0, "date_signature_contract_work_companies": null, "date_signature_contract_efme": null, "contract_companies_amount_for_efme": null, "date_signature_contract_controllers_in_SES": null, "date_of_signature_of_contract_for_construction_supervisors": null, "approval_date_cora": null, "launch_date": null, "expected_duration": 3.0, "expected_end_date": null, "work_completion_date": "2026-05-29", "date_of_technical_acceptance_of_work": null, "date_of_provisional_acceptance_of_work": null, "official_handover_date_to_community": null, "existence_of_maintenance_plan": false, "wave": "5", "number_of_classrooms": 0.0, "number_of_infrastructures": 1, "population": 1001.0, "direct_beneficiaries_men": 411.0, "direct_beneficiaries_women": 590.0, "women_s_group": null, "youth_group": null, "breeders_farmers_group": null, "ethnic_minority_group": null, "date_of_organization_of_the_social_audit": null, "number_of_participants_m_in_social_audit": null, "number_of_participants_w_in_social_audit": null, "number_of_participants_t_in_social_audit": null, "beneficiary_villages_count": 2, "beneficiary_villages": "4403; 4404", "list_of_villages_crossed_by_track_or_electrification": [ ], "infrastructure_changed": null, "infrastructure_deleted": false, "level_of_achievement_donation_certificate": null, "comments": null, "location_name": "SAMBROUGUE", "latitude": 10.9115583, "longitude": -0.005415, "hierarchy": "SAMBROUGUE > TAMI > TONE 3 > TONE > SAVANES", "link_to_subproject": null, "depth_of_drilling": null, "drilling_flow_rate": null, "number_of_latrine_blocks": null, "has_latrine_blocs": null, "storage_capacity": null, "official_handover_date_to_sector": null, "length_of_the_track": null, "extension_length": null, "number_of_drinking_fountains": null, "estimated_number_of_beneficiaries": null, "refugee_and_internally_displaced_persons_group": null, "has_fence": null, "number_of_sections_of_track_developed": null, "amount_of_the_controllers_contract_in_SES": null, "amount_of_the_contract_for_construction_supervisors": null, "date_signature_contract_facilitator": null, "amount_of_the_facilitator_contract": null, "amount_spent_on_completing_the_infrastructure": 16235945.0, "amount_spent_on_infrastructure_up_to_provisional_acceptance": null, "number_of_streetlights": null, "distance_covered_by_streetlights": null, "canton": null, "market_name": null }, "geometry": { "type": "Point", "coordinates": [ -0.005415, 10.9115583 ] } },
{ "type": "Feature", "properties": { "id": 976, "number": 395, "joint_subproject_number": 323, "title": "Réalisation de forage photovoltaïque pour le  JEP de Nakpanag", "type": "Forages photovoltaïques dans les établissements scolaires", "subproject_type_designation": "Subproject", "sector": "Eau–Hydraulique", "works_type": "Construction", "component": "COMPOSANTE 1.1", "projects": "COSO", "financiers": "Banque Mondiale", "status": "Réception provisoire 100.0%", "current_status_of_the_site": "Réception provisoire", "progress_percent": 0.0, "progress_value": 100.0, "estimated_cost": 20000000.0, "contract_amount_work_companies": 13774353.0, "total_contract_amount_paid": 13774353.0, "amount_of_the_care_and_maintenance_fund_expected": 250000.0, "care_and_maintenance_amount_on_village_account": null, "date_signature_contract_work_companies": "2025-08-25", "date_signature_contract_efme": null, "contract_companies_amount_for_efme": null, "date_signature_contract_controllers_in_SES": null, "date_of_signature_of_contract_for_construction_supervisors": null, "approval_date_cora": null, "launch_date": "2025-10-10", "expected_duration": 3.0, "expected_end_date": "2026-01-10", "work_completion_date": "2026-02-15", "date_of_technical_acceptance_of_work": null, "date_of_provisional_acceptance_of_work": "2026-02-27", "official_handover_date_to_community": null, "existence_of_maintenance_plan": false, "wave": "5", "number_of_classrooms": 0.0, "number_of_infrastructures": 1, "population": 469.0, "direct_beneficiaries_men": 65.0, "direct_beneficiaries_women": 107.0, "women_s_group": "True", "youth_group": null, "breeders_farmers_group": "True", "ethnic_minority_group": "True", "date_of_organization_of_the_social_audit": null, "number_of_participants_m_in_social_audit": null, "number_of_participants_w_in_social_audit": null, "number_of_participants_t_in_social_audit": null, "beneficiary_villages_count": 1, "beneficiary_villages": "4430", "list_of_villages_crossed_by_track_or_electrification": [ ], "infrastructure_changed": null, "infrastructure_deleted": false, "level_of_achievement_donation_certificate": null, "comments": null, "location_name": "POAMONGUE", "latitude": 10.853297, "longitude": 0.063415, "hierarchy": "POAMONGUE > TAMI > TONE 3 > TONE > SAVANES", "link_to_subproject": null, "depth_of_drilling": null, "drilling_flow_rate": null, "number_of_latrine_blocks": null, "has_latrine_blocs": null, "storage_capacity": null, "official_handover_date_to_sector": null, "length_of_the_track": null, "extension_length": null, "number_of_drinking_fountains": null, "estimated_number_of_beneficiaries": 488.0, "refugee_and_internally_displaced_persons_group": null, "has_fence": null, "number_of_sections_of_track_developed": null, "amount_of_the_controllers_contract_in_SES": null, "amount_of_the_contract_for_construction_supervisors": null, "date_signature_contract_facilitator": null, "amount_of_the_facilitator_contract": null, "amount_spent_on_completing_the_infrastructure": null, "amount_spent_on_infrastructure_up_to_provisional_acceptance": null, "number_of_streetlights": null, "distance_covered_by_streetlights": null, "canton": null, "market_name": null }, "geometry": { "type": "Point", "coordinates": [ 0.063415, 10.853297 ] } },
{ "type": "Feature", "properties": { "id": 979, "number": 398, "joint_subproject_number": 326, "title": "Réalisation d'un forage photovoltaïque pour maraîchage", "type": "Forages photovoltaïques pour les activités maraîchères", "subproject_type_designation": "Subproject", "sector": "Eau–Hydraulique", "works_type": "Construction", "component": "COMPOSANTE 1.1", "projects": "COSO", "financiers": "Banque Mondiale", "status": "Réception provisoire 100.0%", "current_status_of_the_site": "Réception provisoire", "progress_percent": 0.0, "progress_value": 100.0, "estimated_cost": 20000000.0, "contract_amount_work_companies": 13765833.0, "total_contract_amount_paid": 13765833.0, "amount_of_the_care_and_maintenance_fund_expected": null, "care_and_maintenance_amount_on_village_account": 459000.0, "date_signature_contract_work_companies": "2024-12-17", "date_signature_contract_efme": null, "contract_companies_amount_for_efme": null, "date_signature_contract_controllers_in_SES": null, "date_of_signature_of_contract_for_construction_supervisors": null, "approval_date_cora": null, "launch_date": "2025-01-05", "expected_duration": 3.0, "expected_end_date": "2025-04-05", "work_completion_date": "2025-04-30", "date_of_technical_acceptance_of_work": "2025-06-25", "date_of_provisional_acceptance_of_work": "2025-12-11", "official_handover_date_to_community": null, "existence_of_maintenance_plan": false, "wave": "5", "number_of_classrooms": 0.0, "number_of_infrastructures": 1, "population": 1340.0, "direct_beneficiaries_men": 375.0, "direct_beneficiaries_women": 353.0, "women_s_group": "True", "youth_group": "True", "breeders_farmers_group": "True", "ethnic_minority_group": "True", "date_of_organization_of_the_social_audit": null, "number_of_participants_m_in_social_audit": null, "number_of_participants_w_in_social_audit": null, "number_of_participants_t_in_social_audit": null, "beneficiary_villages_count": 2, "beneficiary_villages": "4411; 4412", "list_of_villages_crossed_by_track_or_electrification": [ ], "infrastructure_changed": null, "infrastructure_deleted": false, "level_of_achievement_donation_certificate": null, "comments": null, "location_name": "NAGRE", "latitude": null, "longitude": null, "hierarchy": "NAGRE > TAMI > TONE 3 > TONE > SAVANES", "link_to_subproject": null, "depth_of_drilling": null, "drilling_flow_rate": null, "number_of_latrine_blocks": null, "has_latrine_blocs": null, "storage_capacity": null, "official_handover_date_to_sector": null, "length_of_the_track": null, "extension_length": null, "number_of_drinking_fountains": null, "estimated_number_of_beneficiaries": 1340.0, "refugee_and_internally_displaced_persons_group": null, "has_fence": null, "number_of_sections_of_track_developed": null, "amount_of_the_controllers_contract_in_SES": null, "amount_of_the_contract_for_construction_supervisors": null, "date_signature_contract_facilitator": null, "amount_of_the_facilitator_contract": null, "amount_spent_on_completing_the_infrastructure": null, "amount_spent_on_infrastructure_up_to_provisional_acceptance": null, "number_of_streetlights": null, "distance_covered_by_streetlights": null, "canton": null, "market_name": null }, "geometry": null },
{ "type": "Feature", "properties": { "id": 984, "number": 403, "joint_subproject_number": 330, "title": "Construction d'un bâtiment scolaire avec bureau et magasin sans latrines avec équipement pour le JEP de l'EPP Nagueyiegou avec FORAGE", "type": "Forages photovoltaïques dans les établissements scolaires", "subproject_type_designation": "Infrastructure", "sector": "Eau–Hydraulique", "works_type": "Construction", "component": "COMPOSANTE 1.1", "projects": "COSO", "financiers": "Banque Mondiale", "status": "Réception provisoire 100.0%", "current_status_of_the_site": "Réception provisoire", "progress_percent": 0.0, "progress_value": 100.0, "estimated_cost": 20000000.0, "contract_amount_work_companies": 13870045.0, "total_contract_amount_paid": 13870045.0, "amount_of_the_care_and_maintenance_fund_expected": null, "care_and_maintenance_amount_on_village_account": null, "date_signature_contract_work_companies": null, "date_signature_contract_efme": null, "contract_companies_amount_for_efme": null, "date_signature_contract_controllers_in_SES": null, "date_of_signature_of_contract_for_construction_supervisors": null, "approval_date_cora": null, "launch_date": null, "expected_duration": 3.0, "expected_end_date": null, "work_completion_date": "2025-10-31", "date_of_technical_acceptance_of_work": "2025-11-03", "date_of_provisional_acceptance_of_work": "2025-11-06", "official_handover_date_to_community": null, "existence_of_maintenance_plan": false, "wave": "5", "number_of_classrooms": 0.0, "number_of_infrastructures": 1, "population": 1204.0, "direct_beneficiaries_men": 375.0, "direct_beneficiaries_women": 429.0, "women_s_group": "True", "youth_group": "True", "breeders_farmers_group": "True", "ethnic_minority_group": "True", "date_of_organization_of_the_social_audit": null, "number_of_participants_m_in_social_audit": null, "number_of_participants_w_in_social_audit": null, "number_of_participants_t_in_social_audit": null, "beneficiary_villages_count": 1, "beneficiary_villages": "4426", "list_of_villages_crossed_by_track_or_electrification": [ ], "infrastructure_changed": null, "infrastructure_deleted": false, "level_of_achievement_donation_certificate": "Maire", "comments": null, "location_name": "NAGUEYIEGOU", "latitude": 0.0, "longitude": 0.0, "hierarchy": "NAGUEYIEGOU > TAMI > TONE 3 > TONE > SAVANES", "link_to_subproject": 983.0, "depth_of_drilling": null, "drilling_flow_rate": null, "number_of_latrine_blocks": null, "has_latrine_blocs": null, "storage_capacity": null, "official_handover_date_to_sector": null, "length_of_the_track": null, "extension_length": null, "number_of_drinking_fountains": null, "estimated_number_of_beneficiaries": 395.0, "refugee_and_internally_displaced_persons_group": null, "has_fence": null, "number_of_sections_of_track_developed": null, "amount_of_the_controllers_contract_in_SES": null, "amount_of_the_contract_for_construction_supervisors": null, "date_signature_contract_facilitator": null, "amount_of_the_facilitator_contract": null, "amount_spent_on_completing_the_infrastructure": null, "amount_spent_on_infrastructure_up_to_provisional_acceptance": null, "number_of_streetlights": null, "distance_covered_by_streetlights": null, "canton": null, "market_name": null }, "geometry": { "type": "Point", "coordinates": [ 0.0, 0.0 ] } },
{ "type": "Feature", "properties": { "id": 1004, "number": 423, "joint_subproject_number": 348, "title": "Construction et équipement d'un centre communautaire ", "type": "Forage Photovoltaïque (Centre communautaire)", "subproject_type_designation": "Infrastructure", "sector": "Eau–Hydraulique", "works_type": "Construction", "component": "COMPOSANTE 1.1", "projects": "COSO", "financiers": "Banque Mondiale", "status": "Réception provisoire 100.0%", "current_status_of_the_site": "Réception provisoire", "progress_percent": 0.0, "progress_value": 100.0, "estimated_cost": 20000000.0, "contract_amount_work_companies": 14170549.0, "total_contract_amount_paid": 14170549.0, "amount_of_the_care_and_maintenance_fund_expected": null, "care_and_maintenance_amount_on_village_account": null, "date_signature_contract_work_companies": "2024-10-18", "date_signature_contract_efme": null, "contract_companies_amount_for_efme": null, "date_signature_contract_controllers_in_SES": null, "date_of_signature_of_contract_for_construction_supervisors": null, "approval_date_cora": null, "launch_date": "2024-11-17", "expected_duration": 3.0, "expected_end_date": "2025-03-19", "work_completion_date": "2025-04-01", "date_of_technical_acceptance_of_work": "2025-04-08", "date_of_provisional_acceptance_of_work": "2025-04-08", "official_handover_date_to_community": null, "existence_of_maintenance_plan": false, "wave": "5", "number_of_classrooms": 0.0, "number_of_infrastructures": 1, "population": 3722.0, "direct_beneficiaries_men": 1637.0, "direct_beneficiaries_women": 2085.0, "women_s_group": "True", "youth_group": "True", "breeders_farmers_group": null, "ethnic_minority_group": null, "date_of_organization_of_the_social_audit": "2025-11-13", "number_of_participants_m_in_social_audit": 31.0, "number_of_participants_w_in_social_audit": 57.0, "number_of_participants_t_in_social_audit": 88.0, "beneficiary_villages_count": 1, "beneficiary_villages": "4475", "list_of_villages_crossed_by_track_or_electrification": [ ], "infrastructure_changed": null, "infrastructure_deleted": false, "level_of_achievement_donation_certificate": "Maire", "comments": null, "location_name": "LOTOGOU CENTRE", "latitude": 10.798171, "longitude": 0.025296, "hierarchy": "LOTOGOU CENTRE > LOTOGOU > TONE 3 > TONE > SAVANES", "link_to_subproject": 1003.0, "depth_of_drilling": null, "drilling_flow_rate": null, "number_of_latrine_blocks": null, "has_latrine_blocs": null, "storage_capacity": null, "official_handover_date_to_sector": null, "length_of_the_track": null, "extension_length": null, "number_of_drinking_fountains": null, "estimated_number_of_beneficiaries": null, "refugee_and_internally_displaced_persons_group": null, "has_fence": null, "number_of_sections_of_track_developed": null, "amount_of_the_controllers_contract_in_SES": null, "amount_of_the_contract_for_construction_supervisors": null, "date_signature_contract_facilitator": null, "amount_of_the_facilitator_contract": null, "amount_spent_on_completing_the_infrastructure": null, "amount_spent_on_infrastructure_up_to_provisional_acceptance": null, "number_of_streetlights": null, "distance_covered_by_streetlights": null, "canton": null, "market_name": null }, "geometry": { "type": "Point", "coordinates": [ 0.025296, 10.798171 ] } },
{ "type": "Feature", "properties": { "id": 1007, "number": 426, "joint_subproject_number": 350, "title": "Réalisation d'un forage photovoltaïque maraicher ", "type": "Forages photovoltaïques pour les activités maraîchères", "subproject_type_designation": "Subproject", "sector": "Eau–Hydraulique", "works_type": "Construction", "component": "COMPOSANTE 1.1", "projects": "COSO", "financiers": "Banque Mondiale", "status": "Réception provisoire 100.0%", "current_status_of_the_site": "Réception provisoire", "progress_percent": 0.0, "progress_value": 100.0, "estimated_cost": 20000000.0, "contract_amount_work_companies": 15524481.0, "total_contract_amount_paid": 15524481.0, "amount_of_the_care_and_maintenance_fund_expected": null, "care_and_maintenance_amount_on_village_account": 250000.0, "date_signature_contract_work_companies": "2025-04-04", "date_signature_contract_efme": null, "contract_companies_amount_for_efme": null, "date_signature_contract_controllers_in_SES": null, "date_of_signature_of_contract_for_construction_supervisors": null, "approval_date_cora": "2024-05-18", "launch_date": "2025-04-18", "expected_duration": 3.0, "expected_end_date": "2025-07-17", "work_completion_date": "2025-07-25", "date_of_technical_acceptance_of_work": "2025-07-25", "date_of_provisional_acceptance_of_work": "2025-08-07", "official_handover_date_to_community": null, "existence_of_maintenance_plan": false, "wave": "5", "number_of_classrooms": 0.0, "number_of_infrastructures": 1, "population": 414.0, "direct_beneficiaries_men": 192.0, "direct_beneficiaries_women": 222.0, "women_s_group": "True", "youth_group": null, "breeders_farmers_group": "True", "ethnic_minority_group": "True", "date_of_organization_of_the_social_audit": "2025-09-26", "number_of_participants_m_in_social_audit": 11.0, "number_of_participants_w_in_social_audit": 56.0, "number_of_participants_t_in_social_audit": 67.0, "beneficiary_villages_count": 1, "beneficiary_villages": "4490", "list_of_villages_crossed_by_track_or_electrification": [ ], "infrastructure_changed": null, "infrastructure_deleted": false, "level_of_achievement_donation_certificate": null, "comments": null, "location_name": "KOUKDAGOU", "latitude": null, "longitude": null, "hierarchy": "KOUKDAGOU > LOTOGOU > TONE 3 > TONE > SAVANES", "link_to_subproject": null, "depth_of_drilling": null, "drilling_flow_rate": null, "number_of_latrine_blocks": null, "has_latrine_blocs": null, "storage_capacity": null, "official_handover_date_to_sector": null, "length_of_the_track": null, "extension_length": null, "number_of_drinking_fountains": null, "estimated_number_of_beneficiaries": 253.0, "refugee_and_internally_displaced_persons_group": null, "has_fence": null, "number_of_sections_of_track_developed": null, "amount_of_the_controllers_contract_in_SES": null, "amount_of_the_contract_for_construction_supervisors": null, "date_signature_contract_facilitator": null, "amount_of_the_facilitator_contract": null, "amount_spent_on_completing_the_infrastructure": null, "amount_spent_on_infrastructure_up_to_provisional_acceptance": null, "number_of_streetlights": null, "distance_covered_by_streetlights": null, "canton": null, "market_name": null }, "geometry": null },
{ "type": "Feature", "properties": { "id": 1009, "number": 428, "joint_subproject_number": 351, "title": "Construction et équipement d'un bâtiment scolaire de trois classes et réalisation d'un forage  Photovoltaïque ", "type": "Forages photovoltaïques dans les établissements scolaires", "subproject_type_designation": "Infrastructure", "sector": "Eau–Hydraulique", "works_type": "Réhabilitation", "component": "COMPOSANTE 1.1", "projects": "COSO", "financiers": "Banque Mondiale", "status": "Réception définitive 100.0%", "current_status_of_the_site": "Réception provisoire", "progress_percent": 100.0, "progress_value": 100.0, "estimated_cost": 20000000.0, "contract_amount_work_companies": 14451918.0, "total_contract_amount_paid": 14451918.0, "amount_of_the_care_and_maintenance_fund_expected": null, "care_and_maintenance_amount_on_village_account": null, "date_signature_contract_work_companies": null, "date_signature_contract_efme": null, "contract_companies_amount_for_efme": null, "date_signature_contract_controllers_in_SES": null, "date_of_signature_of_contract_for_construction_supervisors": null, "approval_date_cora": "2025-02-01", "launch_date": "2025-04-21", "expected_duration": 3.0, "expected_end_date": "2025-06-20", "work_completion_date": "2025-05-22", "date_of_technical_acceptance_of_work": "2025-05-20", "date_of_provisional_acceptance_of_work": "2025-06-11", "official_handover_date_to_community": "2025-07-17", "existence_of_maintenance_plan": false, "wave": "5", "number_of_classrooms": 0.0, "number_of_infrastructures": 1, "population": 386.0, "direct_beneficiaries_men": 166.0, "direct_beneficiaries_women": 220.0, "women_s_group": "True", "youth_group": "True", "breeders_farmers_group": "True", "ethnic_minority_group": "True", "date_of_organization_of_the_social_audit": "2025-10-16", "number_of_participants_m_in_social_audit": 33.0, "number_of_participants_w_in_social_audit": 52.0, "number_of_participants_t_in_social_audit": 85.0, "beneficiary_villages_count": 1, "beneficiary_villages": "4478", "list_of_villages_crossed_by_track_or_electrification": [ ], "infrastructure_changed": null, "infrastructure_deleted": false, "level_of_achievement_donation_certificate": "Maire", "comments": null, "location_name": "BOUTASSOUGOU", "latitude": null, "longitude": null, "hierarchy": "BOUTASSOUGOU > LOTOGOU > TONE 3 > TONE > SAVANES", "link_to_subproject": 1008.0, "depth_of_drilling": null, "drilling_flow_rate": null, "number_of_latrine_blocks": null, "has_latrine_blocs": null, "storage_capacity": null, "official_handover_date_to_sector": null, "length_of_the_track": null, "extension_length": null, "number_of_drinking_fountains": null, "estimated_number_of_beneficiaries": null, "refugee_and_internally_displaced_persons_group": null, "has_fence": null, "number_of_sections_of_track_developed": null, "amount_of_the_controllers_contract_in_SES": null, "amount_of_the_contract_for_construction_supervisors": null, "date_signature_contract_facilitator": null, "amount_of_the_facilitator_contract": null, "amount_spent_on_completing_the_infrastructure": null, "amount_spent_on_infrastructure_up_to_provisional_acceptance": null, "number_of_streetlights": null, "distance_covered_by_streetlights": null, "canton": null, "market_name": null }, "geometry": null },
{ "type": "Feature", "properties": { "id": 1011, "number": 430, "joint_subproject_number": 353, "title": "Réalisation d'un forage photovoltaïque maraicher ", "type": "Forages photovoltaïques pour les activités maraîchères", "subproject_type_designation": "Subproject", "sector": "Eau–Hydraulique", "works_type": "Construction", "component": "COMPOSANTE 1.1", "projects": "COSO", "financiers": "Banque Mondiale", "status": "Réception provisoire 100.0%", "current_status_of_the_site": "Réception provisoire", "progress_percent": 0.0, "progress_value": 100.0, "estimated_cost": 20000000.0, "contract_amount_work_companies": 17729585.0, "total_contract_amount_paid": 17729585.0, "amount_of_the_care_and_maintenance_fund_expected": null, "care_and_maintenance_amount_on_village_account": 250000.0, "date_signature_contract_work_companies": "2024-07-23", "date_signature_contract_efme": null, "contract_companies_amount_for_efme": null, "date_signature_contract_controllers_in_SES": null, "date_of_signature_of_contract_for_construction_supervisors": null, "approval_date_cora": null, "launch_date": "2025-08-07", "expected_duration": 3.0, "expected_end_date": "2025-11-07", "work_completion_date": "2025-12-31", "date_of_technical_acceptance_of_work": null, "date_of_provisional_acceptance_of_work": "2026-01-28", "official_handover_date_to_community": null, "existence_of_maintenance_plan": false, "wave": "5", "number_of_classrooms": 0.0, "number_of_infrastructures": 1, "population": 185.0, "direct_beneficiaries_men": 82.0, "direct_beneficiaries_women": 103.0, "women_s_group": "True", "youth_group": "True", "breeders_farmers_group": "True", "ethnic_minority_group": null, "date_of_organization_of_the_social_audit": null, "number_of_participants_m_in_social_audit": null, "number_of_participants_w_in_social_audit": null, "number_of_participants_t_in_social_audit": null, "beneficiary_villages_count": 1, "beneficiary_villages": "4482", "list_of_villages_crossed_by_track_or_electrification": [ ], "infrastructure_changed": null, "infrastructure_deleted": false, "level_of_achievement_donation_certificate": null, "comments": null, "location_name": "POMONGUE", "latitude": null, "longitude": null, "hierarchy": "POMONGUE > LOTOGOU > TONE 3 > TONE > SAVANES", "link_to_subproject": null, "depth_of_drilling": null, "drilling_flow_rate": null, "number_of_latrine_blocks": null, "has_latrine_blocs": null, "storage_capacity": null, "official_handover_date_to_sector": null, "length_of_the_track": null, "extension_length": null, "number_of_drinking_fountains": null, "estimated_number_of_beneficiaries": 500.0, "refugee_and_internally_displaced_persons_group": null, "has_fence": null, "number_of_sections_of_track_developed": null, "amount_of_the_controllers_contract_in_SES": null, "amount_of_the_contract_for_construction_supervisors": null, "date_signature_contract_facilitator": null, "amount_of_the_facilitator_contract": null, "amount_spent_on_completing_the_infrastructure": null, "amount_spent_on_infrastructure_up_to_provisional_acceptance": null, "number_of_streetlights": null, "distance_covered_by_streetlights": null, "canton": null, "market_name": null }, "geometry": null },
{ "type": "Feature", "properties": { "id": 1013, "number": 432, "joint_subproject_number": 354, "title": "Construction et équipement d'un bâtiment scolaire de trois classes, bloc latrine et forage photovoltaïque ", "type": "Forages photovoltaïques dans les établissements scolaires", "subproject_type_designation": "Infrastructure", "sector": "Eau–Hydraulique", "works_type": "Construction", "component": "COMPOSANTE 1.1", "projects": "COSO", "financiers": "Banque Mondiale", "status": "Réception provisoire 100.0%", "current_status_of_the_site": "Réception provisoire", "progress_percent": 0.0, "progress_value": 100.0, "estimated_cost": 20000000.0, "contract_amount_work_companies": 13391383.0, "total_contract_amount_paid": 13391383.0, "amount_of_the_care_and_maintenance_fund_expected": null, "care_and_maintenance_amount_on_village_account": null, "date_signature_contract_work_companies": "2025-03-26", "date_signature_contract_efme": null, "contract_companies_amount_for_efme": null, "date_signature_contract_controllers_in_SES": null, "date_of_signature_of_contract_for_construction_supervisors": null, "approval_date_cora": null, "launch_date": "2025-04-02", "expected_duration": 3.0, "expected_end_date": "2025-07-02", "work_completion_date": "2025-11-15", "date_of_technical_acceptance_of_work": "2025-11-17", "date_of_provisional_acceptance_of_work": "2025-12-02", "official_handover_date_to_community": null, "existence_of_maintenance_plan": false, "wave": "5", "number_of_classrooms": 0.0, "number_of_infrastructures": 1, "population": 810.0, "direct_beneficiaries_men": 477.0, "direct_beneficiaries_women": 483.0, "women_s_group": null, "youth_group": null, "breeders_farmers_group": "True", "ethnic_minority_group": null, "date_of_organization_of_the_social_audit": null, "number_of_participants_m_in_social_audit": null, "number_of_participants_w_in_social_audit": null, "number_of_participants_t_in_social_audit": null, "beneficiary_villages_count": 1, "beneficiary_villages": "4484", "list_of_villages_crossed_by_track_or_electrification": [ ], "infrastructure_changed": null, "infrastructure_deleted": false, "level_of_achievement_donation_certificate": "Maire", "comments": null, "location_name": "DASSOUTE-BAGOU", "latitude": null, "longitude": null, "hierarchy": "DASSOUTE-BAGOU > LOTOGOU > TONE 3 > TONE > SAVANES", "link_to_subproject": 1012.0, "depth_of_drilling": null, "drilling_flow_rate": null, "number_of_latrine_blocks": null, "has_latrine_blocs": null, "storage_capacity": null, "official_handover_date_to_sector": null, "length_of_the_track": null, "extension_length": null, "number_of_drinking_fountains": null, "estimated_number_of_beneficiaries": null, "refugee_and_internally_displaced_persons_group": null, "has_fence": null, "number_of_sections_of_track_developed": null, "amount_of_the_controllers_contract_in_SES": null, "amount_of_the_contract_for_construction_supervisors": null, "date_signature_contract_facilitator": null, "amount_of_the_facilitator_contract": null, "amount_spent_on_completing_the_infrastructure": null, "amount_spent_on_infrastructure_up_to_provisional_acceptance": null, "number_of_streetlights": null, "distance_covered_by_streetlights": null, "canton": null, "market_name": null }, "geometry": null },
{ "type": "Feature", "properties": { "id": 1020, "number": 439, "joint_subproject_number": 361, "title": "Réalisation d'un forage photovoltaïque pour le maraîchage ", "type": "Forages photovoltaïques pour les activités maraîchères", "subproject_type_designation": "Subproject", "sector": "Eau–Hydraulique", "works_type": "Construction", "component": "COMPOSANTE 1.1", "projects": "COSO", "financiers": "Banque Mondiale", "status": "Réception provisoire 100.0%", "current_status_of_the_site": "Réception provisoire", "progress_percent": 0.0, "progress_value": 100.0, "estimated_cost": 20000000.0, "contract_amount_work_companies": 20396607.0, "total_contract_amount_paid": 20396607.0, "amount_of_the_care_and_maintenance_fund_expected": null, "care_and_maintenance_amount_on_village_account": 102000.0, "date_signature_contract_work_companies": "2025-02-24", "date_signature_contract_efme": null, "contract_companies_amount_for_efme": null, "date_signature_contract_controllers_in_SES": null, "date_of_signature_of_contract_for_construction_supervisors": null, "approval_date_cora": null, "launch_date": "2025-03-14", "expected_duration": 3.0, "expected_end_date": "2025-06-14", "work_completion_date": "2025-06-25", "date_of_technical_acceptance_of_work": "2025-06-25", "date_of_provisional_acceptance_of_work": "2025-07-16", "official_handover_date_to_community": null, "existence_of_maintenance_plan": false, "wave": "5", "number_of_classrooms": 0.0, "number_of_infrastructures": 1, "population": 896.0, "direct_beneficiaries_men": 440.0, "direct_beneficiaries_women": 456.0, "women_s_group": "True", "youth_group": "True", "breeders_farmers_group": "True", "ethnic_minority_group": "True", "date_of_organization_of_the_social_audit": null, "number_of_participants_m_in_social_audit": null, "number_of_participants_w_in_social_audit": null, "number_of_participants_t_in_social_audit": null, "beneficiary_villages_count": 1, "beneficiary_villages": "4343", "list_of_villages_crossed_by_track_or_electrification": [ ], "infrastructure_changed": "True", "infrastructure_deleted": false, "level_of_achievement_donation_certificate": "Chef Canton", "comments": null, "location_name": "KPÉKIBONGUE", "latitude": 0.0, "longitude": 0.0, "hierarchy": "KPÉKIBONGUE > MAMPROUGOU > TANDJOUARE 2 > TANDJOUARE > SAVANES", "link_to_subproject": null, "depth_of_drilling": null, "drilling_flow_rate": null, "number_of_latrine_blocks": null, "has_latrine_blocs": null, "storage_capacity": null, "official_handover_date_to_sector": null, "length_of_the_track": null, "extension_length": null, "number_of_drinking_fountains": null, "estimated_number_of_beneficiaries": null, "refugee_and_internally_displaced_persons_group": null, "has_fence": null, "number_of_sections_of_track_developed": null, "amount_of_the_controllers_contract_in_SES": null, "amount_of_the_contract_for_construction_supervisors": null, "date_signature_contract_facilitator": null, "amount_of_the_facilitator_contract": null, "amount_spent_on_completing_the_infrastructure": null, "amount_spent_on_infrastructure_up_to_provisional_acceptance": null, "number_of_streetlights": null, "distance_covered_by_streetlights": null, "canton": null, "market_name": null }, "geometry": { "type": "Point", "coordinates": [ 0.0, 0.0 ] } },
{ "type": "Feature", "properties": { "id": 1022, "number": 441, "joint_subproject_number": 363, "title": "Réalisation d'un forage photovoltaïque pour le maraîchage ", "type": "Forages photovoltaïques pour les activités maraîchères", "subproject_type_designation": "Subproject", "sector": "Eau–Hydraulique", "works_type": "Construction", "component": "COMPOSANTE 1.1", "projects": "COSO", "financiers": "Banque Mondiale", "status": "Réception provisoire 100.0%", "current_status_of_the_site": "Réception provisoire", "progress_percent": 0.0, "progress_value": 100.0, "estimated_cost": 20000000.0, "contract_amount_work_companies": 15839258.0, "total_contract_amount_paid": 15839258.0, "amount_of_the_care_and_maintenance_fund_expected": null, "care_and_maintenance_amount_on_village_account": 250000.0, "date_signature_contract_work_companies": "2024-10-14", "date_signature_contract_efme": null, "contract_companies_amount_for_efme": null, "date_signature_contract_controllers_in_SES": null, "date_of_signature_of_contract_for_construction_supervisors": null, "approval_date_cora": null, "launch_date": "2024-12-04", "expected_duration": 3.0, "expected_end_date": "2025-03-08", "work_completion_date": "2025-04-14", "date_of_technical_acceptance_of_work": "2025-04-14", "date_of_provisional_acceptance_of_work": "2025-04-24", "official_handover_date_to_community": null, "existence_of_maintenance_plan": false, "wave": "5", "number_of_classrooms": 0.0, "number_of_infrastructures": 1, "population": null, "direct_beneficiaries_men": null, "direct_beneficiaries_women": null, "women_s_group": "True", "youth_group": null, "breeders_farmers_group": "True", "ethnic_minority_group": null, "date_of_organization_of_the_social_audit": null, "number_of_participants_m_in_social_audit": null, "number_of_participants_w_in_social_audit": null, "number_of_participants_t_in_social_audit": null, "beneficiary_villages_count": 1, "beneficiary_villages": "4357", "list_of_villages_crossed_by_track_or_electrification": [ ], "infrastructure_changed": null, "infrastructure_deleted": false, "level_of_achievement_donation_certificate": "Maire", "comments": null, "location_name": "SANDJAK 2", "latitude": null, "longitude": null, "hierarchy": "SANDJAK 2 > MAMPROUGOU > TANDJOUARE 2 > TANDJOUARE > SAVANES", "link_to_subproject": null, "depth_of_drilling": null, "drilling_flow_rate": null, "number_of_latrine_blocks": null, "has_latrine_blocs": null, "storage_capacity": null, "official_handover_date_to_sector": null, "length_of_the_track": null, "extension_length": null, "number_of_drinking_fountains": null, "estimated_number_of_beneficiaries": 500.0, "refugee_and_internally_displaced_persons_group": null, "has_fence": null, "number_of_sections_of_track_developed": null, "amount_of_the_controllers_contract_in_SES": null, "amount_of_the_contract_for_construction_supervisors": null, "date_signature_contract_facilitator": null, "amount_of_the_facilitator_contract": null, "amount_spent_on_completing_the_infrastructure": null, "amount_spent_on_infrastructure_up_to_provisional_acceptance": null, "number_of_streetlights": null, "distance_covered_by_streetlights": null, "canton": null, "market_name": null }, "geometry": null },
{ "type": "Feature", "properties": { "id": 1024, "number": 443, "joint_subproject_number": 365, "title": "Réalisation d'un forage photovoltaique pour le Maraichage ", "type": "Forages photovoltaïques pour les activités maraîchères", "subproject_type_designation": "Subproject", "sector": "Eau–Hydraulique", "works_type": "Construction", "component": "COMPOSANTE 1.1", "projects": "COSO", "financiers": "Banque Mondiale", "status": "Réception provisoire 100.0%", "current_status_of_the_site": "Réception provisoire", "progress_percent": 0.0, "progress_value": 100.0, "estimated_cost": 20000000.0, "contract_amount_work_companies": 17683580.0, "total_contract_amount_paid": 17683580.0, "amount_of_the_care_and_maintenance_fund_expected": null, "care_and_maintenance_amount_on_village_account": 85000.0, "date_signature_contract_work_companies": "2025-03-03", "date_signature_contract_efme": null, "contract_companies_amount_for_efme": null, "date_signature_contract_controllers_in_SES": null, "date_of_signature_of_contract_for_construction_supervisors": null, "approval_date_cora": null, "launch_date": "2025-03-17", "expected_duration": 3.0, "expected_end_date": "2025-07-17", "work_completion_date": "2025-07-31", "date_of_technical_acceptance_of_work": "2025-07-31", "date_of_provisional_acceptance_of_work": "2025-08-19", "official_handover_date_to_community": null, "existence_of_maintenance_plan": false, "wave": "5", "number_of_classrooms": 0.0, "number_of_infrastructures": 1, "population": 732.0, "direct_beneficiaries_men": 232.0, "direct_beneficiaries_women": 500.0, "women_s_group": "True", "youth_group": null, "breeders_farmers_group": "True", "ethnic_minority_group": "True", "date_of_organization_of_the_social_audit": "2025-11-26", "number_of_participants_m_in_social_audit": 9.0, "number_of_participants_w_in_social_audit": 34.0, "number_of_participants_t_in_social_audit": 43.0, "beneficiary_villages_count": 1, "beneficiary_villages": "4344", "list_of_villages_crossed_by_track_or_electrification": [ ], "infrastructure_changed": null, "infrastructure_deleted": false, "level_of_achievement_donation_certificate": "Chef Canton", "comments": null, "location_name": "NOK-DONG", "latitude": 0.0, "longitude": 0.0, "hierarchy": "NOK-DONG > MAMPROUGOU > TANDJOUARE 2 > TANDJOUARE > SAVANES", "link_to_subproject": null, "depth_of_drilling": null, "drilling_flow_rate": null, "number_of_latrine_blocks": null, "has_latrine_blocs": null, "storage_capacity": null, "official_handover_date_to_sector": null, "length_of_the_track": null, "extension_length": null, "number_of_drinking_fountains": null, "estimated_number_of_beneficiaries": 732.0, "refugee_and_internally_displaced_persons_group": null, "has_fence": null, "number_of_sections_of_track_developed": null, "amount_of_the_controllers_contract_in_SES": null, "amount_of_the_contract_for_construction_supervisors": null, "date_signature_contract_facilitator": null, "amount_of_the_facilitator_contract": null, "amount_spent_on_completing_the_infrastructure": null, "amount_spent_on_infrastructure_up_to_provisional_acceptance": null, "number_of_streetlights": null, "distance_covered_by_streetlights": null, "canton": null, "market_name": null }, "geometry": { "type": "Point", "coordinates": [ 0.0, 0.0 ] } },
{ "type": "Feature", "properties": { "id": 1028, "number": 446, "joint_subproject_number": 367, "title": "Construction d'un bâtiment scolaire de 3 salles de classes+Bureau+magasin+Forage+Latrines à l'EPP de Djabiène", "type": "Forages photovoltaïques dans les établissements scolaires", "subproject_type_designation": "Infrastructure", "sector": "Eau–Hydraulique", "works_type": "Construction", "component": "COMPOSANTE 1.1", "projects": "COSO", "financiers": "Banque Mondiale", "status": "Réception provisoire 100.0%", "current_status_of_the_site": "Réception provisoire", "progress_percent": 0.0, "progress_value": 100.0, "estimated_cost": 20000000.0, "contract_amount_work_companies": 15531879.0, "total_contract_amount_paid": 15531879.0, "amount_of_the_care_and_maintenance_fund_expected": null, "care_and_maintenance_amount_on_village_account": 150000.0, "date_signature_contract_work_companies": "2024-12-05", "date_signature_contract_efme": null, "contract_companies_amount_for_efme": null, "date_signature_contract_controllers_in_SES": null, "date_of_signature_of_contract_for_construction_supervisors": null, "approval_date_cora": null, "launch_date": "2024-12-19", "expected_duration": 3.0, "expected_end_date": "2025-03-01", "work_completion_date": "2025-02-13", "date_of_technical_acceptance_of_work": "2025-02-13", "date_of_provisional_acceptance_of_work": "2025-03-06", "official_handover_date_to_community": null, "existence_of_maintenance_plan": false, "wave": "6", "number_of_classrooms": 0.0, "number_of_infrastructures": 1, "population": 540.0, "direct_beneficiaries_men": 238.0, "direct_beneficiaries_women": 302.0, "women_s_group": "True", "youth_group": "True", "breeders_farmers_group": "True", "ethnic_minority_group": null, "date_of_organization_of_the_social_audit": "2025-11-06", "number_of_participants_m_in_social_audit": 37.0, "number_of_participants_w_in_social_audit": 51.0, "number_of_participants_t_in_social_audit": 88.0, "beneficiary_villages_count": 2, "beneficiary_villages": "4540; 4541", "list_of_villages_crossed_by_track_or_electrification": [ ], "infrastructure_changed": null, "infrastructure_deleted": false, "level_of_achievement_donation_certificate": "Maire", "comments": null, "location_name": "DJABIENE", "latitude": null, "longitude": null, "hierarchy": "DJABIENE > TAMONGUE > TANDJOUARE 1 > TANDJOUARE > SAVANES", "link_to_subproject": 1027.0, "depth_of_drilling": null, "drilling_flow_rate": null, "number_of_latrine_blocks": null, "has_latrine_blocs": null, "storage_capacity": null, "official_handover_date_to_sector": null, "length_of_the_track": null, "extension_length": null, "number_of_drinking_fountains": null, "estimated_number_of_beneficiaries": 540.0, "refugee_and_internally_displaced_persons_group": null, "has_fence": null, "number_of_sections_of_track_developed": null, "amount_of_the_controllers_contract_in_SES": null, "amount_of_the_contract_for_construction_supervisors": null, "date_signature_contract_facilitator": null, "amount_of_the_facilitator_contract": null, "amount_spent_on_completing_the_infrastructure": null, "amount_spent_on_infrastructure_up_to_provisional_acceptance": null, "number_of_streetlights": null, "distance_covered_by_streetlights": null, "canton": null, "market_name": null }, "geometry": null },
{ "type": "Feature", "properties": { "id": 1032, "number": 450, "joint_subproject_number": 370, "title": "Construction d'un bâtiment scolaire de 3 salles de classe+forage+bloc sanitaire à l'EPP Koundoungou", "type": "Forages photovoltaïques dans les établissements scolaires", "subproject_type_designation": "Infrastructure", "sector": "Eau–Hydraulique", "works_type": "Construction", "component": "COMPOSANTE 1.1", "projects": "COSO", "financiers": "Banque Mondiale", "status": "Réception provisoire 100.0%", "current_status_of_the_site": "Réception provisoire", "progress_percent": 0.0, "progress_value": 100.0, "estimated_cost": 20000000.0, "contract_amount_work_companies": 14237833.0, "total_contract_amount_paid": 14237833.0, "amount_of_the_care_and_maintenance_fund_expected": null, "care_and_maintenance_amount_on_village_account": null, "date_signature_contract_work_companies": "2024-12-20", "date_signature_contract_efme": null, "contract_companies_amount_for_efme": null, "date_signature_contract_controllers_in_SES": null, "date_of_signature_of_contract_for_construction_supervisors": null, "approval_date_cora": null, "launch_date": "2024-12-29", "expected_duration": 3.0, "expected_end_date": "2025-03-29", "work_completion_date": "2025-04-30", "date_of_technical_acceptance_of_work": "2025-08-13", "date_of_provisional_acceptance_of_work": "2025-08-13", "official_handover_date_to_community": null, "existence_of_maintenance_plan": false, "wave": "6", "number_of_classrooms": 0.0, "number_of_infrastructures": 1, "population": 2041.0, "direct_beneficiaries_men": 324.0, "direct_beneficiaries_women": 275.0, "women_s_group": null, "youth_group": null, "breeders_farmers_group": "True", "ethnic_minority_group": "True", "date_of_organization_of_the_social_audit": null, "number_of_participants_m_in_social_audit": null, "number_of_participants_w_in_social_audit": null, "number_of_participants_t_in_social_audit": null, "beneficiary_villages_count": 3, "beneficiary_villages": "4573; 4574; 4575", "list_of_villages_crossed_by_track_or_electrification": [ ], "infrastructure_changed": null, "infrastructure_deleted": false, "level_of_achievement_donation_certificate": "Maire", "comments": null, "location_name": "KOUNDOUNGOU 1", "latitude": 0.0, "longitude": 0.0, "hierarchy": "KOUNDOUNGOU 1 > TAMONGUE > TANDJOUARE 1 > TANDJOUARE > SAVANES", "link_to_subproject": 1031.0, "depth_of_drilling": null, "drilling_flow_rate": null, "number_of_latrine_blocks": null, "has_latrine_blocs": null, "storage_capacity": null, "official_handover_date_to_sector": null, "length_of_the_track": null, "extension_length": null, "number_of_drinking_fountains": null, "estimated_number_of_beneficiaries": 200.0, "refugee_and_internally_displaced_persons_group": null, "has_fence": null, "number_of_sections_of_track_developed": null, "amount_of_the_controllers_contract_in_SES": null, "amount_of_the_contract_for_construction_supervisors": null, "date_signature_contract_facilitator": null, "amount_of_the_facilitator_contract": null, "amount_spent_on_completing_the_infrastructure": null, "amount_spent_on_infrastructure_up_to_provisional_acceptance": null, "number_of_streetlights": null, "distance_covered_by_streetlights": null, "canton": null, "market_name": null }, "geometry": { "type": "Point", "coordinates": [ 0.0, 0.0 ] } },
{ "type": "Feature", "properties": { "id": 1034, "number": 452, "joint_subproject_number": 371, "title": "Construction d'un bâtimentd'un bâtiment scolaire de 3 classes + Bureau+Magasin+forage photovoltaïque à l'EPP Wantambongue", "type": "Forages photovoltaïques dans les établissements scolaires", "subproject_type_designation": "Infrastructure", "sector": "Eau–Hydraulique", "works_type": "Construction", "component": "COMPOSANTE 1.1", "projects": "COSO", "financiers": "Banque Mondiale", "status": "Réception provisoire 100.0%", "current_status_of_the_site": "Réception provisoire", "progress_percent": 0.0, "progress_value": 100.0, "estimated_cost": 20000000.0, "contract_amount_work_companies": 19055295.0, "total_contract_amount_paid": 19055295.0, "amount_of_the_care_and_maintenance_fund_expected": null, "care_and_maintenance_amount_on_village_account": null, "date_signature_contract_work_companies": "2025-09-17", "date_signature_contract_efme": null, "contract_companies_amount_for_efme": null, "date_signature_contract_controllers_in_SES": null, "date_of_signature_of_contract_for_construction_supervisors": null, "approval_date_cora": null, "launch_date": "2025-09-26", "expected_duration": 3.0, "expected_end_date": "2025-12-26", "work_completion_date": "2025-12-11", "date_of_technical_acceptance_of_work": "2025-12-11", "date_of_provisional_acceptance_of_work": "2025-12-18", "official_handover_date_to_community": null, "existence_of_maintenance_plan": false, "wave": "6", "number_of_classrooms": 0.0, "number_of_infrastructures": 1, "population": 537.0, "direct_beneficiaries_men": 240.0, "direct_beneficiaries_women": 297.0, "women_s_group": "True", "youth_group": null, "breeders_farmers_group": null, "ethnic_minority_group": null, "date_of_organization_of_the_social_audit": null, "number_of_participants_m_in_social_audit": null, "number_of_participants_w_in_social_audit": null, "number_of_participants_t_in_social_audit": null, "beneficiary_villages_count": 2, "beneficiary_villages": "4578; 4579", "list_of_villages_crossed_by_track_or_electrification": [ ], "infrastructure_changed": null, "infrastructure_deleted": false, "level_of_achievement_donation_certificate": "Juge", "comments": null, "location_name": "WANTAMBONGUE 1", "latitude": null, "longitude": null, "hierarchy": "WANTAMBONGUE 1 > TAMONGUE > TANDJOUARE 1 > TANDJOUARE > SAVANES", "link_to_subproject": 1033.0, "depth_of_drilling": null, "drilling_flow_rate": null, "number_of_latrine_blocks": null, "has_latrine_blocs": null, "storage_capacity": null, "official_handover_date_to_sector": null, "length_of_the_track": null, "extension_length": null, "number_of_drinking_fountains": null, "estimated_number_of_beneficiaries": null, "refugee_and_internally_displaced_persons_group": null, "has_fence": null, "number_of_sections_of_track_developed": null, "amount_of_the_controllers_contract_in_SES": null, "amount_of_the_contract_for_construction_supervisors": null, "date_signature_contract_facilitator": null, "amount_of_the_facilitator_contract": null, "amount_spent_on_completing_the_infrastructure": null, "amount_spent_on_infrastructure_up_to_provisional_acceptance": null, "number_of_streetlights": null, "distance_covered_by_streetlights": null, "canton": null, "market_name": null }, "geometry": null },
{ "type": "Feature", "properties": { "id": 1044, "number": 462, "joint_subproject_number": 380, "title": "Construction d'un batiment scolaire de trois classes,bureau,magasin et blocs sanitaires + forage à l'EPP ", "type": "Forages photovoltaïques dans les établissements scolaires", "subproject_type_designation": "Infrastructure", "sector": "Eau–Hydraulique", "works_type": "Construction", "component": "COMPOSANTE 1.1", "projects": "COSO", "financiers": "Banque Mondiale", "status": "Réception provisoire 100.0%", "current_status_of_the_site": "Réception provisoire", "progress_percent": 0.0, "progress_value": 100.0, "estimated_cost": 20000000.0, "contract_amount_work_companies": 14827833.0, "total_contract_amount_paid": 14827833.0, "amount_of_the_care_and_maintenance_fund_expected": null, "care_and_maintenance_amount_on_village_account": null, "date_signature_contract_work_companies": "2024-10-15", "date_signature_contract_efme": null, "contract_companies_amount_for_efme": null, "date_signature_contract_controllers_in_SES": null, "date_of_signature_of_contract_for_construction_supervisors": null, "approval_date_cora": null, "launch_date": "2024-10-18", "expected_duration": 3.0, "expected_end_date": "2025-01-18", "work_completion_date": "2025-04-30", "date_of_technical_acceptance_of_work": "2025-04-30", "date_of_provisional_acceptance_of_work": "2025-06-03", "official_handover_date_to_community": null, "existence_of_maintenance_plan": false, "wave": "6", "number_of_classrooms": 0.0, "number_of_infrastructures": 1, "population": 255.0, "direct_beneficiaries_men": 130.0, "direct_beneficiaries_women": 125.0, "women_s_group": "True", "youth_group": "True", "breeders_farmers_group": "True", "ethnic_minority_group": "True", "date_of_organization_of_the_social_audit": "2025-09-21", "number_of_participants_m_in_social_audit": 33.0, "number_of_participants_w_in_social_audit": 69.0, "number_of_participants_t_in_social_audit": 102.0, "beneficiary_villages_count": 1, "beneficiary_villages": "4507", "list_of_villages_crossed_by_track_or_electrification": [ ], "infrastructure_changed": null, "infrastructure_deleted": false, "level_of_achievement_donation_certificate": "Maire", "comments": null, "location_name": "SIGUIBAGOU 2", "latitude": null, "longitude": null, "hierarchy": "SIGUIBAGOU 2 > DOUKPERGOU > TANDJOUARE 2 > TANDJOUARE > SAVANES", "link_to_subproject": 1043.0, "depth_of_drilling": null, "drilling_flow_rate": null, "number_of_latrine_blocks": null, "has_latrine_blocs": null, "storage_capacity": null, "official_handover_date_to_sector": null, "length_of_the_track": null, "extension_length": null, "number_of_drinking_fountains": null, "estimated_number_of_beneficiaries": 255.0, "refugee_and_internally_displaced_persons_group": null, "has_fence": null, "number_of_sections_of_track_developed": null, "amount_of_the_controllers_contract_in_SES": null, "amount_of_the_contract_for_construction_supervisors": null, "date_signature_contract_facilitator": null, "amount_of_the_facilitator_contract": null, "amount_spent_on_completing_the_infrastructure": null, "amount_spent_on_infrastructure_up_to_provisional_acceptance": null, "number_of_streetlights": null, "distance_covered_by_streetlights": null, "canton": null, "market_name": null }, "geometry": null },
{ "type": "Feature", "properties": { "id": 1046, "number": 464, "joint_subproject_number": 381, "title": "Construction d'un batiment scolaire de trois classes,bureau,magasin et blocs sanitaires avec forage à l'EPP Matougou B", "type": "Forages photovoltaïques dans les établissements scolaires", "subproject_type_designation": "Infrastructure", "sector": "Eau–Hydraulique", "works_type": "Construction", "component": "COMPOSANTE 1.1", "projects": "COSO", "financiers": "Banque Mondiale", "status": "Réception provisoire 100.0%", "current_status_of_the_site": "Réception provisoire", "progress_percent": 0.0, "progress_value": 100.0, "estimated_cost": 20000000.0, "contract_amount_work_companies": 14045380.0, "total_contract_amount_paid": 14045380.0, "amount_of_the_care_and_maintenance_fund_expected": null, "care_and_maintenance_amount_on_village_account": null, "date_signature_contract_work_companies": "2024-10-25", "date_signature_contract_efme": null, "contract_companies_amount_for_efme": null, "date_signature_contract_controllers_in_SES": null, "date_of_signature_of_contract_for_construction_supervisors": null, "approval_date_cora": null, "launch_date": "2024-11-13", "expected_duration": 3.0, "expected_end_date": "2025-04-17", "work_completion_date": "2025-10-31", "date_of_technical_acceptance_of_work": null, "date_of_provisional_acceptance_of_work": "2025-11-07", "official_handover_date_to_community": null, "existence_of_maintenance_plan": false, "wave": "6", "number_of_classrooms": 0.0, "number_of_infrastructures": 1, "population": 329.0, "direct_beneficiaries_men": null, "direct_beneficiaries_women": null, "women_s_group": null, "youth_group": null, "breeders_farmers_group": "True", "ethnic_minority_group": "True", "date_of_organization_of_the_social_audit": null, "number_of_participants_m_in_social_audit": null, "number_of_participants_w_in_social_audit": null, "number_of_participants_t_in_social_audit": null, "beneficiary_villages_count": 1, "beneficiary_villages": "4518", "list_of_villages_crossed_by_track_or_electrification": [ ], "infrastructure_changed": null, "infrastructure_deleted": false, "level_of_achievement_donation_certificate": "N/A (ancien site)", "comments": null, "location_name": "LARSIOK", "latitude": 0.0, "longitude": 0.0, "hierarchy": "LARSIOK > DOUKPERGOU > TANDJOUARE 2 > TANDJOUARE > SAVANES", "link_to_subproject": 1045.0, "depth_of_drilling": null, "drilling_flow_rate": null, "number_of_latrine_blocks": null, "has_latrine_blocs": null, "storage_capacity": null, "official_handover_date_to_sector": null, "length_of_the_track": null, "extension_length": null, "number_of_drinking_fountains": null, "estimated_number_of_beneficiaries": null, "refugee_and_internally_displaced_persons_group": null, "has_fence": null, "number_of_sections_of_track_developed": null, "amount_of_the_controllers_contract_in_SES": null, "amount_of_the_contract_for_construction_supervisors": null, "date_signature_contract_facilitator": null, "amount_of_the_facilitator_contract": null, "amount_spent_on_completing_the_infrastructure": null, "amount_spent_on_infrastructure_up_to_provisional_acceptance": null, "number_of_streetlights": null, "distance_covered_by_streetlights": null, "canton": null, "market_name": null }, "geometry": { "type": "Point", "coordinates": [ 0.0, 0.0 ] } },
{ "type": "Feature", "properties": { "id": 1050, "number": 468, "joint_subproject_number": 385, "title": "Réalisation  d'un forage photovoltaique pour le maraichage ", "type": "Forages photovoltaïques pour les activités maraîchères", "subproject_type_designation": "Subproject", "sector": "Eau–Hydraulique", "works_type": "Construction", "component": "COMPOSANTE 1.1", "projects": "COSO", "financiers": "Banque Mondiale", "status": "Achevé 100.0%", "current_status_of_the_site": "Achevé", "progress_percent": 0.0, "progress_value": 89.0, "estimated_cost": 20000000.0, "contract_amount_work_companies": 23319402.0, "total_contract_amount_paid": 23319402.0, "amount_of_the_care_and_maintenance_fund_expected": null, "care_and_maintenance_amount_on_village_account": 130000.0, "date_signature_contract_work_companies": "2025-09-19", "date_signature_contract_efme": null, "contract_companies_amount_for_efme": null, "date_signature_contract_controllers_in_SES": null, "date_of_signature_of_contract_for_construction_supervisors": null, "approval_date_cora": null, "launch_date": "2025-10-27", "expected_duration": 3.0, "expected_end_date": "2026-01-27", "work_completion_date": "2026-03-17", "date_of_technical_acceptance_of_work": null, "date_of_provisional_acceptance_of_work": null, "official_handover_date_to_community": null, "existence_of_maintenance_plan": false, "wave": "6", "number_of_classrooms": 0.0, "number_of_infrastructures": 1, "population": 161.0, "direct_beneficiaries_men": 76.0, "direct_beneficiaries_women": 115.0, "women_s_group": "True", "youth_group": "True", "breeders_farmers_group": "True", "ethnic_minority_group": "True", "date_of_organization_of_the_social_audit": null, "number_of_participants_m_in_social_audit": null, "number_of_participants_w_in_social_audit": null, "number_of_participants_t_in_social_audit": null, "beneficiary_villages_count": 1, "beneficiary_villages": "4503", "list_of_villages_crossed_by_track_or_electrification": [ ], "infrastructure_changed": "True", "infrastructure_deleted": false, "level_of_achievement_donation_certificate": null, "comments": null, "location_name": "MAGNA BAS", "latitude": 10.6417033, "longitude": 0.0908567, "hierarchy": "MAGNA BAS > DOUKPERGOU > TANDJOUARE 2 > TANDJOUARE > SAVANES", "link_to_subproject": null, "depth_of_drilling": null, "drilling_flow_rate": null, "number_of_latrine_blocks": null, "has_latrine_blocs": null, "storage_capacity": null, "official_handover_date_to_sector": null, "length_of_the_track": null, "extension_length": null, "number_of_drinking_fountains": null, "estimated_number_of_beneficiaries": 161.0, "refugee_and_internally_displaced_persons_group": null, "has_fence": null, "number_of_sections_of_track_developed": null, "amount_of_the_controllers_contract_in_SES": null, "amount_of_the_contract_for_construction_supervisors": null, "date_signature_contract_facilitator": null, "amount_of_the_facilitator_contract": null, "amount_spent_on_completing_the_infrastructure": null, "amount_spent_on_infrastructure_up_to_provisional_acceptance": null, "number_of_streetlights": null, "distance_covered_by_streetlights": null, "canton": null, "market_name": null }, "geometry": { "type": "Point", "coordinates": [ 0.0908567, 10.6417033 ] } },
{ "type": "Feature", "properties": { "id": 1057, "number": 475, "joint_subproject_number": 391, "title": "Construction et équipement d'un bâtiement  scolaire de 03 classes avec Bureau-magasin + 2blocs latrines et un forage ", "type": "Forages photovoltaïques dans les établissements scolaires", "subproject_type_designation": "Infrastructure", "sector": "Eau–Hydraulique", "works_type": "Construction", "component": "COMPOSANTE 1.1", "projects": "COSO", "financiers": "Banque Mondiale", "status": "Réception définitive 100.0%", "current_status_of_the_site": "Réception définitive", "progress_percent": 100.0, "progress_value": 100.0, "estimated_cost": 20000000.0, "contract_amount_work_companies": 13885579.0, "total_contract_amount_paid": 13885579.0, "amount_of_the_care_and_maintenance_fund_expected": 250000.0, "care_and_maintenance_amount_on_village_account": 290000.0, "date_signature_contract_work_companies": "2024-10-15", "date_signature_contract_efme": null, "contract_companies_amount_for_efme": null, "date_signature_contract_controllers_in_SES": null, "date_of_signature_of_contract_for_construction_supervisors": null, "approval_date_cora": "2024-02-16", "launch_date": "2024-11-10", "expected_duration": 3.0, "expected_end_date": "2025-02-10", "work_completion_date": "2025-02-19", "date_of_technical_acceptance_of_work": "2025-02-19", "date_of_provisional_acceptance_of_work": "2025-03-13", "official_handover_date_to_community": "2026-03-19", "existence_of_maintenance_plan": false, "wave": "6", "number_of_classrooms": 0.0, "number_of_infrastructures": 1, "population": 1130.0, "direct_beneficiaries_men": 450.0, "direct_beneficiaries_women": 680.0, "women_s_group": "True", "youth_group": "True", "breeders_farmers_group": "True", "ethnic_minority_group": "True", "date_of_organization_of_the_social_audit": null, "number_of_participants_m_in_social_audit": null, "number_of_participants_w_in_social_audit": null, "number_of_participants_t_in_social_audit": null, "beneficiary_villages_count": 3, "beneficiary_villages": "4662; 4663; 4664", "list_of_villages_crossed_by_track_or_electrification": [ ], "infrastructure_changed": "True", "infrastructure_deleted": false, "level_of_achievement_donation_certificate": "Maire", "comments": null, "location_name": "SANPEDIGBENDE 2", "latitude": 0.0, "longitude": 0.0, "hierarchy": "SANPEDIGBENDE 2 > NAKI-OUEST > TONE 2 > TONE > SAVANES", "link_to_subproject": 1056.0, "depth_of_drilling": 8140.0, "drilling_flow_rate": 8500.0, "number_of_latrine_blocks": null, "has_latrine_blocs": null, "storage_capacity": null, "official_handover_date_to_sector": null, "length_of_the_track": null, "extension_length": null, "number_of_drinking_fountains": null, "estimated_number_of_beneficiaries": 1130.0, "refugee_and_internally_displaced_persons_group": null, "has_fence": null, "number_of_sections_of_track_developed": null, "amount_of_the_controllers_contract_in_SES": null, "amount_of_the_contract_for_construction_supervisors": null, "date_signature_contract_facilitator": null, "amount_of_the_facilitator_contract": null, "amount_spent_on_completing_the_infrastructure": null, "amount_spent_on_infrastructure_up_to_provisional_acceptance": null, "number_of_streetlights": null, "distance_covered_by_streetlights": null, "canton": null, "market_name": null }, "geometry": { "type": "Point", "coordinates": [ 0.0, 0.0 ] } },
{ "type": "Feature", "properties": { "id": 1065, "number": 484, "joint_subproject_number": 399, "title": "Réalissation d'un forage photovoltaïque maraicher", "type": "Forages photovoltaïques pour les activités maraîchères", "subproject_type_designation": "Subproject", "sector": "Eau–Hydraulique", "works_type": "Construction", "component": "COMPOSANTE 1.1", "projects": "COSO", "financiers": "Banque Mondiale", "status": "Réception provisoire 100.0%", "current_status_of_the_site": "Réception provisoire", "progress_percent": 100.0, "progress_value": 100.0, "estimated_cost": 20000000.0, "contract_amount_work_companies": 18241183.0, "total_contract_amount_paid": 18241183.0, "amount_of_the_care_and_maintenance_fund_expected": null, "care_and_maintenance_amount_on_village_account": 279500.0, "date_signature_contract_work_companies": "2025-05-06", "date_signature_contract_efme": null, "contract_companies_amount_for_efme": null, "date_signature_contract_controllers_in_SES": null, "date_of_signature_of_contract_for_construction_supervisors": null, "approval_date_cora": "2024-02-16", "launch_date": "2025-05-20", "expected_duration": 5.0, "expected_end_date": "2025-10-20", "work_completion_date": "2025-09-21", "date_of_technical_acceptance_of_work": "2025-09-24", "date_of_provisional_acceptance_of_work": "2025-11-20", "official_handover_date_to_community": null, "existence_of_maintenance_plan": false, "wave": "6", "number_of_classrooms": 0.0, "number_of_infrastructures": 1, "population": 976.0, "direct_beneficiaries_men": 465.0, "direct_beneficiaries_women": 514.0, "women_s_group": null, "youth_group": null, "breeders_farmers_group": "True", "ethnic_minority_group": null, "date_of_organization_of_the_social_audit": null, "number_of_participants_m_in_social_audit": null, "number_of_participants_w_in_social_audit": null, "number_of_participants_t_in_social_audit": null, "beneficiary_villages_count": 2, "beneficiary_villages": "4633; 4634", "list_of_villages_crossed_by_track_or_electrification": [ ], "infrastructure_changed": null, "infrastructure_deleted": false, "level_of_achievement_donation_certificate": null, "comments": null, "location_name": "KPATCHIANGBANE 1", "latitude": 10.9534483, "longitude": -0.0034733, "hierarchy": "KPATCHIANGBANE 1 > NAKI-OUEST > TONE 2 > TONE > SAVANES", "link_to_subproject": null, "depth_of_drilling": null, "drilling_flow_rate": null, "number_of_latrine_blocks": null, "has_latrine_blocs": null, "storage_capacity": null, "official_handover_date_to_sector": null, "length_of_the_track": null, "extension_length": null, "number_of_drinking_fountains": null, "estimated_number_of_beneficiaries": 977.0, "refugee_and_internally_displaced_persons_group": null, "has_fence": null, "number_of_sections_of_track_developed": null, "amount_of_the_controllers_contract_in_SES": null, "amount_of_the_contract_for_construction_supervisors": null, "date_signature_contract_facilitator": null, "amount_of_the_facilitator_contract": null, "amount_spent_on_completing_the_infrastructure": null, "amount_spent_on_infrastructure_up_to_provisional_acceptance": null, "number_of_streetlights": null, "distance_covered_by_streetlights": null, "canton": null, "market_name": null }, "geometry": { "type": "Point", "coordinates": [ -0.0034733, 10.9534483 ] } },
{ "type": "Feature", "properties": { "id": 1066, "number": 485, "joint_subproject_number": 400, "title": "Réalissation d'un forage photovoltaïque maraicher", "type": "Forages photovoltaïques pour les activités maraîchères", "subproject_type_designation": "Subproject", "sector": "Eau–Hydraulique", "works_type": "Construction", "component": "COMPOSANTE 1.1", "projects": "COSO", "financiers": "Banque Mondiale", "status": "Réception provisoire 100.0%", "current_status_of_the_site": "Réception provisoire", "progress_percent": 0.0, "progress_value": 100.0, "estimated_cost": 20000000.0, "contract_amount_work_companies": 15268345.0, "total_contract_amount_paid": 15268345.0, "amount_of_the_care_and_maintenance_fund_expected": null, "care_and_maintenance_amount_on_village_account": 262000.0, "date_signature_contract_work_companies": "2025-03-27", "date_signature_contract_efme": null, "contract_companies_amount_for_efme": null, "date_signature_contract_controllers_in_SES": null, "date_of_signature_of_contract_for_construction_supervisors": null, "approval_date_cora": "2024-02-16", "launch_date": "2025-02-20", "expected_duration": 3.0, "expected_end_date": "2025-05-20", "work_completion_date": "2025-10-06", "date_of_technical_acceptance_of_work": "2025-10-06", "date_of_provisional_acceptance_of_work": "2025-10-09", "official_handover_date_to_community": null, "existence_of_maintenance_plan": false, "wave": "6", "number_of_classrooms": 0.0, "number_of_infrastructures": 1, "population": 421.0, "direct_beneficiaries_men": 166.0, "direct_beneficiaries_women": 302.0, "women_s_group": null, "youth_group": null, "breeders_farmers_group": null, "ethnic_minority_group": null, "date_of_organization_of_the_social_audit": "2025-11-14", "number_of_participants_m_in_social_audit": 20.0, "number_of_participants_w_in_social_audit": 52.0, "number_of_participants_t_in_social_audit": 72.0, "beneficiary_villages_count": 2, "beneficiary_villages": "4509; 4670", "list_of_villages_crossed_by_track_or_electrification": [ ], "infrastructure_changed": null, "infrastructure_deleted": false, "level_of_achievement_donation_certificate": null, "comments": null, "location_name": "NASSIEGOU", "latitude": null, "longitude": null, "hierarchy": "NASSIEGOU > NAKI-OUEST > TONE 2 > TONE > SAVANES", "link_to_subproject": null, "depth_of_drilling": null, "drilling_flow_rate": null, "number_of_latrine_blocks": null, "has_latrine_blocs": null, "storage_capacity": null, "official_handover_date_to_sector": null, "length_of_the_track": null, "extension_length": null, "number_of_drinking_fountains": null, "estimated_number_of_beneficiaries": null, "refugee_and_internally_displaced_persons_group": null, "has_fence": null, "number_of_sections_of_track_developed": null, "amount_of_the_controllers_contract_in_SES": null, "amount_of_the_contract_for_construction_supervisors": null, "date_signature_contract_facilitator": null, "amount_of_the_facilitator_contract": null, "amount_spent_on_completing_the_infrastructure": null, "amount_spent_on_infrastructure_up_to_provisional_acceptance": null, "number_of_streetlights": null, "distance_covered_by_streetlights": null, "canton": null, "market_name": null }, "geometry": null },
{ "type": "Feature", "properties": { "id": 1067, "number": 486, "joint_subproject_number": 401, "title": "Réalissation d'un forage photovoltaïque maraicher", "type": "Forages photovoltaïques pour les activités maraîchères", "subproject_type_designation": "Subproject", "sector": "Eau–Hydraulique", "works_type": "Construction", "component": "COMPOSANTE 1.1", "projects": "COSO", "financiers": "Banque Mondiale", "status": "Réception provisoire 100.0%", "current_status_of_the_site": "Réception provisoire", "progress_percent": 0.0, "progress_value": 100.0, "estimated_cost": 20000000.0, "contract_amount_work_companies": 18241183.0, "total_contract_amount_paid": 18241183.0, "amount_of_the_care_and_maintenance_fund_expected": null, "care_and_maintenance_amount_on_village_account": 251000.0, "date_signature_contract_work_companies": "2025-05-06", "date_signature_contract_efme": null, "contract_companies_amount_for_efme": null, "date_signature_contract_controllers_in_SES": null, "date_of_signature_of_contract_for_construction_supervisors": null, "approval_date_cora": "2024-02-16", "launch_date": "2025-05-20", "expected_duration": 5.0, "expected_end_date": "2025-10-20", "work_completion_date": "2025-09-21", "date_of_technical_acceptance_of_work": "2025-09-24", "date_of_provisional_acceptance_of_work": "2025-11-20", "official_handover_date_to_community": null, "existence_of_maintenance_plan": false, "wave": "6", "number_of_classrooms": 0.0, "number_of_infrastructures": 1, "population": 1106.0, "direct_beneficiaries_men": 550.0, "direct_beneficiaries_women": 556.0, "women_s_group": "True", "youth_group": "True", "breeders_farmers_group": "True", "ethnic_minority_group": "True", "date_of_organization_of_the_social_audit": null, "number_of_participants_m_in_social_audit": null, "number_of_participants_w_in_social_audit": null, "number_of_participants_t_in_social_audit": null, "beneficiary_villages_count": 1, "beneficiary_villages": "4667", "list_of_villages_crossed_by_track_or_electrification": [ ], "infrastructure_changed": null, "infrastructure_deleted": false, "level_of_achievement_donation_certificate": null, "comments": null, "location_name": "BASSOUDOUGOU", "latitude": 10.9422383, "longitude": 0.0246017, "hierarchy": "BASSOUDOUGOU > NAKI-OUEST > TONE 2 > TONE > SAVANES", "link_to_subproject": null, "depth_of_drilling": null, "drilling_flow_rate": null, "number_of_latrine_blocks": null, "has_latrine_blocs": null, "storage_capacity": null, "official_handover_date_to_sector": null, "length_of_the_track": null, "extension_length": null, "number_of_drinking_fountains": null, "estimated_number_of_beneficiaries": 1000.0, "refugee_and_internally_displaced_persons_group": null, "has_fence": null, "number_of_sections_of_track_developed": null, "amount_of_the_controllers_contract_in_SES": null, "amount_of_the_contract_for_construction_supervisors": null, "date_signature_contract_facilitator": null, "amount_of_the_facilitator_contract": null, "amount_spent_on_completing_the_infrastructure": null, "amount_spent_on_infrastructure_up_to_provisional_acceptance": null, "number_of_streetlights": null, "distance_covered_by_streetlights": null, "canton": null, "market_name": null }, "geometry": { "type": "Point", "coordinates": [ 0.0246017, 10.9422383 ] } },
{ "type": "Feature", "properties": { "id": 1068, "number": 487, "joint_subproject_number": 402, "title": "Réalissation d'un forage photovoltaïque maraicher", "type": "Forages photovoltaïques pour les activités maraîchères", "subproject_type_designation": "Subproject", "sector": "Eau–Hydraulique", "works_type": "Construction", "component": "COMPOSANTE 1.1", "projects": "COSO", "financiers": "Banque Mondiale", "status": "Réception provisoire 100.0%", "current_status_of_the_site": "Réception provisoire", "progress_percent": 0.0, "progress_value": 100.0, "estimated_cost": 20000000.0, "contract_amount_work_companies": 16101425.0, "total_contract_amount_paid": 16101425.0, "amount_of_the_care_and_maintenance_fund_expected": null, "care_and_maintenance_amount_on_village_account": 220000.0, "date_signature_contract_work_companies": "2025-03-06", "date_signature_contract_efme": null, "contract_companies_amount_for_efme": null, "date_signature_contract_controllers_in_SES": null, "date_of_signature_of_contract_for_construction_supervisors": null, "approval_date_cora": "2024-02-16", "launch_date": "2025-03-07", "expected_duration": 3.0, "expected_end_date": "2025-06-07", "work_completion_date": "2025-09-15", "date_of_technical_acceptance_of_work": "2025-09-17", "date_of_provisional_acceptance_of_work": "2025-10-09", "official_handover_date_to_community": null, "existence_of_maintenance_plan": false, "wave": "6", "number_of_classrooms": 0.0, "number_of_infrastructures": 1, "population": 252.0, "direct_beneficiaries_men": 95.0, "direct_beneficiaries_women": 155.0, "women_s_group": "True", "youth_group": "True", "breeders_farmers_group": "True", "ethnic_minority_group": null, "date_of_organization_of_the_social_audit": "2025-12-03", "number_of_participants_m_in_social_audit": 8.0, "number_of_participants_w_in_social_audit": 70.0, "number_of_participants_t_in_social_audit": 78.0, "beneficiary_villages_count": 1, "beneficiary_villages": "4646", "list_of_villages_crossed_by_track_or_electrification": [ ], "infrastructure_changed": null, "infrastructure_deleted": false, "level_of_achievement_donation_certificate": null, "comments": null, "location_name": "KPIMONE", "latitude": null, "longitude": null, "hierarchy": "KPIMONE > NAKI-OUEST > TONE 2 > TONE > SAVANES", "link_to_subproject": null, "depth_of_drilling": null, "drilling_flow_rate": null, "number_of_latrine_blocks": null, "has_latrine_blocs": null, "storage_capacity": null, "official_handover_date_to_sector": null, "length_of_the_track": null, "extension_length": null, "number_of_drinking_fountains": null, "estimated_number_of_beneficiaries": 500.0, "refugee_and_internally_displaced_persons_group": null, "has_fence": null, "number_of_sections_of_track_developed": null, "amount_of_the_controllers_contract_in_SES": null, "amount_of_the_contract_for_construction_supervisors": null, "date_signature_contract_facilitator": null, "amount_of_the_facilitator_contract": null, "amount_spent_on_completing_the_infrastructure": null, "amount_spent_on_infrastructure_up_to_provisional_acceptance": null, "number_of_streetlights": null, "distance_covered_by_streetlights": null, "canton": null, "market_name": null }, "geometry": null },
{ "type": "Feature", "properties": { "id": 1069, "number": 488, "joint_subproject_number": 403, "title": "Réalissation d'un forage photovoltaïque maraicher", "type": "Forages photovoltaïques pour les activités maraîchères", "subproject_type_designation": "Subproject", "sector": "Eau–Hydraulique", "works_type": "Construction", "component": "COMPOSANTE 1.1", "projects": "COSO", "financiers": "Banque Mondiale", "status": "Réception provisoire 100.0%", "current_status_of_the_site": "Réception provisoire", "progress_percent": 0.0, "progress_value": 100.0, "estimated_cost": 20000000.0, "contract_amount_work_companies": 18035852.0, "total_contract_amount_paid": 18035852.0, "amount_of_the_care_and_maintenance_fund_expected": null, "care_and_maintenance_amount_on_village_account": 363000.0, "date_signature_contract_work_companies": "2025-07-10", "date_signature_contract_efme": null, "contract_companies_amount_for_efme": null, "date_signature_contract_controllers_in_SES": null, "date_of_signature_of_contract_for_construction_supervisors": null, "approval_date_cora": "2024-02-16", "launch_date": "2025-07-11", "expected_duration": 3.0, "expected_end_date": "2025-11-10", "work_completion_date": "2025-12-16", "date_of_technical_acceptance_of_work": "2025-12-16", "date_of_provisional_acceptance_of_work": "2025-12-16", "official_handover_date_to_community": null, "existence_of_maintenance_plan": false, "wave": "6", "number_of_classrooms": 0.0, "number_of_infrastructures": 1, "population": 615.0, "direct_beneficiaries_men": 257.0, "direct_beneficiaries_women": 358.0, "women_s_group": "True", "youth_group": null, "breeders_farmers_group": "True", "ethnic_minority_group": "True", "date_of_organization_of_the_social_audit": null, "number_of_participants_m_in_social_audit": null, "number_of_participants_w_in_social_audit": null, "number_of_participants_t_in_social_audit": null, "beneficiary_villages_count": 3, "beneficiary_villages": "4628; 4629; 4630", "list_of_villages_crossed_by_track_or_electrification": [ ], "infrastructure_changed": null, "infrastructure_deleted": false, "level_of_achievement_donation_certificate": null, "comments": null, "location_name": "FALNAGUE 1", "latitude": null, "longitude": null, "hierarchy": "FALNAGUE 1 > NAKI-OUEST > TONE 2 > TONE > SAVANES", "link_to_subproject": null, "depth_of_drilling": null, "drilling_flow_rate": null, "number_of_latrine_blocks": null, "has_latrine_blocs": null, "storage_capacity": null, "official_handover_date_to_sector": null, "length_of_the_track": null, "extension_length": null, "number_of_drinking_fountains": null, "estimated_number_of_beneficiaries": 650.0, "refugee_and_internally_displaced_persons_group": null, "has_fence": null, "number_of_sections_of_track_developed": null, "amount_of_the_controllers_contract_in_SES": null, "amount_of_the_contract_for_construction_supervisors": null, "date_signature_contract_facilitator": null, "amount_of_the_facilitator_contract": null, "amount_spent_on_completing_the_infrastructure": null, "amount_spent_on_infrastructure_up_to_provisional_acceptance": null, "number_of_streetlights": null, "distance_covered_by_streetlights": null, "canton": null, "market_name": null }, "geometry": null },
{ "type": "Feature", "properties": { "id": 1070, "number": 489, "joint_subproject_number": 404, "title": "Réalissation d'un forage photovoltaïque maraicher", "type": "Forages photovoltaïques pour les activités maraîchères", "subproject_type_designation": "Subproject", "sector": "Eau–Hydraulique", "works_type": "Construction", "component": "COMPOSANTE 1.1", "projects": "COSO", "financiers": "Banque Mondiale", "status": "Réception provisoire 100.0%", "current_status_of_the_site": "Réception provisoire", "progress_percent": 0.0, "progress_value": 100.0, "estimated_cost": 20000000.0, "contract_amount_work_companies": 18241183.0, "total_contract_amount_paid": 18241183.0, "amount_of_the_care_and_maintenance_fund_expected": null, "care_and_maintenance_amount_on_village_account": 255000.0, "date_signature_contract_work_companies": "2025-03-19", "date_signature_contract_efme": null, "contract_companies_amount_for_efme": null, "date_signature_contract_controllers_in_SES": null, "date_of_signature_of_contract_for_construction_supervisors": null, "approval_date_cora": "2024-02-16", "launch_date": "2025-04-03", "expected_duration": 5.0, "expected_end_date": "2025-09-03", "work_completion_date": "2025-09-21", "date_of_technical_acceptance_of_work": "2025-09-24", "date_of_provisional_acceptance_of_work": "2025-11-20", "official_handover_date_to_community": null, "existence_of_maintenance_plan": false, "wave": "6", "number_of_classrooms": 0.0, "number_of_infrastructures": 1, "population": 894.0, "direct_beneficiaries_men": 313.0, "direct_beneficiaries_women": 581.0, "women_s_group": "True", "youth_group": "True", "breeders_farmers_group": "True", "ethnic_minority_group": "True", "date_of_organization_of_the_social_audit": "2026-01-14", "number_of_participants_m_in_social_audit": 12.0, "number_of_participants_w_in_social_audit": 77.0, "number_of_participants_t_in_social_audit": 89.0, "beneficiary_villages_count": 2, "beneficiary_villages": "4635; 4636", "list_of_villages_crossed_by_track_or_electrification": [ ], "infrastructure_changed": null, "infrastructure_deleted": false, "level_of_achievement_donation_certificate": null, "comments": null, "location_name": "NAKORGOU", "latitude": 10.933573, "longitude": 0.068247, "hierarchy": "NAKORGOU > NAKI-OUEST > TONE 2 > TONE > SAVANES", "link_to_subproject": null, "depth_of_drilling": null, "drilling_flow_rate": null, "number_of_latrine_blocks": null, "has_latrine_blocs": null, "storage_capacity": null, "official_handover_date_to_sector": null, "length_of_the_track": null, "extension_length": null, "number_of_drinking_fountains": null, "estimated_number_of_beneficiaries": null, "refugee_and_internally_displaced_persons_group": null, "has_fence": null, "number_of_sections_of_track_developed": null, "amount_of_the_controllers_contract_in_SES": null, "amount_of_the_contract_for_construction_supervisors": null, "date_signature_contract_facilitator": null, "amount_of_the_facilitator_contract": null, "amount_spent_on_completing_the_infrastructure": null, "amount_spent_on_infrastructure_up_to_provisional_acceptance": null, "number_of_streetlights": null, "distance_covered_by_streetlights": null, "canton": null, "market_name": null }, "geometry": { "type": "Point", "coordinates": [ 0.068247, 10.933573 ] } },
{ "type": "Feature", "properties": { "id": 1071, "number": 490, "joint_subproject_number": 405, "title": "Réalissation d'un forage photovoltaïque maraicher", "type": "Forages photovoltaïques pour les activités maraîchères", "subproject_type_designation": "Subproject", "sector": "Eau–Hydraulique", "works_type": "Construction", "component": "COMPOSANTE 1.1", "projects": "COSO", "financiers": "Banque Mondiale", "status": "Réception provisoire 100.0%", "current_status_of_the_site": "Réception provisoire", "progress_percent": 0.0, "progress_value": 100.0, "estimated_cost": 20000000.0, "contract_amount_work_companies": 16171828.0, "total_contract_amount_paid": 16171828.0, "amount_of_the_care_and_maintenance_fund_expected": null, "care_and_maintenance_amount_on_village_account": 251000.0, "date_signature_contract_work_companies": "2025-05-06", "date_signature_contract_efme": null, "contract_companies_amount_for_efme": null, "date_signature_contract_controllers_in_SES": null, "date_of_signature_of_contract_for_construction_supervisors": null, "approval_date_cora": "2024-02-16", "launch_date": "2025-05-20", "expected_duration": 4.0, "expected_end_date": "2025-09-19", "work_completion_date": "2025-12-16", "date_of_technical_acceptance_of_work": "2025-12-16", "date_of_provisional_acceptance_of_work": "2025-12-16", "official_handover_date_to_community": null, "existence_of_maintenance_plan": false, "wave": "6", "number_of_classrooms": 0.0, "number_of_infrastructures": 1, "population": 1312.0, "direct_beneficiaries_men": 630.0, "direct_beneficiaries_women": 682.0, "women_s_group": "True", "youth_group": "True", "breeders_farmers_group": "True", "ethnic_minority_group": "True", "date_of_organization_of_the_social_audit": "2026-01-21", "number_of_participants_m_in_social_audit": 26.0, "number_of_participants_w_in_social_audit": 101.0, "number_of_participants_t_in_social_audit": 127.0, "beneficiary_villages_count": 3, "beneficiary_villages": "4616; 4617; 4618", "list_of_villages_crossed_by_track_or_electrification": [ ], "infrastructure_changed": null, "infrastructure_deleted": false, "level_of_achievement_donation_certificate": null, "comments": null, "location_name": "KARIATA", "latitude": 10.893852, "longitude": 0.061661, "hierarchy": "KARIATA > NAKI-OUEST > TONE 2 > TONE > SAVANES", "link_to_subproject": null, "depth_of_drilling": null, "drilling_flow_rate": null, "number_of_latrine_blocks": null, "has_latrine_blocs": null, "storage_capacity": null, "official_handover_date_to_sector": null, "length_of_the_track": null, "extension_length": null, "number_of_drinking_fountains": null, "estimated_number_of_beneficiaries": null, "refugee_and_internally_displaced_persons_group": null, "has_fence": null, "number_of_sections_of_track_developed": null, "amount_of_the_controllers_contract_in_SES": null, "amount_of_the_contract_for_construction_supervisors": null, "date_signature_contract_facilitator": null, "amount_of_the_facilitator_contract": null, "amount_spent_on_completing_the_infrastructure": null, "amount_spent_on_infrastructure_up_to_provisional_acceptance": null, "number_of_streetlights": null, "distance_covered_by_streetlights": null, "canton": null, "market_name": null }, "geometry": { "type": "Point", "coordinates": [ 0.061661, 10.893852 ] } },
{ "type": "Feature", "properties": { "id": 1072, "number": 491, "joint_subproject_number": 406, "title": "Réalissation d'un forage photovoltaïque maraicher", "type": "Forages photovoltaïques pour les activités maraîchères", "subproject_type_designation": "Subproject", "sector": "Eau–Hydraulique", "works_type": "Construction", "component": "COMPOSANTE 1.1", "projects": "COSO", "financiers": "Banque Mondiale", "status": "Réception provisoire 100.0%", "current_status_of_the_site": "Réception provisoire", "progress_percent": 0.0, "progress_value": 100.0, "estimated_cost": 20000000.0, "contract_amount_work_companies": 18449595.0, "total_contract_amount_paid": 18449595.0, "amount_of_the_care_and_maintenance_fund_expected": null, "care_and_maintenance_amount_on_village_account": 211000.0, "date_signature_contract_work_companies": "2025-04-11", "date_signature_contract_efme": null, "contract_companies_amount_for_efme": null, "date_signature_contract_controllers_in_SES": null, "date_of_signature_of_contract_for_construction_supervisors": null, "approval_date_cora": "2024-02-16", "launch_date": "2025-04-20", "expected_duration": 4.0, "expected_end_date": "2025-08-20", "work_completion_date": "2025-09-15", "date_of_technical_acceptance_of_work": "2025-09-18", "date_of_provisional_acceptance_of_work": "2025-11-06", "official_handover_date_to_community": null, "existence_of_maintenance_plan": false, "wave": "6", "number_of_classrooms": 0.0, "number_of_infrastructures": 1, "population": 685.0, "direct_beneficiaries_men": 315.0, "direct_beneficiaries_women": 368.0, "women_s_group": "True", "youth_group": "True", "breeders_farmers_group": "True", "ethnic_minority_group": null, "date_of_organization_of_the_social_audit": "2025-12-11", "number_of_participants_m_in_social_audit": 7.0, "number_of_participants_w_in_social_audit": 68.0, "number_of_participants_t_in_social_audit": 75.0, "beneficiary_villages_count": 3, "beneficiary_villages": "4643; 4644; 4645", "list_of_villages_crossed_by_track_or_electrification": [ ], "infrastructure_changed": null, "infrastructure_deleted": false, "level_of_achievement_donation_certificate": null, "comments": null, "location_name": "NAKPALI 2", "latitude": null, "longitude": null, "hierarchy": "NAKPALI 2 > NAKI-OUEST > TONE 2 > TONE > SAVANES", "link_to_subproject": null, "depth_of_drilling": null, "drilling_flow_rate": null, "number_of_latrine_blocks": null, "has_latrine_blocs": null, "storage_capacity": null, "official_handover_date_to_sector": null, "length_of_the_track": null, "extension_length": null, "number_of_drinking_fountains": null, "estimated_number_of_beneficiaries": 685.0, "refugee_and_internally_displaced_persons_group": null, "has_fence": null, "number_of_sections_of_track_developed": null, "amount_of_the_controllers_contract_in_SES": null, "amount_of_the_contract_for_construction_supervisors": null, "date_signature_contract_facilitator": null, "amount_of_the_facilitator_contract": null, "amount_spent_on_completing_the_infrastructure": null, "amount_spent_on_infrastructure_up_to_provisional_acceptance": null, "number_of_streetlights": null, "distance_covered_by_streetlights": null, "canton": null, "market_name": null }, "geometry": null },
{ "type": "Feature", "properties": { "id": 1073, "number": 492, "joint_subproject_number": 407, "title": "Réalissation d'un forage photovoltaïque maraicher", "type": "Forages photovoltaïques pour les activités maraîchères", "subproject_type_designation": "Subproject", "sector": "Eau–Hydraulique", "works_type": "Construction", "component": "COMPOSANTE 1.1", "projects": "COSO", "financiers": "Banque Mondiale", "status": "Réception provisoire 100.0%", "current_status_of_the_site": "Réception provisoire", "progress_percent": 0.0, "progress_value": 100.0, "estimated_cost": 20000000.0, "contract_amount_work_companies": 15622345.0, "total_contract_amount_paid": 15622345.0, "amount_of_the_care_and_maintenance_fund_expected": null, "care_and_maintenance_amount_on_village_account": 252000.0, "date_signature_contract_work_companies": "2025-03-05", "date_signature_contract_efme": null, "contract_companies_amount_for_efme": null, "date_signature_contract_controllers_in_SES": null, "date_of_signature_of_contract_for_construction_supervisors": null, "approval_date_cora": "2024-02-16", "launch_date": "2025-04-14", "expected_duration": 3.0, "expected_end_date": "2025-07-14", "work_completion_date": "2025-09-15", "date_of_technical_acceptance_of_work": "2025-09-18", "date_of_provisional_acceptance_of_work": "2025-09-25", "official_handover_date_to_community": null, "existence_of_maintenance_plan": false, "wave": "6", "number_of_classrooms": 0.0, "number_of_infrastructures": 1, "population": 1096.0, "direct_beneficiaries_men": 530.0, "direct_beneficiaries_women": 566.0, "women_s_group": "True", "youth_group": null, "breeders_farmers_group": "True", "ethnic_minority_group": "True", "date_of_organization_of_the_social_audit": "2025-11-19", "number_of_participants_m_in_social_audit": 25.0, "number_of_participants_w_in_social_audit": 55.0, "number_of_participants_t_in_social_audit": 80.0, "beneficiary_villages_count": 2, "beneficiary_villages": "4649; 4650", "list_of_villages_crossed_by_track_or_electrification": [ ], "infrastructure_changed": null, "infrastructure_deleted": false, "level_of_achievement_donation_certificate": null, "comments": null, "location_name": "TCHANDANA", "latitude": 10.934593, "longitude": 0.11905, "hierarchy": "TCHANDANA > NAKI-OUEST > TONE 2 > TONE > SAVANES", "link_to_subproject": null, "depth_of_drilling": null, "drilling_flow_rate": null, "number_of_latrine_blocks": null, "has_latrine_blocs": null, "storage_capacity": null, "official_handover_date_to_sector": null, "length_of_the_track": null, "extension_length": null, "number_of_drinking_fountains": null, "estimated_number_of_beneficiaries": null, "refugee_and_internally_displaced_persons_group": null, "has_fence": null, "number_of_sections_of_track_developed": null, "amount_of_the_controllers_contract_in_SES": null, "amount_of_the_contract_for_construction_supervisors": null, "date_signature_contract_facilitator": null, "amount_of_the_facilitator_contract": null, "amount_spent_on_completing_the_infrastructure": null, "amount_spent_on_infrastructure_up_to_provisional_acceptance": null, "number_of_streetlights": null, "distance_covered_by_streetlights": null, "canton": null, "market_name": null }, "geometry": { "type": "Point", "coordinates": [ 0.11905, 10.934593 ] } },
{ "type": "Feature", "properties": { "id": 1076, "number": 495, "joint_subproject_number": 409, "title": "Construction d'un batiment scolaire de trois classes,bureau,magasin  + forage ", "type": "Forages photovoltaïques dans les établissements scolaires", "subproject_type_designation": "Infrastructure", "sector": "Eau–Hydraulique", "works_type": "Construction", "component": "COMPOSANTE 1.1", "projects": "COSO", "financiers": "Banque Mondiale", "status": "Réception provisoire 100.0%", "current_status_of_the_site": "Réception provisoire", "progress_percent": 0.0, "progress_value": 100.0, "estimated_cost": 20000000.0, "contract_amount_work_companies": 15734852.0, "total_contract_amount_paid": 15734852.0, "amount_of_the_care_and_maintenance_fund_expected": null, "care_and_maintenance_amount_on_village_account": null, "date_signature_contract_work_companies": "2025-03-06", "date_signature_contract_efme": null, "contract_companies_amount_for_efme": null, "date_signature_contract_controllers_in_SES": null, "date_of_signature_of_contract_for_construction_supervisors": null, "approval_date_cora": null, "launch_date": "2025-03-22", "expected_duration": 3.0, "expected_end_date": "2025-06-21", "work_completion_date": "2025-07-11", "date_of_technical_acceptance_of_work": "2025-07-11", "date_of_provisional_acceptance_of_work": "2025-08-13", "official_handover_date_to_community": null, "existence_of_maintenance_plan": false, "wave": "6", "number_of_classrooms": 0.0, "number_of_infrastructures": 1, "population": 1749.0, "direct_beneficiaries_men": 738.0, "direct_beneficiaries_women": 911.0, "women_s_group": "True", "youth_group": "True", "breeders_farmers_group": "True", "ethnic_minority_group": "True", "date_of_organization_of_the_social_audit": null, "number_of_participants_m_in_social_audit": null, "number_of_participants_w_in_social_audit": null, "number_of_participants_t_in_social_audit": null, "beneficiary_villages_count": 1, "beneficiary_villages": "4707", "list_of_villages_crossed_by_track_or_electrification": [ ], "infrastructure_changed": null, "infrastructure_deleted": false, "level_of_achievement_donation_certificate": null, "comments": null, "location_name": "KEREKETE", "latitude": 10.4833243, "longitude": 0.2093732, "hierarchy": "KEREKETE > GALANGASHIE > OTI 2 > OTI > SAVANES", "link_to_subproject": 1075.0, "depth_of_drilling": null, "drilling_flow_rate": null, "number_of_latrine_blocks": null, "has_latrine_blocs": null, "storage_capacity": null, "official_handover_date_to_sector": null, "length_of_the_track": null, "extension_length": null, "number_of_drinking_fountains": null, "estimated_number_of_beneficiaries": null, "refugee_and_internally_displaced_persons_group": null, "has_fence": null, "number_of_sections_of_track_developed": null, "amount_of_the_controllers_contract_in_SES": null, "amount_of_the_contract_for_construction_supervisors": null, "date_signature_contract_facilitator": null, "amount_of_the_facilitator_contract": null, "amount_spent_on_completing_the_infrastructure": null, "amount_spent_on_infrastructure_up_to_provisional_acceptance": null, "number_of_streetlights": null, "distance_covered_by_streetlights": null, "canton": null, "market_name": null }, "geometry": { "type": "Point", "coordinates": [ 0.2093732, 10.4833243 ] } },
{ "type": "Feature", "properties": { "id": 1080, "number": 499, "joint_subproject_number": 412, "title": "Construction d'un batiment scolaire à l'EPP avec forage", "type": "Forages photovoltaïques dans les établissements scolaires", "subproject_type_designation": "Infrastructure", "sector": "Eau–Hydraulique", "works_type": "Construction", "component": "COMPOSANTE 1.1", "projects": "COSO", "financiers": "Banque Mondiale", "status": "Réception provisoire 100.0%", "current_status_of_the_site": "Réception provisoire", "progress_percent": 0.0, "progress_value": 100.0, "estimated_cost": 20000000.0, "contract_amount_work_companies": 14498465.0, "total_contract_amount_paid": 14498465.0, "amount_of_the_care_and_maintenance_fund_expected": null, "care_and_maintenance_amount_on_village_account": null, "date_signature_contract_work_companies": "2025-03-06", "date_signature_contract_efme": null, "contract_companies_amount_for_efme": null, "date_signature_contract_controllers_in_SES": null, "date_of_signature_of_contract_for_construction_supervisors": null, "approval_date_cora": null, "launch_date": "2025-03-22", "expected_duration": 3.0, "expected_end_date": "2025-06-21", "work_completion_date": "2025-07-10", "date_of_technical_acceptance_of_work": "2025-07-10", "date_of_provisional_acceptance_of_work": "2025-11-20", "official_handover_date_to_community": null, "existence_of_maintenance_plan": false, "wave": "6", "number_of_classrooms": 0.0, "number_of_infrastructures": 1, "population": 567.0, "direct_beneficiaries_men": 225.0, "direct_beneficiaries_women": 342.0, "women_s_group": "True", "youth_group": "True", "breeders_farmers_group": "True", "ethnic_minority_group": "True", "date_of_organization_of_the_social_audit": null, "number_of_participants_m_in_social_audit": null, "number_of_participants_w_in_social_audit": null, "number_of_participants_t_in_social_audit": null, "beneficiary_villages_count": 1, "beneficiary_villages": "4713", "list_of_villages_crossed_by_track_or_electrification": [ ], "infrastructure_changed": null, "infrastructure_deleted": false, "level_of_achievement_donation_certificate": null, "comments": null, "location_name": "TAMBINAMONE", "latitude": null, "longitude": null, "hierarchy": "TAMBINAMONE > GALANGASHIE > OTI 2 > OTI > SAVANES", "link_to_subproject": 1079.0, "depth_of_drilling": null, "drilling_flow_rate": null, "number_of_latrine_blocks": null, "has_latrine_blocs": null, "storage_capacity": null, "official_handover_date_to_sector": null, "length_of_the_track": null, "extension_length": null, "number_of_drinking_fountains": null, "estimated_number_of_beneficiaries": null, "refugee_and_internally_displaced_persons_group": null, "has_fence": null, "number_of_sections_of_track_developed": null, "amount_of_the_controllers_contract_in_SES": null, "amount_of_the_contract_for_construction_supervisors": null, "date_signature_contract_facilitator": null, "amount_of_the_facilitator_contract": null, "amount_spent_on_completing_the_infrastructure": null, "amount_spent_on_infrastructure_up_to_provisional_acceptance": null, "number_of_streetlights": null, "distance_covered_by_streetlights": null, "canton": null, "market_name": null }, "geometry": null },
{ "type": "Feature", "properties": { "id": 1082, "number": 501, "joint_subproject_number": 413, "title": "Construction d'un batiment scolaire à l'EPP avec forage", "type": "Forages photovoltaïques dans les établissements scolaires", "subproject_type_designation": "Infrastructure", "sector": "Eau–Hydraulique", "works_type": "Construction", "component": "COMPOSANTE 1.1", "projects": "COSO", "financiers": "Banque Mondiale", "status": "Réception provisoire 100.0%", "current_status_of_the_site": "Réception provisoire", "progress_percent": 0.0, "progress_value": 100.0, "estimated_cost": 20000000.0, "contract_amount_work_companies": 14005745.0, "total_contract_amount_paid": 14005745.0, "amount_of_the_care_and_maintenance_fund_expected": null, "care_and_maintenance_amount_on_village_account": null, "date_signature_contract_work_companies": "2025-09-29", "date_signature_contract_efme": null, "contract_companies_amount_for_efme": null, "date_signature_contract_controllers_in_SES": null, "date_of_signature_of_contract_for_construction_supervisors": null, "approval_date_cora": null, "launch_date": "2025-10-11", "expected_duration": 3.0, "expected_end_date": "2026-01-11", "work_completion_date": "2026-03-12", "date_of_technical_acceptance_of_work": null, "date_of_provisional_acceptance_of_work": "2026-03-18", "official_handover_date_to_community": null, "existence_of_maintenance_plan": false, "wave": "6", "number_of_classrooms": 0.0, "number_of_infrastructures": 1, "population": 388.0, "direct_beneficiaries_men": 173.0, "direct_beneficiaries_women": 215.0, "women_s_group": null, "youth_group": "True", "breeders_farmers_group": null, "ethnic_minority_group": null, "date_of_organization_of_the_social_audit": null, "number_of_participants_m_in_social_audit": null, "number_of_participants_w_in_social_audit": null, "number_of_participants_t_in_social_audit": null, "beneficiary_villages_count": 1, "beneficiary_villages": "4717", "list_of_villages_crossed_by_track_or_electrification": [ ], "infrastructure_changed": null, "infrastructure_deleted": false, "level_of_achievement_donation_certificate": null, "comments": null, "location_name": "KOUWAKOU", "latitude": null, "longitude": null, "hierarchy": "KOUWAKOU > GALANGASHIE > OTI 2 > OTI > SAVANES", "link_to_subproject": 1081.0, "depth_of_drilling": null, "drilling_flow_rate": null, "number_of_latrine_blocks": null, "has_latrine_blocs": null, "storage_capacity": null, "official_handover_date_to_sector": null, "length_of_the_track": null, "extension_length": null, "number_of_drinking_fountains": null, "estimated_number_of_beneficiaries": null, "refugee_and_internally_displaced_persons_group": null, "has_fence": null, "number_of_sections_of_track_developed": null, "amount_of_the_controllers_contract_in_SES": null, "amount_of_the_contract_for_construction_supervisors": null, "date_signature_contract_facilitator": null, "amount_of_the_facilitator_contract": null, "amount_spent_on_completing_the_infrastructure": null, "amount_spent_on_infrastructure_up_to_provisional_acceptance": null, "number_of_streetlights": null, "distance_covered_by_streetlights": null, "canton": null, "market_name": null }, "geometry": null },
{ "type": "Feature", "properties": { "id": 1087, "number": 506, "joint_subproject_number": 417, "title": "construcion d'un centre communautaire", "type": "Forage Photovoltaïque (Centre communautaire)", "subproject_type_designation": "Infrastructure", "sector": "Eau–Hydraulique", "works_type": "Construction", "component": "COMPOSANTE 1.1", "projects": "COSO", "financiers": "Banque Mondiale", "status": "Réception provisoire 100.0%", "current_status_of_the_site": "Réception provisoire", "progress_percent": 0.0, "progress_value": 100.0, "estimated_cost": 20000000.0, "contract_amount_work_companies": 13191793.0, "total_contract_amount_paid": 13191793.0, "amount_of_the_care_and_maintenance_fund_expected": null, "care_and_maintenance_amount_on_village_account": null, "date_signature_contract_work_companies": "2024-11-01", "date_signature_contract_efme": null, "contract_companies_amount_for_efme": null, "date_signature_contract_controllers_in_SES": null, "date_of_signature_of_contract_for_construction_supervisors": null, "approval_date_cora": null, "launch_date": "2025-01-20", "expected_duration": 3.0, "expected_end_date": "2025-04-20", "work_completion_date": "2025-09-08", "date_of_technical_acceptance_of_work": "2025-09-29", "date_of_provisional_acceptance_of_work": "2025-10-29", "official_handover_date_to_community": null, "existence_of_maintenance_plan": false, "wave": "6", "number_of_classrooms": 0.0, "number_of_infrastructures": 1, "population": 519.0, "direct_beneficiaries_men": 219.0, "direct_beneficiaries_women": 300.0, "women_s_group": "True", "youth_group": "True", "breeders_farmers_group": "True", "ethnic_minority_group": null, "date_of_organization_of_the_social_audit": null, "number_of_participants_m_in_social_audit": null, "number_of_participants_w_in_social_audit": null, "number_of_participants_t_in_social_audit": null, "beneficiary_villages_count": 1, "beneficiary_villages": "4716", "list_of_villages_crossed_by_track_or_electrification": [ ], "infrastructure_changed": null, "infrastructure_deleted": false, "level_of_achievement_donation_certificate": null, "comments": null, "location_name": "KPANDJINI", "latitude": 10.5348583, "longitude": 0.32996, "hierarchy": "KPANDJINI > GALANGASHIE > OTI 2 > OTI > SAVANES", "link_to_subproject": 1086.0, "depth_of_drilling": null, "drilling_flow_rate": null, "number_of_latrine_blocks": null, "has_latrine_blocs": null, "storage_capacity": null, "official_handover_date_to_sector": null, "length_of_the_track": null, "extension_length": null, "number_of_drinking_fountains": null, "estimated_number_of_beneficiaries": null, "refugee_and_internally_displaced_persons_group": null, "has_fence": null, "number_of_sections_of_track_developed": null, "amount_of_the_controllers_contract_in_SES": null, "amount_of_the_contract_for_construction_supervisors": null, "date_signature_contract_facilitator": null, "amount_of_the_facilitator_contract": null, "amount_spent_on_completing_the_infrastructure": null, "amount_spent_on_infrastructure_up_to_provisional_acceptance": null, "number_of_streetlights": null, "distance_covered_by_streetlights": null, "canton": null, "market_name": null }, "geometry": { "type": "Point", "coordinates": [ 0.32996, 10.5348583 ] } },
{ "type": "Feature", "properties": { "id": 1093, "number": 512, "joint_subproject_number": 422, "title": "Construction d'un bâtiment scolaire de trois salles de classe+bureau+ magasin  avec forage à l'EPP NABILE  B", "type": "Forages photovoltaïques dans les établissements scolaires", "subproject_type_designation": "Infrastructure", "sector": "Eau–Hydraulique", "works_type": "Construction", "component": "COMPOSANTE 1.1", "projects": "COSO", "financiers": "Banque Mondiale", "status": "Réception provisoire 100.0%", "current_status_of_the_site": "Réception provisoire", "progress_percent": 100.0, "progress_value": 100.0, "estimated_cost": 20000000.0, "contract_amount_work_companies": 13225385.0, "total_contract_amount_paid": 13225385.0, "amount_of_the_care_and_maintenance_fund_expected": null, "care_and_maintenance_amount_on_village_account": 75000.0, "date_signature_contract_work_companies": "2025-06-13", "date_signature_contract_efme": null, "contract_companies_amount_for_efme": null, "date_signature_contract_controllers_in_SES": null, "date_of_signature_of_contract_for_construction_supervisors": null, "approval_date_cora": null, "launch_date": "2025-06-28", "expected_duration": 3.0, "expected_end_date": "2025-09-28", "work_completion_date": "2025-11-15", "date_of_technical_acceptance_of_work": "2025-12-02", "date_of_provisional_acceptance_of_work": "2025-12-09", "official_handover_date_to_community": null, "existence_of_maintenance_plan": false, "wave": "6", "number_of_classrooms": 0.0, "number_of_infrastructures": 1, "population": 1768.0, "direct_beneficiaries_men": 824.0, "direct_beneficiaries_women": 944.0, "women_s_group": "True", "youth_group": "True", "breeders_farmers_group": "True", "ethnic_minority_group": "True", "date_of_organization_of_the_social_audit": null, "number_of_participants_m_in_social_audit": null, "number_of_participants_w_in_social_audit": null, "number_of_participants_t_in_social_audit": null, "beneficiary_villages_count": 1, "beneficiary_villages": "4591", "list_of_villages_crossed_by_track_or_electrification": [ ], "infrastructure_changed": null, "infrastructure_deleted": false, "level_of_achievement_donation_certificate": null, "comments": null, "location_name": "NABILE", "latitude": null, "longitude": null, "hierarchy": "NABILE > GANDO > OTI SUD 1 > OTI SUD > SAVANES", "link_to_subproject": 1092.0, "depth_of_drilling": null, "drilling_flow_rate": null, "number_of_latrine_blocks": null, "has_latrine_blocs": null, "storage_capacity": null, "official_handover_date_to_sector": null, "length_of_the_track": null, "extension_length": null, "number_of_drinking_fountains": null, "estimated_number_of_beneficiaries": 1700.0, "refugee_and_internally_displaced_persons_group": null, "has_fence": null, "number_of_sections_of_track_developed": null, "amount_of_the_controllers_contract_in_SES": null, "amount_of_the_contract_for_construction_supervisors": null, "date_signature_contract_facilitator": null, "amount_of_the_facilitator_contract": null, "amount_spent_on_completing_the_infrastructure": null, "amount_spent_on_infrastructure_up_to_provisional_acceptance": null, "number_of_streetlights": null, "distance_covered_by_streetlights": null, "canton": null, "market_name": null }, "geometry": null },
{ "type": "Feature", "properties": { "id": 1101, "number": 520, "joint_subproject_number": 428, "title": "Appui à la construction d'un batiment scolaire de 03 classes, un bureau et magasin à l'EPP Nadjankarkou, avec forage", "type": "Forages photovoltaïques dans les établissements scolaires", "subproject_type_designation": "Infrastructure", "sector": "Eau–Hydraulique", "works_type": "Construction", "component": "COMPOSANTE 1.1", "projects": "COSO", "financiers": "Banque Mondiale", "status": "Réception provisoire 100.0%", "current_status_of_the_site": "Réception provisoire", "progress_percent": 0.0, "progress_value": 100.0, "estimated_cost": 20000000.0, "contract_amount_work_companies": 13225385.0, "total_contract_amount_paid": 13225385.0, "amount_of_the_care_and_maintenance_fund_expected": null, "care_and_maintenance_amount_on_village_account": null, "date_signature_contract_work_companies": "2025-04-15", "date_signature_contract_efme": null, "contract_companies_amount_for_efme": null, "date_signature_contract_controllers_in_SES": null, "date_of_signature_of_contract_for_construction_supervisors": null, "approval_date_cora": null, "launch_date": "2025-04-28", "expected_duration": 3.0, "expected_end_date": "2025-07-28", "work_completion_date": "2025-10-13", "date_of_technical_acceptance_of_work": "2025-10-16", "date_of_provisional_acceptance_of_work": "2025-10-22", "official_handover_date_to_community": null, "existence_of_maintenance_plan": false, "wave": "6", "number_of_classrooms": 0.0, "number_of_infrastructures": 1, "population": 724.0, "direct_beneficiaries_men": 324.0, "direct_beneficiaries_women": 390.0, "women_s_group": "True", "youth_group": "True", "breeders_farmers_group": null, "ethnic_minority_group": null, "date_of_organization_of_the_social_audit": "2026-01-22", "number_of_participants_m_in_social_audit": 43.0, "number_of_participants_w_in_social_audit": 81.0, "number_of_participants_t_in_social_audit": 124.0, "beneficiary_villages_count": 1, "beneficiary_villages": "4599", "list_of_villages_crossed_by_track_or_electrification": [ ], "infrastructure_changed": null, "infrastructure_deleted": false, "level_of_achievement_donation_certificate": null, "comments": null, "location_name": "NADJANKARKOU", "latitude": 0.0, "longitude": 0.0, "hierarchy": "NADJANKARKOU > GANDO > OTI SUD 1 > OTI SUD > SAVANES", "link_to_subproject": 1100.0, "depth_of_drilling": null, "drilling_flow_rate": null, "number_of_latrine_blocks": null, "has_latrine_blocs": null, "storage_capacity": null, "official_handover_date_to_sector": null, "length_of_the_track": null, "extension_length": null, "number_of_drinking_fountains": null, "estimated_number_of_beneficiaries": 830.0, "refugee_and_internally_displaced_persons_group": null, "has_fence": null, "number_of_sections_of_track_developed": null, "amount_of_the_controllers_contract_in_SES": null, "amount_of_the_contract_for_construction_supervisors": null, "date_signature_contract_facilitator": null, "amount_of_the_facilitator_contract": null, "amount_spent_on_completing_the_infrastructure": null, "amount_spent_on_infrastructure_up_to_provisional_acceptance": null, "number_of_streetlights": null, "distance_covered_by_streetlights": null, "canton": null, "market_name": null }, "geometry": { "type": "Point", "coordinates": [ 0.0, 0.0 ] } },
{ "type": "Feature", "properties": { "id": 1104, "number": 523, "joint_subproject_number": 430, "title": "Construction et équipement d'un bâtiment scolaire de 3 classes avec bureau, magasin, latrines et d'un forage photovoltaïque à l'EPP Sakou", "type": "Forages photovoltaïques dans les établissements scolaires", "subproject_type_designation": "Infrastructure", "sector": "Eau–Hydraulique", "works_type": "Construction", "component": "COMPOSANTE 1.1", "projects": "COSO", "financiers": "Banque Mondiale", "status": "Réception provisoire 100.0%", "current_status_of_the_site": "Réception provisoire", "progress_percent": 100.0, "progress_value": 100.0, "estimated_cost": 20000000.0, "contract_amount_work_companies": 13944156.0, "total_contract_amount_paid": 13944156.0, "amount_of_the_care_and_maintenance_fund_expected": null, "care_and_maintenance_amount_on_village_account": null, "date_signature_contract_work_companies": "2025-04-09", "date_signature_contract_efme": null, "contract_companies_amount_for_efme": null, "date_signature_contract_controllers_in_SES": null, "date_of_signature_of_contract_for_construction_supervisors": null, "approval_date_cora": null, "launch_date": null, "expected_duration": 3.0, "expected_end_date": null, "work_completion_date": "2025-09-29", "date_of_technical_acceptance_of_work": "2025-10-01", "date_of_provisional_acceptance_of_work": "2025-10-01", "official_handover_date_to_community": null, "existence_of_maintenance_plan": false, "wave": "6", "number_of_classrooms": 0.0, "number_of_infrastructures": 1, "population": 834.0, "direct_beneficiaries_men": 456.0, "direct_beneficiaries_women": 378.0, "women_s_group": "True", "youth_group": "True", "breeders_farmers_group": "True", "ethnic_minority_group": "True", "date_of_organization_of_the_social_audit": null, "number_of_participants_m_in_social_audit": null, "number_of_participants_w_in_social_audit": null, "number_of_participants_t_in_social_audit": null, "beneficiary_villages_count": 1, "beneficiary_villages": "4601", "list_of_villages_crossed_by_track_or_electrification": [ ], "infrastructure_changed": null, "infrastructure_deleted": false, "level_of_achievement_donation_certificate": null, "comments": null, "location_name": "SAKOU", "latitude": null, "longitude": null, "hierarchy": "SAKOU > GANDO > OTI SUD 1 > OTI SUD > SAVANES", "link_to_subproject": 1103.0, "depth_of_drilling": null, "drilling_flow_rate": null, "number_of_latrine_blocks": null, "has_latrine_blocs": null, "storage_capacity": null, "official_handover_date_to_sector": null, "length_of_the_track": null, "extension_length": null, "number_of_drinking_fountains": null, "estimated_number_of_beneficiaries": 834.0, "refugee_and_internally_displaced_persons_group": null, "has_fence": null, "number_of_sections_of_track_developed": null, "amount_of_the_controllers_contract_in_SES": null, "amount_of_the_contract_for_construction_supervisors": null, "date_signature_contract_facilitator": null, "amount_of_the_facilitator_contract": null, "amount_spent_on_completing_the_infrastructure": null, "amount_spent_on_infrastructure_up_to_provisional_acceptance": null, "number_of_streetlights": null, "distance_covered_by_streetlights": null, "canton": null, "market_name": null }, "geometry": null },
{ "type": "Feature", "properties": { "id": 1109, "number": 528, "joint_subproject_number": 433, "title": "Construction d'un bâtiment pour le préscolaire au JEP Djèbouri ", "type": "Forages photovoltaïques dans les établissements scolaires", "subproject_type_designation": "Infrastructure", "sector": "Eau–Hydraulique", "works_type": "Construction", "component": "COMPOSANTE 1.1", "projects": "COSO", "financiers": "Banque Mondiale", "status": "Réception provisoire 100.0%", "current_status_of_the_site": "Réception provisoire", "progress_percent": 0.0, "progress_value": 100.0, "estimated_cost": 20000000.0, "contract_amount_work_companies": 13225385.0, "total_contract_amount_paid": 13225385.0, "amount_of_the_care_and_maintenance_fund_expected": null, "care_and_maintenance_amount_on_village_account": null, "date_signature_contract_work_companies": "2025-06-13", "date_signature_contract_efme": null, "contract_companies_amount_for_efme": null, "date_signature_contract_controllers_in_SES": null, "date_of_signature_of_contract_for_construction_supervisors": null, "approval_date_cora": null, "launch_date": "2025-06-28", "expected_duration": 3.0, "expected_end_date": "2025-09-28", "work_completion_date": "2025-12-02", "date_of_technical_acceptance_of_work": "2025-12-03", "date_of_provisional_acceptance_of_work": "2025-12-09", "official_handover_date_to_community": null, "existence_of_maintenance_plan": false, "wave": "6", "number_of_classrooms": 0.0, "number_of_infrastructures": 1, "population": 2400.0, "direct_beneficiaries_men": 1342.0, "direct_beneficiaries_women": 1560.0, "women_s_group": "True", "youth_group": "True", "breeders_farmers_group": "True", "ethnic_minority_group": "True", "date_of_organization_of_the_social_audit": null, "number_of_participants_m_in_social_audit": null, "number_of_participants_w_in_social_audit": null, "number_of_participants_t_in_social_audit": null, "beneficiary_villages_count": 1, "beneficiary_villages": "4609", "list_of_villages_crossed_by_track_or_electrification": [ ], "infrastructure_changed": null, "infrastructure_deleted": false, "level_of_achievement_donation_certificate": null, "comments": null, "location_name": "DJEBOURI", "latitude": null, "longitude": null, "hierarchy": "DJEBOURI > GANDO > OTI SUD 1 > OTI SUD > SAVANES", "link_to_subproject": 1108.0, "depth_of_drilling": null, "drilling_flow_rate": null, "number_of_latrine_blocks": null, "has_latrine_blocs": null, "storage_capacity": null, "official_handover_date_to_sector": null, "length_of_the_track": null, "extension_length": null, "number_of_drinking_fountains": null, "estimated_number_of_beneficiaries": 2400.0, "refugee_and_internally_displaced_persons_group": null, "has_fence": null, "number_of_sections_of_track_developed": null, "amount_of_the_controllers_contract_in_SES": null, "amount_of_the_contract_for_construction_supervisors": null, "date_signature_contract_facilitator": null, "amount_of_the_facilitator_contract": null, "amount_spent_on_completing_the_infrastructure": null, "amount_spent_on_infrastructure_up_to_provisional_acceptance": null, "number_of_streetlights": null, "distance_covered_by_streetlights": null, "canton": null, "market_name": null }, "geometry": null },
{ "type": "Feature", "properties": { "id": 1112, "number": 531, "joint_subproject_number": 435, "title": "Construction et équipement d'un batiment scolaire + forage pour le jardin d'enfants JEP de Djé-Djabou", "type": "Forages photovoltaïques dans les établissements scolaires", "subproject_type_designation": "Infrastructure", "sector": "Eau–Hydraulique", "works_type": "Construction", "component": "COMPOSANTE 1.1", "projects": "COSO", "financiers": "Banque Mondiale", "status": "Réception définitive 100.0%", "current_status_of_the_site": "Réception définitive", "progress_percent": 0.0, "progress_value": 100.0, "estimated_cost": 20000000.0, "contract_amount_work_companies": 14540043.0, "total_contract_amount_paid": 14540043.0, "amount_of_the_care_and_maintenance_fund_expected": 393000.0, "care_and_maintenance_amount_on_village_account": 3930000.0, "date_signature_contract_work_companies": "2024-10-17", "date_signature_contract_efme": "2024-10-18", "contract_companies_amount_for_efme": null, "date_signature_contract_controllers_in_SES": "2024-10-18", "date_of_signature_of_contract_for_construction_supervisors": "2024-10-18", "approval_date_cora": "2024-11-16", "launch_date": "2024-10-17", "expected_duration": 3.0, "expected_end_date": "2025-01-17", "work_completion_date": "2025-01-28", "date_of_technical_acceptance_of_work": "2025-01-28", "date_of_provisional_acceptance_of_work": "2025-02-06", "official_handover_date_to_community": "2026-03-18", "existence_of_maintenance_plan": true, "wave": "6", "number_of_classrooms": 0.0, "number_of_infrastructures": 1, "population": 1987.0, "direct_beneficiaries_men": 594.0, "direct_beneficiaries_women": 763.0, "women_s_group": "True", "youth_group": "True", "breeders_farmers_group": "True", "ethnic_minority_group": "True", "date_of_organization_of_the_social_audit": "2025-11-19", "number_of_participants_m_in_social_audit": 24.0, "number_of_participants_w_in_social_audit": 50.0, "number_of_participants_t_in_social_audit": 74.0, "beneficiary_villages_count": 1, "beneficiary_villages": "4611", "list_of_villages_crossed_by_track_or_electrification": [ ], "infrastructure_changed": null, "infrastructure_deleted": false, "level_of_achievement_donation_certificate": "Niveau Maire", "comments": null, "location_name": "DJE-DJABOU", "latitude": 10.3179254, "longitude": 0.7220782, "hierarchy": "DJE-DJABOU > GANDO > OTI SUD 1 > OTI SUD > SAVANES", "link_to_subproject": 1111.0, "depth_of_drilling": 85.0, "drilling_flow_rate": 3.0, "number_of_latrine_blocks": null, "has_latrine_blocs": null, "storage_capacity": null, "official_handover_date_to_sector": null, "length_of_the_track": null, "extension_length": null, "number_of_drinking_fountains": null, "estimated_number_of_beneficiaries": 1987.0, "refugee_and_internally_displaced_persons_group": null, "has_fence": null, "number_of_sections_of_track_developed": null, "amount_of_the_controllers_contract_in_SES": null, "amount_of_the_contract_for_construction_supervisors": null, "date_signature_contract_facilitator": null, "amount_of_the_facilitator_contract": null, "amount_spent_on_completing_the_infrastructure": null, "amount_spent_on_infrastructure_up_to_provisional_acceptance": null, "number_of_streetlights": null, "distance_covered_by_streetlights": null, "canton": null, "market_name": null }, "geometry": { "type": "Point", "coordinates": [ 0.7220782, 10.3179254 ] } },
{ "type": "Feature", "properties": { "id": 1115, "number": 534, "joint_subproject_number": 438, "title": "Réalisation d'un forage photovoltaique pour le maraichage", "type": "Forages photovoltaïques pour les activités maraîchères", "subproject_type_designation": "Subproject", "sector": "Eau–Hydraulique", "works_type": "Construction", "component": "COMPOSANTE 1.1", "projects": "COSO", "financiers": "Banque Mondiale", "status": "Réception provisoire 100.0%", "current_status_of_the_site": "Réception provisoire", "progress_percent": 0.0, "progress_value": 100.0, "estimated_cost": 20000000.0, "contract_amount_work_companies": 21167901.0, "total_contract_amount_paid": 21167901.0, "amount_of_the_care_and_maintenance_fund_expected": 250000.0, "care_and_maintenance_amount_on_village_account": 200000.0, "date_signature_contract_work_companies": "2025-05-21", "date_signature_contract_efme": null, "contract_companies_amount_for_efme": null, "date_signature_contract_controllers_in_SES": null, "date_of_signature_of_contract_for_construction_supervisors": null, "approval_date_cora": null, "launch_date": "2025-06-03", "expected_duration": 7.0, "expected_end_date": "2026-01-03", "work_completion_date": "2026-02-15", "date_of_technical_acceptance_of_work": "2026-02-26", "date_of_provisional_acceptance_of_work": "2026-02-26", "official_handover_date_to_community": null, "existence_of_maintenance_plan": true, "wave": "6", "number_of_classrooms": 0.0, "number_of_infrastructures": 1, "population": 2103.0, "direct_beneficiaries_men": 966.0, "direct_beneficiaries_women": 1106.0, "women_s_group": "True", "youth_group": "True", "breeders_farmers_group": "True", "ethnic_minority_group": "True", "date_of_organization_of_the_social_audit": null, "number_of_participants_m_in_social_audit": null, "number_of_participants_w_in_social_audit": null, "number_of_participants_t_in_social_audit": null, "beneficiary_villages_count": 1, "beneficiary_villages": "4595", "list_of_villages_crossed_by_track_or_electrification": [ ], "infrastructure_changed": null, "infrastructure_deleted": false, "level_of_achievement_donation_certificate": "Niveau chef village", "comments": null, "location_name": "WOGOU/VILLAGE", "latitude": 0.0, "longitude": 0.0, "hierarchy": "WOGOU/VILLAGE > GANDO > OTI SUD 1 > OTI SUD > SAVANES", "link_to_subproject": null, "depth_of_drilling": null, "drilling_flow_rate": null, "number_of_latrine_blocks": null, "has_latrine_blocs": null, "storage_capacity": null, "official_handover_date_to_sector": null, "length_of_the_track": null, "extension_length": null, "number_of_drinking_fountains": null, "estimated_number_of_beneficiaries": null, "refugee_and_internally_displaced_persons_group": null, "has_fence": null, "number_of_sections_of_track_developed": null, "amount_of_the_controllers_contract_in_SES": null, "amount_of_the_contract_for_construction_supervisors": null, "date_signature_contract_facilitator": null, "amount_of_the_facilitator_contract": null, "amount_spent_on_completing_the_infrastructure": null, "amount_spent_on_infrastructure_up_to_provisional_acceptance": null, "number_of_streetlights": null, "distance_covered_by_streetlights": null, "canton": null, "market_name": null }, "geometry": { "type": "Point", "coordinates": [ 0.0, 0.0 ] } },
{ "type": "Feature", "properties": { "id": 1116, "number": 535, "joint_subproject_number": 439, "title": "Réalisation d'un forage photovoltaique pour le maraichage et abreuvement des animaux", "type": "Forages photovoltaïques pour les activités maraîchères", "subproject_type_designation": "Subproject", "sector": "Eau–Hydraulique", "works_type": "Construction", "component": "COMPOSANTE 1.1", "projects": "COSO", "financiers": "Banque Mondiale", "status": "Réception provisoire 100.0%", "current_status_of_the_site": "Réception provisoire", "progress_percent": 100.0, "progress_value": 100.0, "estimated_cost": 20000000.0, "contract_amount_work_companies": 22556248.0, "total_contract_amount_paid": 22556248.0, "amount_of_the_care_and_maintenance_fund_expected": null, "care_and_maintenance_amount_on_village_account": 150000.0, "date_signature_contract_work_companies": "2025-05-09", "date_signature_contract_efme": null, "contract_companies_amount_for_efme": null, "date_signature_contract_controllers_in_SES": null, "date_of_signature_of_contract_for_construction_supervisors": null, "approval_date_cora": "2024-02-16", "launch_date": "2025-05-21", "expected_duration": 3.0, "expected_end_date": "2025-08-21", "work_completion_date": "2025-08-28", "date_of_technical_acceptance_of_work": "2025-08-28", "date_of_provisional_acceptance_of_work": "2025-08-28", "official_handover_date_to_community": null, "existence_of_maintenance_plan": false, "wave": "6", "number_of_classrooms": 0.0, "number_of_infrastructures": 1, "population": 564.0, "direct_beneficiaries_men": 257.0, "direct_beneficiaries_women": 307.0, "women_s_group": "True", "youth_group": "True", "breeders_farmers_group": "True", "ethnic_minority_group": "True", "date_of_organization_of_the_social_audit": "2025-11-24", "number_of_participants_m_in_social_audit": 36.0, "number_of_participants_w_in_social_audit": 69.0, "number_of_participants_t_in_social_audit": 105.0, "beneficiary_villages_count": 1, "beneficiary_villages": "4598", "list_of_villages_crossed_by_track_or_electrification": [ ], "infrastructure_changed": null, "infrastructure_deleted": false, "level_of_achievement_donation_certificate": null, "comments": null, "location_name": "GBATENI", "latitude": 10.2540124, "longitude": 0.7433078, "hierarchy": "GBATENI > GANDO > OTI SUD 1 > OTI SUD > SAVANES", "link_to_subproject": null, "depth_of_drilling": null, "drilling_flow_rate": null, "number_of_latrine_blocks": null, "has_latrine_blocs": null, "storage_capacity": null, "official_handover_date_to_sector": null, "length_of_the_track": null, "extension_length": null, "number_of_drinking_fountains": null, "estimated_number_of_beneficiaries": 564.0, "refugee_and_internally_displaced_persons_group": null, "has_fence": null, "number_of_sections_of_track_developed": null, "amount_of_the_controllers_contract_in_SES": null, "amount_of_the_contract_for_construction_supervisors": null, "date_signature_contract_facilitator": null, "amount_of_the_facilitator_contract": null, "amount_spent_on_completing_the_infrastructure": 22556248.0, "amount_spent_on_infrastructure_up_to_provisional_acceptance": 22556248.0, "number_of_streetlights": null, "distance_covered_by_streetlights": null, "canton": null, "market_name": null }, "geometry": { "type": "Point", "coordinates": [ 0.7433078, 10.2540124 ] } },
{ "type": "Feature", "properties": { "id": 1117, "number": 536, "joint_subproject_number": 440, "title": "Réalisation d'un forage photovoltaique pour le maraichage", "type": "Forages photovoltaïques pour les activités maraîchères", "subproject_type_designation": "Subproject", "sector": "Eau–Hydraulique", "works_type": "Construction", "component": "COMPOSANTE 1.1", "projects": "COSO", "financiers": "Banque Mondiale", "status": "Réception provisoire 100.0%", "current_status_of_the_site": "Réception provisoire", "progress_percent": 100.0, "progress_value": 100.0, "estimated_cost": 20000000.0, "contract_amount_work_companies": 22556248.0, "total_contract_amount_paid": 22556248.0, "amount_of_the_care_and_maintenance_fund_expected": null, "care_and_maintenance_amount_on_village_account": null, "date_signature_contract_work_companies": "2025-08-08", "date_signature_contract_efme": null, "contract_companies_amount_for_efme": null, "date_signature_contract_controllers_in_SES": null, "date_of_signature_of_contract_for_construction_supervisors": null, "approval_date_cora": "2024-02-16", "launch_date": null, "expected_duration": 3.0, "expected_end_date": null, "work_completion_date": "2026-04-01", "date_of_technical_acceptance_of_work": "2026-03-10", "date_of_provisional_acceptance_of_work": "2026-04-18", "official_handover_date_to_community": null, "existence_of_maintenance_plan": false, "wave": "6", "number_of_classrooms": 0.0, "number_of_infrastructures": 1, "population": 450.0, "direct_beneficiaries_men": 210.0, "direct_beneficiaries_women": 240.0, "women_s_group": "True", "youth_group": "True", "breeders_farmers_group": "True", "ethnic_minority_group": "True", "date_of_organization_of_the_social_audit": "2026-04-01", "number_of_participants_m_in_social_audit": 32.0, "number_of_participants_w_in_social_audit": 54.0, "number_of_participants_t_in_social_audit": 86.0, "beneficiary_villages_count": 1, "beneficiary_villages": "4602", "list_of_villages_crossed_by_track_or_electrification": [ ], "infrastructure_changed": null, "infrastructure_deleted": false, "level_of_achievement_donation_certificate": null, "comments": null, "location_name": "NAKPATI", "latitude": 10.3497677, "longitude": 0.8183641, "hierarchy": "NAKPATI > GANDO > OTI SUD 1 > OTI SUD > SAVANES", "link_to_subproject": null, "depth_of_drilling": null, "drilling_flow_rate": null, "number_of_latrine_blocks": null, "has_latrine_blocs": null, "storage_capacity": null, "official_handover_date_to_sector": null, "length_of_the_track": null, "extension_length": null, "number_of_drinking_fountains": null, "estimated_number_of_beneficiaries": null, "refugee_and_internally_displaced_persons_group": null, "has_fence": null, "number_of_sections_of_track_developed": null, "amount_of_the_controllers_contract_in_SES": null, "amount_of_the_contract_for_construction_supervisors": null, "date_signature_contract_facilitator": null, "amount_of_the_facilitator_contract": null, "amount_spent_on_completing_the_infrastructure": 22469715.0, "amount_spent_on_infrastructure_up_to_provisional_acceptance": 22469715.0, "number_of_streetlights": null, "distance_covered_by_streetlights": null, "canton": null, "market_name": null }, "geometry": { "type": "Point", "coordinates": [ 0.8183641, 10.3497677 ] } },
{ "type": "Feature", "properties": { "id": 1120, "number": 539, "joint_subproject_number": 442, "title": "Construction d'un bâtiment scolaire de trois (3) classes, bureau , magasin et forage photovoltaïque", "type": "Forages photovoltaïques dans les établissements scolaires", "subproject_type_designation": "Infrastructure", "sector": "Eau–Hydraulique", "works_type": "Construction", "component": "COMPOSANTE 1.1", "projects": "COSO", "financiers": "Banque Mondiale", "status": "Réception provisoire 100.0%", "current_status_of_the_site": "Réception provisoire", "progress_percent": 0.0, "progress_value": 100.0, "estimated_cost": 20000000.0, "contract_amount_work_companies": 13225385.0, "total_contract_amount_paid": 13225385.0, "amount_of_the_care_and_maintenance_fund_expected": null, "care_and_maintenance_amount_on_village_account": null, "date_signature_contract_work_companies": null, "date_signature_contract_efme": null, "contract_companies_amount_for_efme": null, "date_signature_contract_controllers_in_SES": null, "date_of_signature_of_contract_for_construction_supervisors": null, "approval_date_cora": null, "launch_date": "2024-10-15", "expected_duration": 3.0, "expected_end_date": "2025-05-16", "work_completion_date": "2025-10-20", "date_of_technical_acceptance_of_work": "2025-10-21", "date_of_provisional_acceptance_of_work": "2025-10-23", "official_handover_date_to_community": null, "existence_of_maintenance_plan": false, "wave": "6", "number_of_classrooms": 0.0, "number_of_infrastructures": 1, "population": 2822.0, "direct_beneficiaries_men": 904.0, "direct_beneficiaries_women": 1880.0, "women_s_group": "True", "youth_group": "True", "breeders_farmers_group": null, "ethnic_minority_group": "True", "date_of_organization_of_the_social_audit": null, "number_of_participants_m_in_social_audit": null, "number_of_participants_w_in_social_audit": null, "number_of_participants_t_in_social_audit": null, "beneficiary_villages_count": 1, "beneficiary_villages": "4682", "list_of_villages_crossed_by_track_or_electrification": [ ], "infrastructure_changed": null, "infrastructure_deleted": false, "level_of_achievement_donation_certificate": null, "comments": null, "location_name": "FIEGOU", "latitude": null, "longitude": null, "hierarchy": "FIEGOU > MOGOU > OTI SUD 1 > OTI SUD > SAVANES", "link_to_subproject": 1119.0, "depth_of_drilling": null, "drilling_flow_rate": null, "number_of_latrine_blocks": null, "has_latrine_blocs": null, "storage_capacity": null, "official_handover_date_to_sector": null, "length_of_the_track": null, "extension_length": null, "number_of_drinking_fountains": null, "estimated_number_of_beneficiaries": null, "refugee_and_internally_displaced_persons_group": null, "has_fence": null, "number_of_sections_of_track_developed": null, "amount_of_the_controllers_contract_in_SES": null, "amount_of_the_contract_for_construction_supervisors": null, "date_signature_contract_facilitator": null, "amount_of_the_facilitator_contract": null, "amount_spent_on_completing_the_infrastructure": null, "amount_spent_on_infrastructure_up_to_provisional_acceptance": null, "number_of_streetlights": null, "distance_covered_by_streetlights": null, "canton": null, "market_name": null }, "geometry": null },
{ "type": "Feature", "properties": { "id": 1122, "number": 541, "joint_subproject_number": 443, "title": "Construction d'un bâtiment scolaire de quatre (4) classes, bureaun , magasin et forage au CEG TONTONDI", "type": "Forages photovoltaïques dans les établissements scolaires", "subproject_type_designation": "Infrastructure", "sector": "Eau–Hydraulique", "works_type": "Construction", "component": "COMPOSANTE 1.1", "projects": "COSO", "financiers": "Banque Mondiale", "status": "Achevé 100.0%", "current_status_of_the_site": "Achevé", "progress_percent": 0.0, "progress_value": 100.0, "estimated_cost": 20000000.0, "contract_amount_work_companies": 15297015.0, "total_contract_amount_paid": 15297015.0, "amount_of_the_care_and_maintenance_fund_expected": null, "care_and_maintenance_amount_on_village_account": 65000.0, "date_signature_contract_work_companies": "2025-10-01", "date_signature_contract_efme": null, "contract_companies_amount_for_efme": null, "date_signature_contract_controllers_in_SES": null, "date_of_signature_of_contract_for_construction_supervisors": null, "approval_date_cora": null, "launch_date": "2025-11-19", "expected_duration": 3.0, "expected_end_date": "2026-02-12", "work_completion_date": "2026-02-15", "date_of_technical_acceptance_of_work": null, "date_of_provisional_acceptance_of_work": null, "official_handover_date_to_community": null, "existence_of_maintenance_plan": false, "wave": "6", "number_of_classrooms": 0.0, "number_of_infrastructures": 1, "population": 1151.0, "direct_beneficiaries_men": 502.0, "direct_beneficiaries_women": 649.0, "women_s_group": "True", "youth_group": "True", "breeders_farmers_group": "True", "ethnic_minority_group": "True", "date_of_organization_of_the_social_audit": null, "number_of_participants_m_in_social_audit": null, "number_of_participants_w_in_social_audit": null, "number_of_participants_t_in_social_audit": null, "beneficiary_villages_count": 1, "beneficiary_villages": "4671", "list_of_villages_crossed_by_track_or_electrification": [ ], "infrastructure_changed": null, "infrastructure_deleted": false, "level_of_achievement_donation_certificate": null, "comments": null, "location_name": "TONTONDI", "latitude": null, "longitude": null, "hierarchy": "TONTONDI > MOGOU > OTI SUD 1 > OTI SUD > SAVANES", "link_to_subproject": 1121.0, "depth_of_drilling": null, "drilling_flow_rate": null, "number_of_latrine_blocks": null, "has_latrine_blocs": null, "storage_capacity": null, "official_handover_date_to_sector": null, "length_of_the_track": null, "extension_length": null, "number_of_drinking_fountains": null, "estimated_number_of_beneficiaries": 3000.0, "refugee_and_internally_displaced_persons_group": null, "has_fence": null, "number_of_sections_of_track_developed": null, "amount_of_the_controllers_contract_in_SES": null, "amount_of_the_contract_for_construction_supervisors": null, "date_signature_contract_facilitator": null, "amount_of_the_facilitator_contract": null, "amount_spent_on_completing_the_infrastructure": null, "amount_spent_on_infrastructure_up_to_provisional_acceptance": null, "number_of_streetlights": null, "distance_covered_by_streetlights": null, "canton": null, "market_name": null }, "geometry": null },
{ "type": "Feature", "properties": { "id": 1129, "number": 548, "joint_subproject_number": 448, "title": "Construction d'un JEP de deux (2) classes+forage photovoltaïque", "type": "Forages photovoltaïques dans les établissements scolaires", "subproject_type_designation": "Subproject", "sector": "Eau–Hydraulique", "works_type": "Construction", "component": "COMPOSANTE 1.1", "projects": "COSO", "financiers": "Banque Mondiale", "status": "Achevé 100.0%", "current_status_of_the_site": "Achevé", "progress_percent": 0.0, "progress_value": 100.0, "estimated_cost": 20000000.0, "contract_amount_work_companies": 15567331.0, "total_contract_amount_paid": 15567331.0, "amount_of_the_care_and_maintenance_fund_expected": null, "care_and_maintenance_amount_on_village_account": null, "date_signature_contract_work_companies": "2025-10-01", "date_signature_contract_efme": null, "contract_companies_amount_for_efme": null, "date_signature_contract_controllers_in_SES": null, "date_of_signature_of_contract_for_construction_supervisors": null, "approval_date_cora": null, "launch_date": "2025-10-08", "expected_duration": 3.0, "expected_end_date": "2026-01-08", "work_completion_date": "2026-02-15", "date_of_technical_acceptance_of_work": null, "date_of_provisional_acceptance_of_work": null, "official_handover_date_to_community": null, "existence_of_maintenance_plan": false, "wave": "6", "number_of_classrooms": 0.0, "number_of_infrastructures": 1, "population": 580.0, "direct_beneficiaries_men": 200.0, "direct_beneficiaries_women": 380.0, "women_s_group": "True", "youth_group": "True", "breeders_farmers_group": "True", "ethnic_minority_group": "True", "date_of_organization_of_the_social_audit": null, "number_of_participants_m_in_social_audit": null, "number_of_participants_w_in_social_audit": null, "number_of_participants_t_in_social_audit": null, "beneficiary_villages_count": 1, "beneficiary_villages": "4696", "list_of_villages_crossed_by_track_or_electrification": [ ], "infrastructure_changed": "True", "infrastructure_deleted": false, "level_of_achievement_donation_certificate": null, "comments": null, "location_name": "BAKANOU", "latitude": null, "longitude": null, "hierarchy": "BAKANOU > MOGOU > OTI SUD 1 > OTI SUD > SAVANES", "link_to_subproject": null, "depth_of_drilling": null, "drilling_flow_rate": null, "number_of_latrine_blocks": null, "has_latrine_blocs": null, "storage_capacity": null, "official_handover_date_to_sector": null, "length_of_the_track": null, "extension_length": null, "number_of_drinking_fountains": null, "estimated_number_of_beneficiaries": 500.0, "refugee_and_internally_displaced_persons_group": null, "has_fence": null, "number_of_sections_of_track_developed": null, "amount_of_the_controllers_contract_in_SES": null, "amount_of_the_contract_for_construction_supervisors": null, "date_signature_contract_facilitator": null, "amount_of_the_facilitator_contract": null, "amount_spent_on_completing_the_infrastructure": null, "amount_spent_on_infrastructure_up_to_provisional_acceptance": null, "number_of_streetlights": null, "distance_covered_by_streetlights": null, "canton": null, "market_name": null }, "geometry": null },
{ "type": "Feature", "properties": { "id": 1136, "number": 555, "joint_subproject_number": 455, "title": "Réalisation d'un foarge photovoltaique à de fin de maraichage", "type": "Forages photovoltaïques pour les activités maraîchères", "subproject_type_designation": "Subproject", "sector": "Eau–Hydraulique", "works_type": "Construction", "component": "COMPOSANTE 1.1", "projects": "COSO", "financiers": "Banque Mondiale", "status": "Réception provisoire 100.0%", "current_status_of_the_site": "Réception provisoire", "progress_percent": 0.0, "progress_value": 100.0, "estimated_cost": 20000000.0, "contract_amount_work_companies": 18604178.0, "total_contract_amount_paid": 18604178.0, "amount_of_the_care_and_maintenance_fund_expected": null, "care_and_maintenance_amount_on_village_account": 75000.0, "date_signature_contract_work_companies": "2025-03-19", "date_signature_contract_efme": null, "contract_companies_amount_for_efme": null, "date_signature_contract_controllers_in_SES": null, "date_of_signature_of_contract_for_construction_supervisors": null, "approval_date_cora": null, "launch_date": null, "expected_duration": 3.0, "expected_end_date": null, "work_completion_date": "2025-08-06", "date_of_technical_acceptance_of_work": "2025-08-14", "date_of_provisional_acceptance_of_work": "2025-08-14", "official_handover_date_to_community": null, "existence_of_maintenance_plan": false, "wave": "6", "number_of_classrooms": 0.0, "number_of_infrastructures": 1, "population": 448.0, "direct_beneficiaries_men": 198.0, "direct_beneficiaries_women": 250.0, "women_s_group": "True", "youth_group": null, "breeders_farmers_group": null, "ethnic_minority_group": "True", "date_of_organization_of_the_social_audit": "2025-12-11", "number_of_participants_m_in_social_audit": 34.0, "number_of_participants_w_in_social_audit": 33.0, "number_of_participants_t_in_social_audit": 67.0, "beneficiary_villages_count": 1, "beneficiary_villages": "4679", "list_of_villages_crossed_by_track_or_electrification": [ ], "infrastructure_changed": null, "infrastructure_deleted": false, "level_of_achievement_donation_certificate": null, "comments": null, "location_name": "NATCHITONI", "latitude": null, "longitude": null, "hierarchy": "NATCHITONI > MOGOU > OTI SUD 1 > OTI SUD > SAVANES", "link_to_subproject": null, "depth_of_drilling": null, "drilling_flow_rate": null, "number_of_latrine_blocks": null, "has_latrine_blocs": null, "storage_capacity": null, "official_handover_date_to_sector": null, "length_of_the_track": null, "extension_length": null, "number_of_drinking_fountains": null, "estimated_number_of_beneficiaries": null, "refugee_and_internally_displaced_persons_group": null, "has_fence": null, "number_of_sections_of_track_developed": null, "amount_of_the_controllers_contract_in_SES": null, "amount_of_the_contract_for_construction_supervisors": null, "date_signature_contract_facilitator": null, "amount_of_the_facilitator_contract": null, "amount_spent_on_completing_the_infrastructure": null, "amount_spent_on_infrastructure_up_to_provisional_acceptance": null, "number_of_streetlights": null, "distance_covered_by_streetlights": null, "canton": null, "market_name": null }, "geometry": null },
{ "type": "Feature", "properties": { "id": 1137, "number": 556, "joint_subproject_number": 456, "title": "Réalisation d'un forage photovoltaïque à des fins de maraichage", "type": "Forages photovoltaïques pour les activités maraîchères", "subproject_type_designation": "Subproject", "sector": "Eau–Hydraulique", "works_type": "Construction", "component": "COMPOSANTE 1.1", "projects": "COSO", "financiers": "Banque Mondiale", "status": "Achevé 100.0%", "current_status_of_the_site": "Achevé", "progress_percent": 0.0, "progress_value": 100.0, "estimated_cost": 20000000.0, "contract_amount_work_companies": 16651080.0, "total_contract_amount_paid": 16651080.0, "amount_of_the_care_and_maintenance_fund_expected": null, "care_and_maintenance_amount_on_village_account": 100000.0, "date_signature_contract_work_companies": "2025-07-24", "date_signature_contract_efme": null, "contract_companies_amount_for_efme": null, "date_signature_contract_controllers_in_SES": null, "date_of_signature_of_contract_for_construction_supervisors": null, "approval_date_cora": "2024-02-16", "launch_date": "2025-11-21", "expected_duration": 3.0, "expected_end_date": "2026-02-21", "work_completion_date": "2026-03-09", "date_of_technical_acceptance_of_work": null, "date_of_provisional_acceptance_of_work": null, "official_handover_date_to_community": null, "existence_of_maintenance_plan": false, "wave": "6", "number_of_classrooms": 0.0, "number_of_infrastructures": 1, "population": 600.0, "direct_beneficiaries_men": 220.0, "direct_beneficiaries_women": 380.0, "women_s_group": "True", "youth_group": "True", "breeders_farmers_group": "True", "ethnic_minority_group": null, "date_of_organization_of_the_social_audit": null, "number_of_participants_m_in_social_audit": null, "number_of_participants_w_in_social_audit": null, "number_of_participants_t_in_social_audit": null, "beneficiary_villages_count": 1, "beneficiary_villages": "4695", "list_of_villages_crossed_by_track_or_electrification": [ ], "infrastructure_changed": null, "infrastructure_deleted": false, "level_of_achievement_donation_certificate": null, "comments": null, "location_name": "TCHANKPERE", "latitude": 0.0, "longitude": 0.0, "hierarchy": "TCHANKPERE > MOGOU > OTI SUD 1 > OTI SUD > SAVANES", "link_to_subproject": null, "depth_of_drilling": null, "drilling_flow_rate": null, "number_of_latrine_blocks": null, "has_latrine_blocs": null, "storage_capacity": null, "official_handover_date_to_sector": null, "length_of_the_track": null, "extension_length": null, "number_of_drinking_fountains": null, "estimated_number_of_beneficiaries": 500.0, "refugee_and_internally_displaced_persons_group": null, "has_fence": null, "number_of_sections_of_track_developed": null, "amount_of_the_controllers_contract_in_SES": null, "amount_of_the_contract_for_construction_supervisors": null, "date_signature_contract_facilitator": null, "amount_of_the_facilitator_contract": null, "amount_spent_on_completing_the_infrastructure": null, "amount_spent_on_infrastructure_up_to_provisional_acceptance": null, "number_of_streetlights": null, "distance_covered_by_streetlights": null, "canton": null, "market_name": null }, "geometry": { "type": "Point", "coordinates": [ 0.0, 0.0 ] } },
{ "type": "Feature", "properties": { "id": 1138, "number": 557, "joint_subproject_number": 457, "title": "Réalisation d'un foarge photovoltaïque à des fins de maraichage", "type": "Forages photovoltaïques pour les activités maraîchères", "subproject_type_designation": "Subproject", "sector": "Eau–Hydraulique", "works_type": "Construction", "component": "COMPOSANTE 1.1", "projects": "COSO", "financiers": "Banque Mondiale", "status": "Réception provisoire 100.0%", "current_status_of_the_site": "Réception provisoire", "progress_percent": 0.0, "progress_value": 100.0, "estimated_cost": 20000000.0, "contract_amount_work_companies": 17683580.0, "total_contract_amount_paid": 17683580.0, "amount_of_the_care_and_maintenance_fund_expected": null, "care_and_maintenance_amount_on_village_account": 220000.0, "date_signature_contract_work_companies": "2025-04-23", "date_signature_contract_efme": null, "contract_companies_amount_for_efme": null, "date_signature_contract_controllers_in_SES": null, "date_of_signature_of_contract_for_construction_supervisors": null, "approval_date_cora": null, "launch_date": "2025-04-30", "expected_duration": 3.0, "expected_end_date": "2025-07-30", "work_completion_date": "2025-08-28", "date_of_technical_acceptance_of_work": "2025-08-28", "date_of_provisional_acceptance_of_work": "2025-08-28", "official_handover_date_to_community": null, "existence_of_maintenance_plan": false, "wave": "6", "number_of_classrooms": 0.0, "number_of_infrastructures": 1, "population": 1314.0, "direct_beneficiaries_men": 551.0, "direct_beneficiaries_women": 763.0, "women_s_group": "True", "youth_group": "True", "breeders_farmers_group": "True", "ethnic_minority_group": null, "date_of_organization_of_the_social_audit": "2025-12-12", "number_of_participants_m_in_social_audit": 67.0, "number_of_participants_w_in_social_audit": 95.0, "number_of_participants_t_in_social_audit": 162.0, "beneficiary_villages_count": 2, "beneficiary_villages": "4702; 4703", "list_of_villages_crossed_by_track_or_electrification": [ ], "infrastructure_changed": null, "infrastructure_deleted": false, "level_of_achievement_donation_certificate": "Chef Canton", "comments": null, "location_name": "NAMOUMALE", "latitude": 0.0, "longitude": 0.0, "hierarchy": "NAMOUMALE > MOGOU > OTI SUD 1 > OTI SUD > SAVANES", "link_to_subproject": null, "depth_of_drilling": null, "drilling_flow_rate": null, "number_of_latrine_blocks": null, "has_latrine_blocs": null, "storage_capacity": null, "official_handover_date_to_sector": null, "length_of_the_track": null, "extension_length": null, "number_of_drinking_fountains": null, "estimated_number_of_beneficiaries": 1314.0, "refugee_and_internally_displaced_persons_group": null, "has_fence": null, "number_of_sections_of_track_developed": null, "amount_of_the_controllers_contract_in_SES": null, "amount_of_the_contract_for_construction_supervisors": null, "date_signature_contract_facilitator": null, "amount_of_the_facilitator_contract": null, "amount_spent_on_completing_the_infrastructure": null, "amount_spent_on_infrastructure_up_to_provisional_acceptance": null, "number_of_streetlights": null, "distance_covered_by_streetlights": null, "canton": null, "market_name": null }, "geometry": { "type": "Point", "coordinates": [ 0.0, 0.0 ] } },
{ "type": "Feature", "properties": { "id": 1139, "number": 558, "joint_subproject_number": 458, "title": "Réalisation d'un forage photovoltaïque à des finis de maraichage", "type": "Forages photovoltaïques pour les activités maraîchères", "subproject_type_designation": "Subproject", "sector": "Eau–Hydraulique", "works_type": "Construction", "component": "COMPOSANTE 1.1", "projects": "COSO", "financiers": "Banque Mondiale", "status": "Réception provisoire 100.0%", "current_status_of_the_site": "Réception provisoire", "progress_percent": 0.0, "progress_value": 100.0, "estimated_cost": 20000000.0, "contract_amount_work_companies": 23367286.0, "total_contract_amount_paid": 23367286.0, "amount_of_the_care_and_maintenance_fund_expected": null, "care_and_maintenance_amount_on_village_account": 250000.0, "date_signature_contract_work_companies": "2025-05-23", "date_signature_contract_efme": null, "contract_companies_amount_for_efme": null, "date_signature_contract_controllers_in_SES": null, "date_of_signature_of_contract_for_construction_supervisors": null, "approval_date_cora": null, "launch_date": "2025-06-27", "expected_duration": 3.0, "expected_end_date": "2025-09-27", "work_completion_date": "2025-09-05", "date_of_technical_acceptance_of_work": "2025-09-05", "date_of_provisional_acceptance_of_work": "2025-09-10", "official_handover_date_to_community": null, "existence_of_maintenance_plan": false, "wave": "6", "number_of_classrooms": 0.0, "number_of_infrastructures": 1, "population": 2010.0, "direct_beneficiaries_men": 988.0, "direct_beneficiaries_women": 1022.0, "women_s_group": "True", "youth_group": "True", "breeders_farmers_group": "True", "ethnic_minority_group": null, "date_of_organization_of_the_social_audit": "2025-12-03", "number_of_participants_m_in_social_audit": 25.0, "number_of_participants_w_in_social_audit": 52.0, "number_of_participants_t_in_social_audit": 77.0, "beneficiary_villages_count": 3, "beneficiary_villages": "4699; 4700; 4701", "list_of_villages_crossed_by_track_or_electrification": [ ], "infrastructure_changed": null, "infrastructure_deleted": false, "level_of_achievement_donation_certificate": "Maire", "comments": null, "location_name": "KPENTCHANI", "latitude": null, "longitude": null, "hierarchy": "KPENTCHANI > MOGOU > OTI SUD 1 > OTI SUD > SAVANES", "link_to_subproject": null, "depth_of_drilling": null, "drilling_flow_rate": null, "number_of_latrine_blocks": null, "has_latrine_blocs": null, "storage_capacity": null, "official_handover_date_to_sector": null, "length_of_the_track": null, "extension_length": null, "number_of_drinking_fountains": null, "estimated_number_of_beneficiaries": 2010.0, "refugee_and_internally_displaced_persons_group": null, "has_fence": null, "number_of_sections_of_track_developed": null, "amount_of_the_controllers_contract_in_SES": null, "amount_of_the_contract_for_construction_supervisors": null, "date_signature_contract_facilitator": null, "amount_of_the_facilitator_contract": null, "amount_spent_on_completing_the_infrastructure": null, "amount_spent_on_infrastructure_up_to_provisional_acceptance": null, "number_of_streetlights": null, "distance_covered_by_streetlights": null, "canton": null, "market_name": null }, "geometry": null },
{ "type": "Feature", "properties": { "id": 1140, "number": 559, "joint_subproject_number": 459, "title": "Réalisation d'un forage photovoltaïque à des finis de maraichage", "type": "Forages photovoltaïques pour les activités maraîchères", "subproject_type_designation": "Subproject", "sector": "Eau–Hydraulique", "works_type": "Construction", "component": "COMPOSANTE 1.1", "projects": "COSO", "financiers": "Banque Mondiale", "status": "Réception provisoire 100.0%", "current_status_of_the_site": "Réception provisoire", "progress_percent": 0.0, "progress_value": 100.0, "estimated_cost": 20000000.0, "contract_amount_work_companies": 18131980.0, "total_contract_amount_paid": 18131980.0, "amount_of_the_care_and_maintenance_fund_expected": null, "care_and_maintenance_amount_on_village_account": 150000.0, "date_signature_contract_work_companies": null, "date_signature_contract_efme": null, "contract_companies_amount_for_efme": null, "date_signature_contract_controllers_in_SES": null, "date_of_signature_of_contract_for_construction_supervisors": null, "approval_date_cora": "2024-02-16", "launch_date": "2025-05-05", "expected_duration": 3.0, "expected_end_date": "2025-08-05", "work_completion_date": "2025-08-28", "date_of_technical_acceptance_of_work": "2025-08-28", "date_of_provisional_acceptance_of_work": "2025-08-28", "official_handover_date_to_community": null, "existence_of_maintenance_plan": false, "wave": "6", "number_of_classrooms": 0.0, "number_of_infrastructures": 1, "population": 626.0, "direct_beneficiaries_men": 306.0, "direct_beneficiaries_women": 320.0, "women_s_group": "True", "youth_group": "True", "breeders_farmers_group": "True", "ethnic_minority_group": "True", "date_of_organization_of_the_social_audit": "2025-12-05", "number_of_participants_m_in_social_audit": 67.0, "number_of_participants_w_in_social_audit": 50.0, "number_of_participants_t_in_social_audit": 117.0, "beneficiary_villages_count": 1, "beneficiary_villages": "4685", "list_of_villages_crossed_by_track_or_electrification": [ ], "infrastructure_changed": null, "infrastructure_deleted": false, "level_of_achievement_donation_certificate": null, "comments": null, "location_name": "TCHINTCHEREGA", "latitude": 0.0, "longitude": 0.0, "hierarchy": "TCHINTCHEREGA > MOGOU > OTI SUD 1 > OTI SUD > SAVANES", "link_to_subproject": null, "depth_of_drilling": null, "drilling_flow_rate": null, "number_of_latrine_blocks": null, "has_latrine_blocs": null, "storage_capacity": null, "official_handover_date_to_sector": null, "length_of_the_track": null, "extension_length": null, "number_of_drinking_fountains": null, "estimated_number_of_beneficiaries": null, "refugee_and_internally_displaced_persons_group": null, "has_fence": null, "number_of_sections_of_track_developed": null, "amount_of_the_controllers_contract_in_SES": null, "amount_of_the_contract_for_construction_supervisors": null, "date_signature_contract_facilitator": null, "amount_of_the_facilitator_contract": null, "amount_spent_on_completing_the_infrastructure": null, "amount_spent_on_infrastructure_up_to_provisional_acceptance": null, "number_of_streetlights": null, "distance_covered_by_streetlights": null, "canton": null, "market_name": null }, "geometry": { "type": "Point", "coordinates": [ 0.0, 0.0 ] } },
{ "type": "Feature", "properties": { "id": 1144, "number": 563, "joint_subproject_number": 462, "title": "construction et équipement d'un centre communautaire ", "type": "Forage Photovoltaïque (Centre communautaire)", "subproject_type_designation": "Infrastructure", "sector": "Eau–Hydraulique", "works_type": "Construction", "component": "COMPOSANTE 1.1", "projects": "COSO", "financiers": "Banque Mondiale", "status": "Réception provisoire 100.0%", "current_status_of_the_site": "Réception provisoire", "progress_percent": 0.0, "progress_value": 100.0, "estimated_cost": 20000000.0, "contract_amount_work_companies": 13191793.0, "total_contract_amount_paid": 13191793.0, "amount_of_the_care_and_maintenance_fund_expected": 250000.0, "care_and_maintenance_amount_on_village_account": 260000.0, "date_signature_contract_work_companies": "2024-10-30", "date_signature_contract_efme": null, "contract_companies_amount_for_efme": null, "date_signature_contract_controllers_in_SES": null, "date_of_signature_of_contract_for_construction_supervisors": null, "approval_date_cora": null, "launch_date": "2024-11-19", "expected_duration": 3.0, "expected_end_date": "2025-02-19", "work_completion_date": "2025-09-05", "date_of_technical_acceptance_of_work": null, "date_of_provisional_acceptance_of_work": "2025-09-10", "official_handover_date_to_community": null, "existence_of_maintenance_plan": false, "wave": "6", "number_of_classrooms": 0.0, "number_of_infrastructures": 1, "population": 3697.0, "direct_beneficiaries_men": 1733.0, "direct_beneficiaries_women": 1964.0, "women_s_group": "True", "youth_group": null, "breeders_farmers_group": "True", "ethnic_minority_group": null, "date_of_organization_of_the_social_audit": null, "number_of_participants_m_in_social_audit": null, "number_of_participants_w_in_social_audit": null, "number_of_participants_t_in_social_audit": null, "beneficiary_villages_count": 1, "beneficiary_villages": "4698", "list_of_villages_crossed_by_track_or_electrification": [ ], "infrastructure_changed": "True", "infrastructure_deleted": false, "level_of_achievement_donation_certificate": "Maire", "comments": null, "location_name": "MOGOU CENTRE", "latitude": 0.0, "longitude": 0.0, "hierarchy": "MOGOU CENTRE > MOGOU > OTI SUD 1 > OTI SUD > SAVANES", "link_to_subproject": 1143.0, "depth_of_drilling": null, "drilling_flow_rate": 4.0, "number_of_latrine_blocks": null, "has_latrine_blocs": null, "storage_capacity": null, "official_handover_date_to_sector": null, "length_of_the_track": null, "extension_length": null, "number_of_drinking_fountains": null, "estimated_number_of_beneficiaries": null, "refugee_and_internally_displaced_persons_group": null, "has_fence": null, "number_of_sections_of_track_developed": null, "amount_of_the_controllers_contract_in_SES": null, "amount_of_the_contract_for_construction_supervisors": null, "date_signature_contract_facilitator": null, "amount_of_the_facilitator_contract": null, "amount_spent_on_completing_the_infrastructure": null, "amount_spent_on_infrastructure_up_to_provisional_acceptance": null, "number_of_streetlights": null, "distance_covered_by_streetlights": null, "canton": null, "market_name": null }, "geometry": { "type": "Point", "coordinates": [ 0.0, 0.0 ] } },
{ "type": "Feature", "properties": { "id": 1145, "number": 564, "joint_subproject_number": 31, "title": "Réalisation d’un forage photovoltaïque pour eau de boisson et réparation de 2 forages existant", "type": "Forages photovoltaïques dans les communautés pour eau de boisson", "subproject_type_designation": "Infrastructure", "sector": "Eau–Hydraulique", "works_type": "Réhabilitation", "component": "COMPOSANTE 1.1", "projects": "COSO", "financiers": "Banque Mondiale", "status": "Remise de l'ouvrage à la communauté 100.0%", "current_status_of_the_site": "Réception définitive", "progress_percent": 100.0, "progress_value": 100.0, "estimated_cost": 5000000.0, "contract_amount_work_companies": 4514680.0, "total_contract_amount_paid": 4514680.0, "amount_of_the_care_and_maintenance_fund_expected": 250000.0, "care_and_maintenance_amount_on_village_account": 250000.0, "date_signature_contract_work_companies": "2023-07-13", "date_signature_contract_efme": null, "contract_companies_amount_for_efme": null, "date_signature_contract_controllers_in_SES": "2023-07-12", "date_of_signature_of_contract_for_construction_supervisors": "2023-07-12", "approval_date_cora": "2023-05-02", "launch_date": "2024-02-12", "expected_duration": 3.0, "expected_end_date": "2024-04-26", "work_completion_date": "2023-12-31", "date_of_technical_acceptance_of_work": "2024-05-06", "date_of_provisional_acceptance_of_work": "2024-05-06", "official_handover_date_to_community": "2025-05-27", "existence_of_maintenance_plan": true, "wave": "3", "number_of_classrooms": 0.0, "number_of_infrastructures": 1, "population": 752.0, "direct_beneficiaries_men": 303.0, "direct_beneficiaries_women": 190.0, "women_s_group": "True", "youth_group": "True", "breeders_farmers_group": "True", "ethnic_minority_group": "True", "date_of_organization_of_the_social_audit": "2024-02-15", "number_of_participants_m_in_social_audit": 45.0, "number_of_participants_w_in_social_audit": 38.0, "number_of_participants_t_in_social_audit": 83.0, "beneficiary_villages_count": 1, "beneficiary_villages": "3890", "list_of_villages_crossed_by_track_or_electrification": [ ], "infrastructure_changed": "True", "infrastructure_deleted": false, "level_of_achievement_donation_certificate": "Niveau Juge", "comments": null, "location_name": "BOMWAÏ", "latitude": 0.0, "longitude": 0.0, "hierarchy": "BOMWAÏ > KETAO > BINAH 2 > BINAH > KARA", "link_to_subproject": 628.0, "depth_of_drilling": 40.0, "drilling_flow_rate": 2.1, "number_of_latrine_blocks": null, "has_latrine_blocs": null, "storage_capacity": null, "official_handover_date_to_sector": null, "length_of_the_track": null, "extension_length": null, "number_of_drinking_fountains": null, "estimated_number_of_beneficiaries": null, "refugee_and_internally_displaced_persons_group": null, "has_fence": null, "number_of_sections_of_track_developed": null, "amount_of_the_controllers_contract_in_SES": null, "amount_of_the_contract_for_construction_supervisors": null, "date_signature_contract_facilitator": null, "amount_of_the_facilitator_contract": null, "amount_spent_on_completing_the_infrastructure": null, "amount_spent_on_infrastructure_up_to_provisional_acceptance": null, "number_of_streetlights": null, "distance_covered_by_streetlights": null, "canton": null, "market_name": null }, "geometry": { "type": "Point", "coordinates": [ 0.0, 0.0 ] } },
{ "type": "Feature", "properties": { "id": 1146, "number": 565, "joint_subproject_number": 31, "title": "Réalisation d’un forage photovoltaïque pour eau de boisson et réparation de 2 forages existant", "type": "Forages photovoltaïques dans les communautés pour eau de boisson", "subproject_type_designation": "Infrastructure", "sector": "Eau–Hydraulique", "works_type": "Réhabilitation", "component": "COMPOSANTE 1.1", "projects": "COSO", "financiers": "Banque Mondiale", "status": "Remise de l'ouvrage à la communauté 100.0%", "current_status_of_the_site": "Réception définitive", "progress_percent": 100.0, "progress_value": 100.0, "estimated_cost": 5000000.0, "contract_amount_work_companies": 4514680.0, "total_contract_amount_paid": 4514680.0, "amount_of_the_care_and_maintenance_fund_expected": null, "care_and_maintenance_amount_on_village_account": null, "date_signature_contract_work_companies": "2023-07-13", "date_signature_contract_efme": null, "contract_companies_amount_for_efme": null, "date_signature_contract_controllers_in_SES": null, "date_of_signature_of_contract_for_construction_supervisors": null, "approval_date_cora": "2023-05-02", "launch_date": "2024-02-12", "expected_duration": 3.0, "expected_end_date": "2024-04-26", "work_completion_date": "2023-12-31", "date_of_technical_acceptance_of_work": "2024-05-06", "date_of_provisional_acceptance_of_work": "2024-05-06", "official_handover_date_to_community": "2025-05-27", "existence_of_maintenance_plan": true, "wave": "3", "number_of_classrooms": 0.0, "number_of_infrastructures": 1, "population": 752.0, "direct_beneficiaries_men": 303.0, "direct_beneficiaries_women": 190.0, "women_s_group": "True", "youth_group": "True", "breeders_farmers_group": "True", "ethnic_minority_group": "True", "date_of_organization_of_the_social_audit": "2024-02-15", "number_of_participants_m_in_social_audit": 45.0, "number_of_participants_w_in_social_audit": 38.0, "number_of_participants_t_in_social_audit": 83.0, "beneficiary_villages_count": 1, "beneficiary_villages": "3890", "list_of_villages_crossed_by_track_or_electrification": [ ], "infrastructure_changed": null, "infrastructure_deleted": false, "level_of_achievement_donation_certificate": "Niveau chef village", "comments": null, "location_name": "BOMWAÏ", "latitude": 0.0, "longitude": 0.0, "hierarchy": "BOMWAÏ > KETAO > BINAH 2 > BINAH > KARA", "link_to_subproject": 628.0, "depth_of_drilling": 49.46, "drilling_flow_rate": 1.08, "number_of_latrine_blocks": null, "has_latrine_blocs": null, "storage_capacity": null, "official_handover_date_to_sector": null, "length_of_the_track": null, "extension_length": null, "number_of_drinking_fountains": null, "estimated_number_of_beneficiaries": null, "refugee_and_internally_displaced_persons_group": null, "has_fence": null, "number_of_sections_of_track_developed": null, "amount_of_the_controllers_contract_in_SES": null, "amount_of_the_contract_for_construction_supervisors": null, "date_signature_contract_facilitator": null, "amount_of_the_facilitator_contract": null, "amount_spent_on_completing_the_infrastructure": null, "amount_spent_on_infrastructure_up_to_provisional_acceptance": null, "number_of_streetlights": null, "distance_covered_by_streetlights": null, "canton": null, "market_name": null }, "geometry": { "type": "Point", "coordinates": [ 0.0, 0.0 ] } },
{ "type": "Feature", "properties": { "id": 1345, "number": 757, "joint_subproject_number": 505, "title": "Réhabilitation du Marché de POISSONGUI", "type": "Forages photovoltaïques dans les marchés pour eau de boisson", "subproject_type_designation": "Infrastructure", "sector": "Eau–Hydraulique", "works_type": "Construction", "component": "COMPOSANTE 1.2", "projects": "COSO", "financiers": "Banque Mondiale", "status": "Réception provisoire 100.0%", "current_status_of_the_site": "Réception provisoire", "progress_percent": null, "progress_value": 100.0, "estimated_cost": 20000000.0, "contract_amount_work_companies": null, "total_contract_amount_paid": null, "amount_of_the_care_and_maintenance_fund_expected": null, "care_and_maintenance_amount_on_village_account": null, "date_signature_contract_work_companies": "2025-03-14", "date_signature_contract_efme": null, "contract_companies_amount_for_efme": null, "date_signature_contract_controllers_in_SES": null, "date_of_signature_of_contract_for_construction_supervisors": null, "approval_date_cora": null, "launch_date": "2025-04-09", "expected_duration": 6.0, "expected_end_date": "2025-10-09", "work_completion_date": "2026-03-13", "date_of_technical_acceptance_of_work": null, "date_of_provisional_acceptance_of_work": "2026-03-16", "official_handover_date_to_community": null, "existence_of_maintenance_plan": false, "wave": null, "number_of_classrooms": 0.0, "number_of_infrastructures": 1, "population": null, "direct_beneficiaries_men": null, "direct_beneficiaries_women": null, "women_s_group": null, "youth_group": null, "breeders_farmers_group": null, "ethnic_minority_group": null, "date_of_organization_of_the_social_audit": null, "number_of_participants_m_in_social_audit": null, "number_of_participants_w_in_social_audit": null, "number_of_participants_t_in_social_audit": null, "beneficiary_villages_count": 36, "beneficiary_villages": "3218; 3219; 3220; 3222; 3223; 3224; 3225; 3226; 3228; 3229; 3230; 3231; 3233; 3234; 3243; 3244; 3245; 3893; 3899; 3900; 3908; 3915; 3916; 3917; 3918; 3921; 3922; 3923; 3924; 3925; 3941; 3942; 3948; 3949; 6679; 6680", "list_of_villages_crossed_by_track_or_electrification": [ ], "infrastructure_changed": null, "infrastructure_deleted": false, "level_of_achievement_donation_certificate": null, "comments": null, "location_name": "POISSONGUI 1", "latitude": 0.0, "longitude": 0.0, "hierarchy": "POISSONGUI 1 > POISSONGUI > TONE 1 > TONE > SAVANES", "link_to_subproject": 1343.0, "depth_of_drilling": null, "drilling_flow_rate": null, "number_of_latrine_blocks": null, "has_latrine_blocs": null, "storage_capacity": null, "official_handover_date_to_sector": null, "length_of_the_track": null, "extension_length": null, "number_of_drinking_fountains": null, "estimated_number_of_beneficiaries": null, "refugee_and_internally_displaced_persons_group": null, "has_fence": null, "number_of_sections_of_track_developed": null, "amount_of_the_controllers_contract_in_SES": null, "amount_of_the_contract_for_construction_supervisors": null, "date_signature_contract_facilitator": null, "amount_of_the_facilitator_contract": null, "amount_spent_on_completing_the_infrastructure": null, "amount_spent_on_infrastructure_up_to_provisional_acceptance": null, "number_of_streetlights": null, "distance_covered_by_streetlights": null, "canton": "POISSONGUI", "market_name": "Marché de Poissongui" }, "geometry": { "type": "Point", "coordinates": [ 0.0, 0.0 ] } },
{ "type": "Feature", "properties": { "id": 1369, "number": 781, "joint_subproject_number": 511, "title": "Réhabilitation du Marché de POGNO", "type": "Forages photovoltaïques dans les marchés pour eau de boisson", "subproject_type_designation": "Infrastructure", "sector": "Eau–Hydraulique", "works_type": "Construction", "component": "COMPOSANTE 1.2", "projects": "COSO", "financiers": "Banque Mondiale", "status": "Réception provisoire 100.0%", "current_status_of_the_site": "Réception provisoire", "progress_percent": null, "progress_value": 100.0, "estimated_cost": 18000000.0, "contract_amount_work_companies": 17770476.0, "total_contract_amount_paid": 17770476.0, "amount_of_the_care_and_maintenance_fund_expected": null, "care_and_maintenance_amount_on_village_account": null, "date_signature_contract_work_companies": "2025-05-30", "date_signature_contract_efme": null, "contract_companies_amount_for_efme": null, "date_signature_contract_controllers_in_SES": null, "date_of_signature_of_contract_for_construction_supervisors": null, "approval_date_cora": null, "launch_date": "2025-08-06", "expected_duration": 3.0, "expected_end_date": "2026-01-06", "work_completion_date": "2026-03-11", "date_of_technical_acceptance_of_work": "2026-03-11", "date_of_provisional_acceptance_of_work": "2026-03-11", "official_handover_date_to_community": null, "existence_of_maintenance_plan": false, "wave": null, "number_of_classrooms": 0.0, "number_of_infrastructures": 1, "population": null, "direct_beneficiaries_men": null, "direct_beneficiaries_women": null, "women_s_group": null, "youth_group": null, "breeders_farmers_group": null, "ethnic_minority_group": null, "date_of_organization_of_the_social_audit": null, "number_of_participants_m_in_social_audit": null, "number_of_participants_w_in_social_audit": null, "number_of_participants_t_in_social_audit": null, "beneficiary_villages_count": 27, "beneficiary_villages": "2374; 2375; 2377; 2378; 2379; 2381; 2384; 2385; 2389; 2390; 2391; 2395; 2396; 2397; 2398; 2399; 2400; 3980; 3981; 3982; 3997; 3998; 3999; 4000; 4001; 4007; 4012", "list_of_villages_crossed_by_track_or_electrification": [ ], "infrastructure_changed": null, "infrastructure_deleted": false, "level_of_achievement_donation_certificate": null, "comments": null, "location_name": "POGNO CENTRE", "latitude": 0.0, "longitude": 0.0, "hierarchy": "POGNO CENTRE > POGNO > KPENDJAL OUEST 2 > KPENDJAL OUEST > SAVANES", "link_to_subproject": 1366.0, "depth_of_drilling": null, "drilling_flow_rate": null, "number_of_latrine_blocks": null, "has_latrine_blocs": null, "storage_capacity": null, "official_handover_date_to_sector": null, "length_of_the_track": null, "extension_length": null, "number_of_drinking_fountains": null, "estimated_number_of_beneficiaries": null, "refugee_and_internally_displaced_persons_group": null, "has_fence": null, "number_of_sections_of_track_developed": null, "amount_of_the_controllers_contract_in_SES": null, "amount_of_the_contract_for_construction_supervisors": null, "date_signature_contract_facilitator": null, "amount_of_the_facilitator_contract": null, "amount_spent_on_completing_the_infrastructure": null, "amount_spent_on_infrastructure_up_to_provisional_acceptance": null, "number_of_streetlights": null, "distance_covered_by_streetlights": null, "canton": "POGNO", "market_name": "Marché de Pogno" }, "geometry": { "type": "Point", "coordinates": [ 0.0, 0.0 ] } },
{ "type": "Feature", "properties": { "id": 1407, "number": 820, "joint_subproject_number": 519, "title": "Réhabiliation du Marché de Nali", "type": "Forages photovoltaïques dans les marchés pour eau de boisson", "subproject_type_designation": "Subproject", "sector": "Eau–Hydraulique", "works_type": "Construction", "component": "COMPOSANTE 1.2", "projects": "COSO", "financiers": "Banque Mondiale", "status": "Achevé 100.0%", "current_status_of_the_site": "Achevé", "progress_percent": null, "progress_value": 100.0, "estimated_cost": 14000000.0, "contract_amount_work_companies": 20470979.0, "total_contract_amount_paid": 20470979.0, "amount_of_the_care_and_maintenance_fund_expected": null, "care_and_maintenance_amount_on_village_account": null, "date_signature_contract_work_companies": "2025-05-23", "date_signature_contract_efme": null, "contract_companies_amount_for_efme": null, "date_signature_contract_controllers_in_SES": null, "date_of_signature_of_contract_for_construction_supervisors": null, "approval_date_cora": null, "launch_date": "2025-06-25", "expected_duration": 4.0, "expected_end_date": "2025-09-25", "work_completion_date": "2025-12-31", "date_of_technical_acceptance_of_work": null, "date_of_provisional_acceptance_of_work": null, "official_handover_date_to_community": null, "existence_of_maintenance_plan": false, "wave": null, "number_of_classrooms": 0.0, "number_of_infrastructures": 1, "population": null, "direct_beneficiaries_men": null, "direct_beneficiaries_women": null, "women_s_group": null, "youth_group": null, "breeders_farmers_group": null, "ethnic_minority_group": null, "date_of_organization_of_the_social_audit": null, "number_of_participants_m_in_social_audit": null, "number_of_participants_w_in_social_audit": null, "number_of_participants_t_in_social_audit": null, "beneficiary_villages_count": 21, "beneficiary_villages": "2744; 2745; 2747; 2750; 2751; 2752; 2754; 2755; 2756; 2757; 2758; 2759; 2761; 2762; 4067; 4068; 4069; 4070; 4071; 4072; 4073", "list_of_villages_crossed_by_track_or_electrification": [ ], "infrastructure_changed": null, "infrastructure_deleted": false, "level_of_achievement_donation_certificate": null, "comments": null, "location_name": "NALI CENTRE", "latitude": null, "longitude": null, "hierarchy": "NALI CENTRE > NALI > OTI SUD 2 > OTI SUD > SAVANES", "link_to_subproject": null, "depth_of_drilling": null, "drilling_flow_rate": null, "number_of_latrine_blocks": null, "has_latrine_blocs": null, "storage_capacity": null, "official_handover_date_to_sector": null, "length_of_the_track": null, "extension_length": null, "number_of_drinking_fountains": null, "estimated_number_of_beneficiaries": null, "refugee_and_internally_displaced_persons_group": null, "has_fence": null, "number_of_sections_of_track_developed": null, "amount_of_the_controllers_contract_in_SES": null, "amount_of_the_contract_for_construction_supervisors": null, "date_signature_contract_facilitator": null, "amount_of_the_facilitator_contract": null, "amount_spent_on_completing_the_infrastructure": null, "amount_spent_on_infrastructure_up_to_provisional_acceptance": null, "number_of_streetlights": null, "distance_covered_by_streetlights": null, "canton": "NALI", "market_name": "Marché de Nali" }, "geometry": null },
{ "type": "Feature", "properties": { "id": 1423, "number": 836, "joint_subproject_number": 524, "title": "Réhabilitation du Marché de NAMARE", "type": "Forages photovoltaïques dans les marchés pour eau de boisson", "subproject_type_designation": "Infrastructure", "sector": "Eau–Hydraulique", "works_type": "Construction", "component": "COMPOSANTE 1.2", "projects": "COSO", "financiers": "Banque Mondiale", "status": "Achevé 100.0%", "current_status_of_the_site": "Achevé", "progress_percent": null, "progress_value": 100.0, "estimated_cost": 14000000.0, "contract_amount_work_companies": 14000000.0, "total_contract_amount_paid": 14000000.0, "amount_of_the_care_and_maintenance_fund_expected": null, "care_and_maintenance_amount_on_village_account": null, "date_signature_contract_work_companies": "2025-11-13", "date_signature_contract_efme": null, "contract_companies_amount_for_efme": null, "date_signature_contract_controllers_in_SES": null, "date_of_signature_of_contract_for_construction_supervisors": null, "approval_date_cora": null, "launch_date": "2025-12-05", "expected_duration": 3.0, "expected_end_date": "2026-03-05", "work_completion_date": "2025-12-31", "date_of_technical_acceptance_of_work": null, "date_of_provisional_acceptance_of_work": null, "official_handover_date_to_community": null, "existence_of_maintenance_plan": false, "wave": null, "number_of_classrooms": 0.0, "number_of_infrastructures": 1, "population": null, "direct_beneficiaries_men": null, "direct_beneficiaries_women": null, "women_s_group": null, "youth_group": null, "breeders_farmers_group": null, "ethnic_minority_group": null, "date_of_organization_of_the_social_audit": null, "number_of_participants_m_in_social_audit": null, "number_of_participants_w_in_social_audit": null, "number_of_participants_t_in_social_audit": null, "beneficiary_villages_count": 40, "beneficiary_villages": "3371; 3374; 3389; 3393; 3399; 3401; 3404; 3411; 4092; 4093; 4094; 4095; 4096; 4097; 4098; 4099; 4101; 4102; 4103; 4104; 4105; 4106; 4107; 4108; 4109; 4110; 4111; 4112; 4113; 4114; 4115; 4116; 4117; 4118; 4120; 4121; 4122; 4123; 4124; 4125", "list_of_villages_crossed_by_track_or_electrification": [ ], "infrastructure_changed": null, "infrastructure_deleted": false, "level_of_achievement_donation_certificate": null, "comments": null, "location_name": "TCHANKOUNKOUNKONG", "latitude": 10.936937, "longitude": 0.146811, "hierarchy": "TCHANKOUNKOUNKONG > NAMARE > TONE 2 > TONE > SAVANES", "link_to_subproject": 1422.0, "depth_of_drilling": null, "drilling_flow_rate": null, "number_of_latrine_blocks": null, "has_latrine_blocs": null, "storage_capacity": null, "official_handover_date_to_sector": null, "length_of_the_track": null, "extension_length": null, "number_of_drinking_fountains": null, "estimated_number_of_beneficiaries": null, "refugee_and_internally_displaced_persons_group": null, "has_fence": null, "number_of_sections_of_track_developed": null, "amount_of_the_controllers_contract_in_SES": null, "amount_of_the_contract_for_construction_supervisors": null, "date_signature_contract_facilitator": null, "amount_of_the_facilitator_contract": null, "amount_spent_on_completing_the_infrastructure": null, "amount_spent_on_infrastructure_up_to_provisional_acceptance": null, "number_of_streetlights": null, "distance_covered_by_streetlights": null, "canton": "NAMARE", "market_name": "Marché de NAMARE" }, "geometry": { "type": "Point", "coordinates": [ 0.146811, 10.936937 ] } },
{ "type": "Feature", "properties": { "id": 1443, "number": 856, "joint_subproject_number": 528, "title": "Réhabilitation du Marché de TAMI", "type": "Forages photovoltaïques dans les marchés pour eau de boisson", "subproject_type_designation": "Infrastructure", "sector": "Eau–Hydraulique", "works_type": "Construction", "component": "COMPOSANTE 1.2", "projects": "COSO", "financiers": "Banque Mondiale", "status": "En cours", "current_status_of_the_site": "Achevé", "progress_percent": null, "progress_value": 100.0, "estimated_cost": 14000000.0, "contract_amount_work_companies": 24388889.0, "total_contract_amount_paid": 24388889.0, "amount_of_the_care_and_maintenance_fund_expected": null, "care_and_maintenance_amount_on_village_account": null, "date_signature_contract_work_companies": "2025-12-29", "date_signature_contract_efme": null, "contract_companies_amount_for_efme": null, "date_signature_contract_controllers_in_SES": null, "date_of_signature_of_contract_for_construction_supervisors": null, "approval_date_cora": null, "launch_date": "2026-01-12", "expected_duration": 3.0, "expected_end_date": "2026-04-12", "work_completion_date": "2025-06-28", "date_of_technical_acceptance_of_work": null, "date_of_provisional_acceptance_of_work": null, "official_handover_date_to_community": null, "existence_of_maintenance_plan": false, "wave": null, "number_of_classrooms": 0.0, "number_of_infrastructures": 1, "population": null, "direct_beneficiaries_men": null, "direct_beneficiaries_women": null, "women_s_group": null, "youth_group": null, "breeders_farmers_group": null, "ethnic_minority_group": null, "date_of_organization_of_the_social_audit": null, "number_of_participants_m_in_social_audit": null, "number_of_participants_w_in_social_audit": null, "number_of_participants_t_in_social_audit": null, "beneficiary_villages_count": 46, "beneficiary_villages": "4398; 4399; 4400; 4401; 4402; 4403; 4404; 4405; 4406; 4407; 4408; 4409; 4410; 4411; 4412; 4413; 4414; 4415; 4416; 4417; 4418; 4419; 4420; 4421; 4422; 4423; 4424; 4425; 4426; 4427; 4428; 4429; 4430; 4431; 4432; 4433; 4434; 4435; 4436; 4437; 4438; 4439; 4440; 4441; 4442; 4443", "list_of_villages_crossed_by_track_or_electrification": [ ], "infrastructure_changed": null, "infrastructure_deleted": false, "level_of_achievement_donation_certificate": null, "comments": null, "location_name": "TAMI-CENTRE", "latitude": 10.858083, "longitude": 0.040576, "hierarchy": "TAMI-CENTRE > TAMI > TONE 3 > TONE > SAVANES", "link_to_subproject": 1438.0, "depth_of_drilling": null, "drilling_flow_rate": null, "number_of_latrine_blocks": null, "has_latrine_blocs": null, "storage_capacity": null, "official_handover_date_to_sector": null, "length_of_the_track": null, "extension_length": null, "number_of_drinking_fountains": null, "estimated_number_of_beneficiaries": null, "refugee_and_internally_displaced_persons_group": null, "has_fence": null, "number_of_sections_of_track_developed": null, "amount_of_the_controllers_contract_in_SES": null, "amount_of_the_contract_for_construction_supervisors": null, "date_signature_contract_facilitator": null, "amount_of_the_facilitator_contract": null, "amount_spent_on_completing_the_infrastructure": null, "amount_spent_on_infrastructure_up_to_provisional_acceptance": null, "number_of_streetlights": null, "distance_covered_by_streetlights": null, "canton": "TAMI", "market_name": "Marché de TAMI" }, "geometry": { "type": "Point", "coordinates": [ 0.040576, 10.858083 ] } },
{ "type": "Feature", "properties": { "id": 1452, "number": 865, "joint_subproject_number": 530, "title": "Réhabilitation du Marché de WARKAMBOU", "type": "Forages photovoltaïques dans les marchés pour eau de boisson", "subproject_type_designation": "Infrastructure", "sector": "Eau–Hydraulique", "works_type": "Construction", "component": "COMPOSANTE 1.2", "projects": "COSO", "financiers": "Banque Mondiale", "status": "Achevé 100.0%", "current_status_of_the_site": "Achevé", "progress_percent": null, "progress_value": 100.0, "estimated_cost": 14000000.0, "contract_amount_work_companies": 12194444.5, "total_contract_amount_paid": 12194444.5, "amount_of_the_care_and_maintenance_fund_expected": null, "care_and_maintenance_amount_on_village_account": null, "date_signature_contract_work_companies": null, "date_signature_contract_efme": null, "contract_companies_amount_for_efme": null, "date_signature_contract_controllers_in_SES": null, "date_of_signature_of_contract_for_construction_supervisors": null, "approval_date_cora": null, "launch_date": null, "expected_duration": 3.0, "expected_end_date": null, "work_completion_date": "2025-12-31", "date_of_technical_acceptance_of_work": null, "date_of_provisional_acceptance_of_work": null, "official_handover_date_to_community": null, "existence_of_maintenance_plan": false, "wave": null, "number_of_classrooms": 0.0, "number_of_infrastructures": 1, "population": null, "direct_beneficiaries_men": null, "direct_beneficiaries_women": null, "women_s_group": null, "youth_group": null, "breeders_farmers_group": null, "ethnic_minority_group": null, "date_of_organization_of_the_social_audit": null, "number_of_participants_m_in_social_audit": null, "number_of_participants_w_in_social_audit": null, "number_of_participants_t_in_social_audit": null, "beneficiary_villages_count": 29, "beneficiary_villages": "4445; 4446; 4447; 4448; 4449; 4450; 4451; 4452; 4453; 4454; 4455; 4456; 4457; 4458; 4459; 4460; 4461; 4462; 4463; 4464; 4465; 4466; 4467; 4468; 4469; 4470; 4471; 4472; 4473", "list_of_villages_crossed_by_track_or_electrification": [ ], "infrastructure_changed": null, "infrastructure_deleted": false, "level_of_achievement_donation_certificate": null, "comments": null, "location_name": "WARKAMBOU CENTRE 1", "latitude": 10.804232, "longitude": -0.013278, "hierarchy": "WARKAMBOU CENTRE 1 > WARKAMBOU > TONE 3 > TONE > SAVANES", "link_to_subproject": 1451.0, "depth_of_drilling": null, "drilling_flow_rate": null, "number_of_latrine_blocks": null, "has_latrine_blocs": null, "storage_capacity": null, "official_handover_date_to_sector": null, "length_of_the_track": null, "extension_length": null, "number_of_drinking_fountains": null, "estimated_number_of_beneficiaries": null, "refugee_and_internally_displaced_persons_group": null, "has_fence": null, "number_of_sections_of_track_developed": null, "amount_of_the_controllers_contract_in_SES": null, "amount_of_the_contract_for_construction_supervisors": null, "date_signature_contract_facilitator": null, "amount_of_the_facilitator_contract": null, "amount_spent_on_completing_the_infrastructure": null, "amount_spent_on_infrastructure_up_to_provisional_acceptance": null, "number_of_streetlights": null, "distance_covered_by_streetlights": null, "canton": "WARKAMBOU", "market_name": "Marché de WARKAMBOU" }, "geometry": { "type": "Point", "coordinates": [ -0.013278, 10.804232 ] } },
{ "type": "Feature", "properties": { "id": 1493, "number": 906, "joint_subproject_number": 539, "title": "Réhabilitation du marché de GALANGASHIE CENTRE", "type": "Forages photovoltaïques dans les marchés pour eau de boisson", "subproject_type_designation": "Infrastructure", "sector": "Eau–Hydraulique", "works_type": "Construction", "component": "COMPOSANTE 1.2", "projects": "COSO", "financiers": "Banque Mondiale", "status": "Réception provisoire 100.0%", "current_status_of_the_site": "Réception provisoire", "progress_percent": null, "progress_value": 100.0, "estimated_cost": 14000000.0, "contract_amount_work_companies": 13055201.0, "total_contract_amount_paid": 13055201.0, "amount_of_the_care_and_maintenance_fund_expected": null, "care_and_maintenance_amount_on_village_account": null, "date_signature_contract_work_companies": "2025-03-12", "date_signature_contract_efme": null, "contract_companies_amount_for_efme": null, "date_signature_contract_controllers_in_SES": null, "date_of_signature_of_contract_for_construction_supervisors": null, "approval_date_cora": null, "launch_date": "2025-03-30", "expected_duration": 3.0, "expected_end_date": "2025-06-30", "work_completion_date": "2025-06-06", "date_of_technical_acceptance_of_work": "2025-07-11", "date_of_provisional_acceptance_of_work": "2025-08-07", "official_handover_date_to_community": null, "existence_of_maintenance_plan": false, "wave": null, "number_of_classrooms": 0.0, "number_of_infrastructures": 1, "population": null, "direct_beneficiaries_men": null, "direct_beneficiaries_women": null, "women_s_group": null, "youth_group": null, "breeders_farmers_group": null, "ethnic_minority_group": null, "date_of_organization_of_the_social_audit": null, "number_of_participants_m_in_social_audit": null, "number_of_participants_w_in_social_audit": null, "number_of_participants_t_in_social_audit": null, "beneficiary_villages_count": 12, "beneficiary_villages": "4706; 4707; 4708; 4709; 4710; 4711; 4712; 4713; 4714; 4715; 4716; 4717", "list_of_villages_crossed_by_track_or_electrification": [ ], "infrastructure_changed": null, "infrastructure_deleted": false, "level_of_achievement_donation_certificate": null, "comments": null, "location_name": "GALANGASHIE CENTRE", "latitude": 0.0, "longitude": 0.0, "hierarchy": "GALANGASHIE CENTRE > GALANGASHIE > OTI 2 > OTI > SAVANES", "link_to_subproject": 1491.0, "depth_of_drilling": null, "drilling_flow_rate": null, "number_of_latrine_blocks": null, "has_latrine_blocs": null, "storage_capacity": null, "official_handover_date_to_sector": null, "length_of_the_track": null, "extension_length": null, "number_of_drinking_fountains": null, "estimated_number_of_beneficiaries": null, "refugee_and_internally_displaced_persons_group": null, "has_fence": null, "number_of_sections_of_track_developed": null, "amount_of_the_controllers_contract_in_SES": null, "amount_of_the_contract_for_construction_supervisors": null, "date_signature_contract_facilitator": null, "amount_of_the_facilitator_contract": null, "amount_spent_on_completing_the_infrastructure": null, "amount_spent_on_infrastructure_up_to_provisional_acceptance": null, "number_of_streetlights": null, "distance_covered_by_streetlights": null, "canton": "GALANGASHIE", "market_name": "Marché de GALANGASHI" }, "geometry": { "type": "Point", "coordinates": [ 0.0, 0.0 ] } },
{ "type": "Feature", "properties": { "id": 1496, "number": 911, "joint_subproject_number": 490, "title": "Construction et équipement d'un centre communautaire", "type": "Forage Photovoltaïque (Centre communautaire)", "subproject_type_designation": "Infrastructure", "sector": "Eau–Hydraulique", "works_type": "Construction", "component": "COMPOSANTE 1.3", "projects": "COSO", "financiers": "Banque Mondiale", "status": "Réception provisoire 100.0%", "current_status_of_the_site": "Réception provisoire", "progress_percent": null, "progress_value": 100.0, "estimated_cost": null, "contract_amount_work_companies": 20176702.0, "total_contract_amount_paid": 20176702.0, "amount_of_the_care_and_maintenance_fund_expected": null, "care_and_maintenance_amount_on_village_account": null, "date_signature_contract_work_companies": "2025-02-21", "date_signature_contract_efme": null, "contract_companies_amount_for_efme": null, "date_signature_contract_controllers_in_SES": null, "date_of_signature_of_contract_for_construction_supervisors": null, "approval_date_cora": null, "launch_date": "2025-03-15", "expected_duration": 3.0, "expected_end_date": "2025-06-15", "work_completion_date": "2025-09-21", "date_of_technical_acceptance_of_work": "2025-09-24", "date_of_provisional_acceptance_of_work": "2025-09-24", "official_handover_date_to_community": null, "existence_of_maintenance_plan": false, "wave": null, "number_of_classrooms": 0.0, "number_of_infrastructures": 1, "population": null, "direct_beneficiaries_men": null, "direct_beneficiaries_women": null, "women_s_group": null, "youth_group": null, "breeders_farmers_group": null, "ethnic_minority_group": null, "date_of_organization_of_the_social_audit": "2025-12-10", "number_of_participants_m_in_social_audit": 47.0, "number_of_participants_w_in_social_audit": 59.0, "number_of_participants_t_in_social_audit": 106.0, "beneficiary_villages_count": 11, "beneficiary_villages": "4365; 4366; 4367; 4368; 4369; 4370; 4371; 4372; 4373; 4374; 4375", "list_of_villages_crossed_by_track_or_electrification": [ ], "infrastructure_changed": null, "infrastructure_deleted": false, "level_of_achievement_donation_certificate": null, "comments": null, "location_name": "SANGOU CENTRE", "latitude": null, "longitude": null, "hierarchy": "SANGOU CENTRE > SANGOU > TANDJOUARE 2 > TANDJOUARE > SAVANES", "link_to_subproject": 1305.0, "depth_of_drilling": null, "drilling_flow_rate": null, "number_of_latrine_blocks": null, "has_latrine_blocs": null, "storage_capacity": null, "official_handover_date_to_sector": null, "length_of_the_track": null, "extension_length": null, "number_of_drinking_fountains": null, "estimated_number_of_beneficiaries": null, "refugee_and_internally_displaced_persons_group": null, "has_fence": null, "number_of_sections_of_track_developed": null, "amount_of_the_controllers_contract_in_SES": null, "amount_of_the_contract_for_construction_supervisors": null, "date_signature_contract_facilitator": null, "amount_of_the_facilitator_contract": null, "amount_spent_on_completing_the_infrastructure": null, "amount_spent_on_infrastructure_up_to_provisional_acceptance": null, "number_of_streetlights": null, "distance_covered_by_streetlights": null, "canton": "SANGOU", "market_name": null }, "geometry": null },
{ "type": "Feature", "properties": { "id": 1497, "number": 912, "joint_subproject_number": 492, "title": "Construction et équipement d'un centre communautaire", "type": "Forage Photovoltaïque (Centre communautaire)", "subproject_type_designation": "Infrastructure", "sector": "Eau–Hydraulique", "works_type": "Construction", "component": "COMPOSANTE 1.3", "projects": "COSO", "financiers": "Banque Mondiale", "status": "Réception provisoire 100.0%", "current_status_of_the_site": "Réception provisoire", "progress_percent": null, "progress_value": 100.0, "estimated_cost": 20000000.0, "contract_amount_work_companies": 14729328.0, "total_contract_amount_paid": 14729328.0, "amount_of_the_care_and_maintenance_fund_expected": null, "care_and_maintenance_amount_on_village_account": null, "date_signature_contract_work_companies": "2025-02-14", "date_signature_contract_efme": null, "contract_companies_amount_for_efme": null, "date_signature_contract_controllers_in_SES": null, "date_of_signature_of_contract_for_construction_supervisors": null, "approval_date_cora": null, "launch_date": "2025-02-25", "expected_duration": 3.0, "expected_end_date": "2025-05-24", "work_completion_date": "2025-06-09", "date_of_technical_acceptance_of_work": null, "date_of_provisional_acceptance_of_work": "2025-06-19", "official_handover_date_to_community": null, "existence_of_maintenance_plan": false, "wave": "3", "number_of_classrooms": 0.0, "number_of_infrastructures": 1, "population": null, "direct_beneficiaries_men": null, "direct_beneficiaries_women": null, "women_s_group": null, "youth_group": null, "breeders_farmers_group": null, "ethnic_minority_group": null, "date_of_organization_of_the_social_audit": null, "number_of_participants_m_in_social_audit": null, "number_of_participants_w_in_social_audit": null, "number_of_participants_t_in_social_audit": null, "beneficiary_villages_count": 48, "beneficiary_villages": "3148; 3149; 3150; 3160; 3161; 3162; 3163; 3164; 3166; 3167; 3168; 3169; 3170; 3171; 3172; 3173; 3175; 3176; 3179; 3182; 3183; 3185; 3894; 3895; 3896; 3897; 3898; 3926; 3927; 3928; 3929; 3943; 3944; 3950; 3951; 3952; 3953; 3954; 3955; 3956; 3957; 3958; 3959; 3960; 3961; 3963; 3967; 3968", "list_of_villages_crossed_by_track_or_electrification": [ ], "infrastructure_changed": null, "infrastructure_deleted": false, "level_of_achievement_donation_certificate": null, "comments": null, "location_name": "KOURIENTRE CENTRE", "latitude": null, "longitude": null, "hierarchy": "KOURIENTRE CENTRE > KOURIENTRE > TONE 1 > TONE > SAVANES", "link_to_subproject": 1307.0, "depth_of_drilling": null, "drilling_flow_rate": null, "number_of_latrine_blocks": null, "has_latrine_blocs": null, "storage_capacity": null, "official_handover_date_to_sector": null, "length_of_the_track": null, "extension_length": null, "number_of_drinking_fountains": null, "estimated_number_of_beneficiaries": null, "refugee_and_internally_displaced_persons_group": null, "has_fence": null, "number_of_sections_of_track_developed": null, "amount_of_the_controllers_contract_in_SES": null, "amount_of_the_contract_for_construction_supervisors": null, "date_signature_contract_facilitator": null, "amount_of_the_facilitator_contract": null, "amount_spent_on_completing_the_infrastructure": null, "amount_spent_on_infrastructure_up_to_provisional_acceptance": null, "number_of_streetlights": null, "distance_covered_by_streetlights": null, "canton": "KOURIENTRE", "market_name": null }, "geometry": null },
{ "type": "Feature", "properties": { "id": 1498, "number": 913, "joint_subproject_number": 499, "title": "Construction et équipement d'un centre communautaire", "type": "Forage Photovoltaïque (Centre communautaire)", "subproject_type_designation": "Infrastructure", "sector": "Eau–Hydraulique", "works_type": "Construction", "component": "COMPOSANTE 1.3", "projects": "COSO", "financiers": "Banque Mondiale", "status": "Réception provisoire 100.0%", "current_status_of_the_site": "Réception provisoire", "progress_percent": null, "progress_value": 100.0, "estimated_cost": null, "contract_amount_work_companies": 14058845.0, "total_contract_amount_paid": 14058845.0, "amount_of_the_care_and_maintenance_fund_expected": null, "care_and_maintenance_amount_on_village_account": null, "date_signature_contract_work_companies": "2025-02-26", "date_signature_contract_efme": null, "contract_companies_amount_for_efme": null, "date_signature_contract_controllers_in_SES": null, "date_of_signature_of_contract_for_construction_supervisors": null, "approval_date_cora": null, "launch_date": "2025-03-06", "expected_duration": 3.0, "expected_end_date": "2025-06-05", "work_completion_date": "2025-07-24", "date_of_technical_acceptance_of_work": "2025-07-24", "date_of_provisional_acceptance_of_work": "2025-07-24", "official_handover_date_to_community": null, "existence_of_maintenance_plan": false, "wave": "2", "number_of_classrooms": 0.0, "number_of_infrastructures": 1, "population": null, "direct_beneficiaries_men": null, "direct_beneficiaries_women": null, "women_s_group": null, "youth_group": null, "breeders_farmers_group": null, "ethnic_minority_group": null, "date_of_organization_of_the_social_audit": null, "number_of_participants_m_in_social_audit": null, "number_of_participants_w_in_social_audit": null, "number_of_participants_t_in_social_audit": null, "beneficiary_villages_count": 61, "beneficiary_villages": "3692; 3693; 3696; 3698; 3699; 3700; 3701; 3706; 3707; 3709; 3711; 3713; 3716; 3719; 3720; 3721; 3723; 3726; 3727; 3728; 3729; 3730; 3731; 3732; 3733; 3734; 3735; 3736; 3738; 3739; 3740; 3742; 3743; 3744; 3745; 3746; 3747; 3748; 3863; 3864; 3865; 3866; 3867; 3868; 3870; 3872; 3873; 3880; 3881; 3974; 3975; 3979; 3983; 3986; 3987; 3988; 3989; 3990; 3996; 4002; 4006", "list_of_villages_crossed_by_track_or_electrification": [ ], "infrastructure_changed": null, "infrastructure_deleted": false, "level_of_achievement_donation_certificate": null, "comments": null, "location_name": "KORBONGOU CENTRE", "latitude": null, "longitude": null, "hierarchy": "KORBONGOU CENTRE > KORBONGOU > TONE 4 > TONE > SAVANES", "link_to_subproject": 1314.0, "depth_of_drilling": null, "drilling_flow_rate": null, "number_of_latrine_blocks": null, "has_latrine_blocs": null, "storage_capacity": null, "official_handover_date_to_sector": null, "length_of_the_track": null, "extension_length": null, "number_of_drinking_fountains": null, "estimated_number_of_beneficiaries": null, "refugee_and_internally_displaced_persons_group": null, "has_fence": null, "number_of_sections_of_track_developed": null, "amount_of_the_controllers_contract_in_SES": null, "amount_of_the_contract_for_construction_supervisors": null, "date_signature_contract_facilitator": null, "amount_of_the_facilitator_contract": null, "amount_spent_on_completing_the_infrastructure": null, "amount_spent_on_infrastructure_up_to_provisional_acceptance": null, "number_of_streetlights": null, "distance_covered_by_streetlights": null, "canton": "KORBONGOU", "market_name": null }, "geometry": null },
{ "type": "Feature", "properties": { "id": 1499, "number": 915, "joint_subproject_number": 446, "title": "Réhabilitation d'un bâtiment scolaire de 3 salles de classes+blocs latrines+bureau + Forage photovoltaïque à l'EPP GBETI", "type": "Forages photovoltaïques dans les établissements scolaires", "subproject_type_designation": "Subproject", "sector": "Eau–Hydraulique", "works_type": "Réhabilitation", "component": "COMPOSANTE 1.1", "projects": "COSO", "financiers": "Banque Mondiale", "status": "Réception provisoire 100.0%", "current_status_of_the_site": "Réception provisoire", "progress_percent": null, "progress_value": 100.0, "estimated_cost": null, "contract_amount_work_companies": 19854208.0, "total_contract_amount_paid": 19854208.0, "amount_of_the_care_and_maintenance_fund_expected": null, "care_and_maintenance_amount_on_village_account": null, "date_signature_contract_work_companies": "2025-05-23", "date_signature_contract_efme": null, "contract_companies_amount_for_efme": null, "date_signature_contract_controllers_in_SES": null, "date_of_signature_of_contract_for_construction_supervisors": null, "approval_date_cora": null, "launch_date": null, "expected_duration": 3.0, "expected_end_date": null, "work_completion_date": "2025-09-02", "date_of_technical_acceptance_of_work": "2025-09-04", "date_of_provisional_acceptance_of_work": "2025-09-04", "official_handover_date_to_community": null, "existence_of_maintenance_plan": false, "wave": "6", "number_of_classrooms": 0.0, "number_of_infrastructures": 1, "population": 849.0, "direct_beneficiaries_men": 409.0, "direct_beneficiaries_women": 430.0, "women_s_group": "True", "youth_group": "True", "breeders_farmers_group": null, "ethnic_minority_group": null, "date_of_organization_of_the_social_audit": null, "number_of_participants_m_in_social_audit": null, "number_of_participants_w_in_social_audit": null, "number_of_participants_t_in_social_audit": null, "beneficiary_villages_count": 1, "beneficiary_villages": "4684", "list_of_villages_crossed_by_track_or_electrification": [ ], "infrastructure_changed": null, "infrastructure_deleted": false, "level_of_achievement_donation_certificate": null, "comments": null, "location_name": "GBETI", "latitude": null, "longitude": null, "hierarchy": "GBETI > MOGOU > OTI SUD 1 > OTI SUD > SAVANES", "link_to_subproject": null, "depth_of_drilling": null, "drilling_flow_rate": null, "number_of_latrine_blocks": null, "has_latrine_blocs": null, "storage_capacity": null, "official_handover_date_to_sector": null, "length_of_the_track": null, "extension_length": null, "number_of_drinking_fountains": null, "estimated_number_of_beneficiaries": null, "refugee_and_internally_displaced_persons_group": null, "has_fence": null, "number_of_sections_of_track_developed": null, "amount_of_the_controllers_contract_in_SES": null, "amount_of_the_contract_for_construction_supervisors": null, "date_signature_contract_facilitator": null, "amount_of_the_facilitator_contract": null, "amount_spent_on_completing_the_infrastructure": null, "amount_spent_on_infrastructure_up_to_provisional_acceptance": null, "number_of_streetlights": null, "distance_covered_by_streetlights": null, "canton": null, "market_name": null }, "geometry": null },
{ "type": "Feature", "properties": { "id": 1506, "number": 922, "joint_subproject_number": 545, "title": "Réalisation d'un forage photovoltaïque pour le maraîchage", "type": "Forages photovoltaïques pour les activités maraîchères", "subproject_type_designation": "Subproject", "sector": "Eau–Hydraulique", "works_type": "Construction", "component": "COMPOSANTE 1.1", "projects": "COSO", "financiers": "Banque Mondiale", "status": "Réception provisoire 100.0%", "current_status_of_the_site": "Réception provisoire", "progress_percent": 100.0, "progress_value": 100.0, "estimated_cost": 20000000.0, "contract_amount_work_companies": 23808394.0, "total_contract_amount_paid": 23808394.0, "amount_of_the_care_and_maintenance_fund_expected": null, "care_and_maintenance_amount_on_village_account": null, "date_signature_contract_work_companies": "2025-07-08", "date_signature_contract_efme": null, "contract_companies_amount_for_efme": null, "date_signature_contract_controllers_in_SES": null, "date_of_signature_of_contract_for_construction_supervisors": null, "approval_date_cora": "2025-07-05", "launch_date": "2025-11-12", "expected_duration": 3.0, "expected_end_date": "2026-02-12", "work_completion_date": "2026-04-22", "date_of_technical_acceptance_of_work": "2026-03-04", "date_of_provisional_acceptance_of_work": "2026-04-22", "official_handover_date_to_community": null, "existence_of_maintenance_plan": false, "wave": null, "number_of_classrooms": 0.0, "number_of_infrastructures": 1, "population": 2891.0, "direct_beneficiaries_men": 1170.0, "direct_beneficiaries_women": 1721.0, "women_s_group": null, "youth_group": null, "breeders_farmers_group": "True", "ethnic_minority_group": null, "date_of_organization_of_the_social_audit": null, "number_of_participants_m_in_social_audit": null, "number_of_participants_w_in_social_audit": null, "number_of_participants_t_in_social_audit": null, "beneficiary_villages_count": 1, "beneficiary_villages": "4010", "list_of_villages_crossed_by_track_or_electrification": [ ], "infrastructure_changed": null, "infrastructure_deleted": false, "level_of_achievement_donation_certificate": null, "comments": null, "location_name": "TAMBATE", "latitude": 10.935298, "longitude": 0.64414, "hierarchy": "TAMBATE > KOUNDJOARE > KPENDJAL 1 > KPENDJAL > SAVANES", "link_to_subproject": null, "depth_of_drilling": null, "drilling_flow_rate": null, "number_of_latrine_blocks": null, "has_latrine_blocs": null, "storage_capacity": null, "official_handover_date_to_sector": null, "length_of_the_track": null, "extension_length": null, "number_of_drinking_fountains": null, "estimated_number_of_beneficiaries": null, "refugee_and_internally_displaced_persons_group": null, "has_fence": null, "number_of_sections_of_track_developed": null, "amount_of_the_controllers_contract_in_SES": null, "amount_of_the_contract_for_construction_supervisors": null, "date_signature_contract_facilitator": null, "amount_of_the_facilitator_contract": null, "amount_spent_on_completing_the_infrastructure": 2380394.0, "amount_spent_on_infrastructure_up_to_provisional_acceptance": 23808394.0, "number_of_streetlights": null, "distance_covered_by_streetlights": null, "canton": null, "market_name": null }, "geometry": { "type": "Point", "coordinates": [ 0.64414, 10.935298 ] } },
{ "type": "Feature", "properties": { "id": 1510, "number": 926, "joint_subproject_number": 42, "title": "Réhabilitation du forage photovoltaïque de Kassou 1", "type": "Forages photovoltaïques dans les communautés pour eau de boisson", "subproject_type_designation": "Subproject", "sector": "Eau–Hydraulique", "works_type": "Réhabilitation", "component": "COMPOSANTE 1.1", "projects": "COSO", "financiers": "Banque Mondiale", "status": "Achevé 100.0%", "current_status_of_the_site": "Achevé", "progress_percent": null, "progress_value": 100.0, "estimated_cost": 12000000.0, "contract_amount_work_companies": 13384174.0, "total_contract_amount_paid": 13384174.0, "amount_of_the_care_and_maintenance_fund_expected": null, "care_and_maintenance_amount_on_village_account": 93000.0, "date_signature_contract_work_companies": "2025-06-19", "date_signature_contract_efme": null, "contract_companies_amount_for_efme": null, "date_signature_contract_controllers_in_SES": null, "date_of_signature_of_contract_for_construction_supervisors": null, "approval_date_cora": "2022-10-28", "launch_date": "2025-07-10", "expected_duration": 3.0, "expected_end_date": "2025-11-10", "work_completion_date": "2025-12-29", "date_of_technical_acceptance_of_work": null, "date_of_provisional_acceptance_of_work": null, "official_handover_date_to_community": null, "existence_of_maintenance_plan": false, "wave": "1", "number_of_classrooms": 0.0, "number_of_infrastructures": 1, "population": 398.0, "direct_beneficiaries_men": 173.0, "direct_beneficiaries_women": 225.0, "women_s_group": "True", "youth_group": null, "breeders_farmers_group": null, "ethnic_minority_group": null, "date_of_organization_of_the_social_audit": null, "number_of_participants_m_in_social_audit": null, "number_of_participants_w_in_social_audit": null, "number_of_participants_t_in_social_audit": null, "beneficiary_villages_count": 1, "beneficiary_villages": "1965", "list_of_villages_crossed_by_track_or_electrification": [ ], "infrastructure_changed": null, "infrastructure_deleted": false, "level_of_achievement_donation_certificate": "N/A (ancien site)", "comments": null, "location_name": "KASSOU 1", "latitude": 0.0, "longitude": 0.0, "hierarchy": "KASSOU 1 > BOADE > CINKASSE 1 > CINKASSE > SAVANES", "link_to_subproject": null, "depth_of_drilling": null, "drilling_flow_rate": null, "number_of_latrine_blocks": null, "has_latrine_blocs": null, "storage_capacity": null, "official_handover_date_to_sector": null, "length_of_the_track": null, "extension_length": null, "number_of_drinking_fountains": null, "estimated_number_of_beneficiaries": 200.0, "refugee_and_internally_displaced_persons_group": "True", "has_fence": null, "number_of_sections_of_track_developed": 2.0, "amount_of_the_controllers_contract_in_SES": null, "amount_of_the_contract_for_construction_supervisors": null, "date_signature_contract_facilitator": null, "amount_of_the_facilitator_contract": null, "amount_spent_on_completing_the_infrastructure": null, "amount_spent_on_infrastructure_up_to_provisional_acceptance": null, "number_of_streetlights": null, "distance_covered_by_streetlights": null, "canton": null, "market_name": null }, "geometry": { "type": "Point", "coordinates": [ 0.0, 0.0 ] } },
{ "type": "Feature", "properties": { "id": 1511, "number": 927, "joint_subproject_number": 107, "title": "Réhabilitation de la Retenues d'eau pour le maraîchage et l'abreuvement des animaux", "type": "Forages photovoltaïques pour les activités maraîchères", "subproject_type_designation": "Subproject", "sector": "Eau–Hydraulique", "works_type": "Réhabilitation", "component": "COMPOSANTE 1.1", "projects": "COSO", "financiers": "Banque Mondiale", "status": "Réception provisoire 100.0%", "current_status_of_the_site": "Réception provisoire", "progress_percent": null, "progress_value": 100.0, "estimated_cost": 29742500.0, "contract_amount_work_companies": 19949651.0, "total_contract_amount_paid": 19949651.0, "amount_of_the_care_and_maintenance_fund_expected": null, "care_and_maintenance_amount_on_village_account": 250000.0, "date_signature_contract_work_companies": "2025-03-14", "date_signature_contract_efme": null, "contract_companies_amount_for_efme": null, "date_signature_contract_controllers_in_SES": null, "date_of_signature_of_contract_for_construction_supervisors": null, "approval_date_cora": "2023-02-22", "launch_date": "2025-03-20", "expected_duration": 3.0, "expected_end_date": "2025-06-20", "work_completion_date": "2025-06-03", "date_of_technical_acceptance_of_work": "2025-06-03", "date_of_provisional_acceptance_of_work": "2025-06-11", "official_handover_date_to_community": null, "existence_of_maintenance_plan": false, "wave": "3", "number_of_classrooms": 0.0, "number_of_infrastructures": 1, "population": 2060.0, "direct_beneficiaries_men": 1097.0, "direct_beneficiaries_women": 1288.0, "women_s_group": "True", "youth_group": "True", "breeders_farmers_group": "True", "ethnic_minority_group": "True", "date_of_organization_of_the_social_audit": "2025-07-08", "number_of_participants_m_in_social_audit": 39.0, "number_of_participants_w_in_social_audit": 49.0, "number_of_participants_t_in_social_audit": 88.0, "beneficiary_villages_count": 2, "beneficiary_villages": "2078; 3884", "list_of_villages_crossed_by_track_or_electrification": [ ], "infrastructure_changed": null, "infrastructure_deleted": false, "level_of_achievement_donation_certificate": "Chef village", "comments": null, "location_name": "SAFOBE 2", "latitude": 0.0, "longitude": 0.0, "hierarchy": "SAFOBE 2 > SAM-NABA > CINKASSE 2 > CINKASSE > SAVANES", "link_to_subproject": null, "depth_of_drilling": null, "drilling_flow_rate": null, "number_of_latrine_blocks": null, "has_latrine_blocs": null, "storage_capacity": null, "official_handover_date_to_sector": null, "length_of_the_track": null, "extension_length": null, "number_of_drinking_fountains": null, "estimated_number_of_beneficiaries": null, "refugee_and_internally_displaced_persons_group": null, "has_fence": null, "number_of_sections_of_track_developed": null, "amount_of_the_controllers_contract_in_SES": null, "amount_of_the_contract_for_construction_supervisors": null, "date_signature_contract_facilitator": null, "amount_of_the_facilitator_contract": null, "amount_spent_on_completing_the_infrastructure": null, "amount_spent_on_infrastructure_up_to_provisional_acceptance": null, "number_of_streetlights": null, "distance_covered_by_streetlights": null, "canton": null, "market_name": null }, "geometry": { "type": "Point", "coordinates": [ 0.0, 0.0 ] } },
{ "type": "Feature", "properties": { "id": 1512, "number": 928, "joint_subproject_number": 139, "title": "Réalisation d'une forage photovoltaïque pour eau de boisson en communauté", "type": "Forages photovoltaïques dans les communautés pour eau de boisson", "subproject_type_designation": "Subproject", "sector": "Eau–Hydraulique", "works_type": "Construction", "component": "COMPOSANTE 1.1", "projects": "COSO", "financiers": "Banque Mondiale", "status": "Achevé 100.0%", "current_status_of_the_site": "Achevé", "progress_percent": 100.0, "progress_value": 100.0, "estimated_cost": 25000000.0, "contract_amount_work_companies": 20785378.0, "total_contract_amount_paid": 20785378.0, "amount_of_the_care_and_maintenance_fund_expected": null, "care_and_maintenance_amount_on_village_account": 140000.0, "date_signature_contract_work_companies": "2025-07-08", "date_signature_contract_efme": null, "contract_companies_amount_for_efme": null, "date_signature_contract_controllers_in_SES": null, "date_of_signature_of_contract_for_construction_supervisors": null, "approval_date_cora": "2023-02-22", "launch_date": "2025-07-28", "expected_duration": 3.0, "expected_end_date": "2025-10-28", "work_completion_date": "2026-02-15", "date_of_technical_acceptance_of_work": null, "date_of_provisional_acceptance_of_work": null, "official_handover_date_to_community": null, "existence_of_maintenance_plan": false, "wave": "2", "number_of_classrooms": 0.0, "number_of_infrastructures": 1, "population": 1382.0, "direct_beneficiaries_men": 649.0, "direct_beneficiaries_women": 733.0, "women_s_group": "True", "youth_group": "True", "breeders_farmers_group": "True", "ethnic_minority_group": "True", "date_of_organization_of_the_social_audit": "2026-03-25", "number_of_participants_m_in_social_audit": 17.0, "number_of_participants_w_in_social_audit": 98.0, "number_of_participants_t_in_social_audit": 115.0, "beneficiary_villages_count": 1, "beneficiary_villages": "2144", "list_of_villages_crossed_by_track_or_electrification": [ ], "infrastructure_changed": null, "infrastructure_deleted": false, "level_of_achievement_donation_certificate": "N/A (ancien site)", "comments": null, "location_name": "SANLOAGA", "latitude": 10.968935, "longitude": 0.786435, "hierarchy": "SANLOAGA > KOUNDJOARE > KPENDJAL 1 > KPENDJAL > SAVANES", "link_to_subproject": null, "depth_of_drilling": null, "drilling_flow_rate": null, "number_of_latrine_blocks": null, "has_latrine_blocs": null, "storage_capacity": null, "official_handover_date_to_sector": null, "length_of_the_track": null, "extension_length": null, "number_of_drinking_fountains": null, "estimated_number_of_beneficiaries": null, "refugee_and_internally_displaced_persons_group": null, "has_fence": null, "number_of_sections_of_track_developed": null, "amount_of_the_controllers_contract_in_SES": null, "amount_of_the_contract_for_construction_supervisors": null, "date_signature_contract_facilitator": null, "amount_of_the_facilitator_contract": null, "amount_spent_on_completing_the_infrastructure": 20785378.0, "amount_spent_on_infrastructure_up_to_provisional_acceptance": null, "number_of_streetlights": 16.0, "distance_covered_by_streetlights": null, "canton": null, "market_name": null }, "geometry": { "type": "Point", "coordinates": [ 0.786435, 10.968935 ] } },
{ "type": "Feature", "properties": { "id": 1514, "number": 930, "joint_subproject_number": 212, "title": "Construction d'un JEP à l'EPP Touléba (bâtiment scolaire)+ Réhabilitation du PMH existant en forage phovoltaïque + Clôture", "type": "Forages photovoltaïques dans les établissements scolaires", "subproject_type_designation": "Infrastructure", "sector": "Eau–Hydraulique", "works_type": "Réhabilitation", "component": "COMPOSANTE 1.1", "projects": "COSO", "financiers": "Banque Mondiale", "status": "Remise de l'ouvrage à la communauté 100.0%", "current_status_of_the_site": "Réception définitive", "progress_percent": null, "progress_value": 100.0, "estimated_cost": 20000000.0, "contract_amount_work_companies": 15074374.0, "total_contract_amount_paid": 15074374.0, "amount_of_the_care_and_maintenance_fund_expected": null, "care_and_maintenance_amount_on_village_account": 150000.0, "date_signature_contract_work_companies": "2024-05-08", "date_signature_contract_efme": null, "contract_companies_amount_for_efme": null, "date_signature_contract_controllers_in_SES": null, "date_of_signature_of_contract_for_construction_supervisors": null, "approval_date_cora": "2023-09-08", "launch_date": "2024-05-29", "expected_duration": 3.0, "expected_end_date": "2024-08-01", "work_completion_date": "2024-09-19", "date_of_technical_acceptance_of_work": null, "date_of_provisional_acceptance_of_work": "2024-09-19", "official_handover_date_to_community": "2025-10-14", "existence_of_maintenance_plan": false, "wave": "4", "number_of_classrooms": 0.0, "number_of_infrastructures": 1, "population": 628.0, "direct_beneficiaries_men": 297.0, "direct_beneficiaries_women": 331.0, "women_s_group": "True", "youth_group": "True", "breeders_farmers_group": "True", "ethnic_minority_group": "True", "date_of_organization_of_the_social_audit": "2025-02-22", "number_of_participants_m_in_social_audit": 74.0, "number_of_participants_w_in_social_audit": 79.0, "number_of_participants_t_in_social_audit": 153.0, "beneficiary_villages_count": 1, "beneficiary_villages": "2761", "list_of_villages_crossed_by_track_or_electrification": [ ], "infrastructure_changed": null, "infrastructure_deleted": false, "level_of_achievement_donation_certificate": null, "comments": null, "location_name": "TOULEBA", "latitude": null, "longitude": null, "hierarchy": "TOULEBA > NALI > OTI SUD 2 > OTI SUD > SAVANES", "link_to_subproject": 843.0, "depth_of_drilling": null, "drilling_flow_rate": null, "number_of_latrine_blocks": null, "has_latrine_blocs": null, "storage_capacity": null, "official_handover_date_to_sector": null, "length_of_the_track": null, "extension_length": null, "number_of_drinking_fountains": null, "estimated_number_of_beneficiaries": null, "refugee_and_internally_displaced_persons_group": null, "has_fence": null, "number_of_sections_of_track_developed": null, "amount_of_the_controllers_contract_in_SES": null, "amount_of_the_contract_for_construction_supervisors": null, "date_signature_contract_facilitator": null, "amount_of_the_facilitator_contract": null, "amount_spent_on_completing_the_infrastructure": null, "amount_spent_on_infrastructure_up_to_provisional_acceptance": null, "number_of_streetlights": null, "distance_covered_by_streetlights": null, "canton": null, "market_name": null }, "geometry": null },
{ "type": "Feature", "properties": { "id": 1519, "number": 935, "joint_subproject_number": 383, "title": "Installation de 10 lampadaires Solaires ", "type": "Forages photovoltaïques dans les communautés pour eau de boisson", "subproject_type_designation": "Subproject", "sector": "Eau–Hydraulique", "works_type": "Construction", "component": "COMPOSANTE 1.1", "projects": "COSO", "financiers": "Banque Mondiale", "status": "Réception provisoire 100.0%", "current_status_of_the_site": "Réception provisoire", "progress_percent": null, "progress_value": 100.0, "estimated_cost": 25000000.0, "contract_amount_work_companies": 20893777.0, "total_contract_amount_paid": 20893777.0, "amount_of_the_care_and_maintenance_fund_expected": null, "care_and_maintenance_amount_on_village_account": 135000.0, "date_signature_contract_work_companies": "2025-09-19", "date_signature_contract_efme": null, "contract_companies_amount_for_efme": null, "date_signature_contract_controllers_in_SES": null, "date_of_signature_of_contract_for_construction_supervisors": null, "approval_date_cora": null, "launch_date": "2025-10-27", "expected_duration": 3.0, "expected_end_date": "2026-01-27", "work_completion_date": "2026-02-02", "date_of_technical_acceptance_of_work": "2026-02-02", "date_of_provisional_acceptance_of_work": "2026-02-24", "official_handover_date_to_community": null, "existence_of_maintenance_plan": false, "wave": "6", "number_of_classrooms": 0.0, "number_of_infrastructures": 1, "population": 191.0, "direct_beneficiaries_men": 114.0, "direct_beneficiaries_women": 77.0, "women_s_group": null, "youth_group": null, "breeders_farmers_group": null, "ethnic_minority_group": null, "date_of_organization_of_the_social_audit": "2026-03-19", "number_of_participants_m_in_social_audit": 22.0, "number_of_participants_w_in_social_audit": 30.0, "number_of_participants_t_in_social_audit": 52.0, "beneficiary_villages_count": 1, "beneficiary_villages": "4524", "list_of_villages_crossed_by_track_or_electrification": [ ], "infrastructure_changed": null, "infrastructure_deleted": false, "level_of_achievement_donation_certificate": "N/A (ancien site)", "comments": null, "location_name": "PATKONE TOMONG", "latitude": 10.6047967, "longitude": 0.0393583, "hierarchy": "PATKONE TOMONG > DOUKPERGOU > TANDJOUARE 2 > TANDJOUARE > SAVANES", "link_to_subproject": null, "depth_of_drilling": null, "drilling_flow_rate": null, "number_of_latrine_blocks": null, "has_latrine_blocs": null, "storage_capacity": null, "official_handover_date_to_sector": null, "length_of_the_track": null, "extension_length": null, "number_of_drinking_fountains": null, "estimated_number_of_beneficiaries": null, "refugee_and_internally_displaced_persons_group": null, "has_fence": null, "number_of_sections_of_track_developed": 1.0, "amount_of_the_controllers_contract_in_SES": null, "amount_of_the_contract_for_construction_supervisors": null, "date_signature_contract_facilitator": null, "amount_of_the_facilitator_contract": null, "amount_spent_on_completing_the_infrastructure": null, "amount_spent_on_infrastructure_up_to_provisional_acceptance": null, "number_of_streetlights": 16.0, "distance_covered_by_streetlights": null, "canton": null, "market_name": null }, "geometry": { "type": "Point", "coordinates": [ 0.0393583, 10.6047967 ] } },
{ "type": "Feature", "properties": { "id": 1522, "number": 938, "joint_subproject_number": 352, "title": "Construction et équipement d'un bâtiment scolaire au JEP + Bloc de latrine sans forage + Réhabilitation d'un PMH en forage photovoltaïque", "type": "Forages photovoltaïques dans les établissements scolaires", "subproject_type_designation": "Infrastructure", "sector": "Eau–Hydraulique", "works_type": "Réhabilitation et construction", "component": "COMPOSANTE 1.1", "projects": "COSO", "financiers": "Banque Mondiale", "status": "Réception provisoire 100.0%", "current_status_of_the_site": "Réception provisoire", "progress_percent": null, "progress_value": 100.0, "estimated_cost": 20000000.0, "contract_amount_work_companies": 13861979.0, "total_contract_amount_paid": 13861979.0, "amount_of_the_care_and_maintenance_fund_expected": null, "care_and_maintenance_amount_on_village_account": null, "date_signature_contract_work_companies": "2024-10-18", "date_signature_contract_efme": null, "contract_companies_amount_for_efme": null, "date_signature_contract_controllers_in_SES": null, "date_of_signature_of_contract_for_construction_supervisors": null, "approval_date_cora": null, "launch_date": "2024-11-01", "expected_duration": 3.0, "expected_end_date": "2025-02-01", "work_completion_date": "2025-03-19", "date_of_technical_acceptance_of_work": "2025-03-19", "date_of_provisional_acceptance_of_work": "2025-03-19", "official_handover_date_to_community": null, "existence_of_maintenance_plan": false, "wave": "5", "number_of_classrooms": 0.0, "number_of_infrastructures": 1, "population": 1212.0, "direct_beneficiaries_men": 646.0, "direct_beneficiaries_women": 626.0, "women_s_group": "True", "youth_group": null, "breeders_farmers_group": "True", "ethnic_minority_group": null, "date_of_organization_of_the_social_audit": null, "number_of_participants_m_in_social_audit": null, "number_of_participants_w_in_social_audit": null, "number_of_participants_t_in_social_audit": null, "beneficiary_villages_count": 1, "beneficiary_villages": "4481", "list_of_villages_crossed_by_track_or_electrification": [ ], "infrastructure_changed": null, "infrastructure_deleted": false, "level_of_achievement_donation_certificate": "Maire", "comments": null, "location_name": "TCHANGUI", "latitude": null, "longitude": null, "hierarchy": "TCHANGUI > LOTOGOU > TONE 3 > TONE > SAVANES", "link_to_subproject": 1010.0, "depth_of_drilling": null, "drilling_flow_rate": null, "number_of_latrine_blocks": null, "has_latrine_blocs": null, "storage_capacity": null, "official_handover_date_to_sector": null, "length_of_the_track": null, "extension_length": null, "number_of_drinking_fountains": null, "estimated_number_of_beneficiaries": 1212.0, "refugee_and_internally_displaced_persons_group": null, "has_fence": null, "number_of_sections_of_track_developed": null, "amount_of_the_controllers_contract_in_SES": null, "amount_of_the_contract_for_construction_supervisors": null, "date_signature_contract_facilitator": null, "amount_of_the_facilitator_contract": null, "amount_spent_on_completing_the_infrastructure": null, "amount_spent_on_infrastructure_up_to_provisional_acceptance": null, "number_of_streetlights": null, "distance_covered_by_streetlights": null, "canton": null, "market_name": null }, "geometry": null },
{ "type": "Feature", "properties": { "id": 1524, "number": 940, "joint_subproject_number": 205, "title": "Construction et équipement d’un bâtiment scolaire de 4 classes avec bureau et magasin au lycée de Sanfatoute + blocs de latrines + forages photovoltaïques", "type": "Forages photovoltaïques dans les communautés pour eau de boisson", "subproject_type_designation": "Infrastructure", "sector": "Eau–Hydraulique", "works_type": "Construction", "component": "COMPOSANTE 1.1", "projects": "COSO", "financiers": "Banque Mondiale", "status": "Réception provisoire 100.0%", "current_status_of_the_site": "Réception provisoire", "progress_percent": null, "progress_value": 100.0, "estimated_cost": 20000000.0, "contract_amount_work_companies": 14176845.0, "total_contract_amount_paid": 14176845.0, "amount_of_the_care_and_maintenance_fund_expected": null, "care_and_maintenance_amount_on_village_account": 250000.0, "date_signature_contract_work_companies": "2025-02-26", "date_signature_contract_efme": null, "contract_companies_amount_for_efme": null, "date_signature_contract_controllers_in_SES": null, "date_of_signature_of_contract_for_construction_supervisors": null, "approval_date_cora": "2023-02-22", "launch_date": "2025-03-06", "expected_duration": 8.0, "expected_end_date": "2025-11-30", "work_completion_date": "2026-01-01", "date_of_technical_acceptance_of_work": null, "date_of_provisional_acceptance_of_work": "2026-01-13", "official_handover_date_to_community": null, "existence_of_maintenance_plan": true, "wave": null, "number_of_classrooms": 0.0, "number_of_infrastructures": 1, "population": 200.0, "direct_beneficiaries_men": 115.0, "direct_beneficiaries_women": 94.0, "women_s_group": "True", "youth_group": "True", "breeders_farmers_group": "True", "ethnic_minority_group": "True", "date_of_organization_of_the_social_audit": null, "number_of_participants_m_in_social_audit": null, "number_of_participants_w_in_social_audit": null, "number_of_participants_t_in_social_audit": null, "beneficiary_villages_count": 2, "beneficiary_villages": "3810; 3814", "list_of_villages_crossed_by_track_or_electrification": [ ], "infrastructure_changed": null, "infrastructure_deleted": false, "level_of_achievement_donation_certificate": "Maire", "comments": null, "location_name": "TIDONTE CENTRE", "latitude": 0.0, "longitude": 0.0, "hierarchy": "TIDONTE CENTRE > SANFATOUTE > TONE 4 > TONE > SAVANES", "link_to_subproject": 834.0, "depth_of_drilling": null, "drilling_flow_rate": null, "number_of_latrine_blocks": null, "has_latrine_blocs": null, "storage_capacity": null, "official_handover_date_to_sector": null, "length_of_the_track": null, "extension_length": null, "number_of_drinking_fountains": null, "estimated_number_of_beneficiaries": null, "refugee_and_internally_displaced_persons_group": "True", "has_fence": null, "number_of_sections_of_track_developed": null, "amount_of_the_controllers_contract_in_SES": null, "amount_of_the_contract_for_construction_supervisors": null, "date_signature_contract_facilitator": null, "amount_of_the_facilitator_contract": null, "amount_spent_on_completing_the_infrastructure": null, "amount_spent_on_infrastructure_up_to_provisional_acceptance": null, "number_of_streetlights": null, "distance_covered_by_streetlights": null, "canton": null, "market_name": null }, "geometry": { "type": "Point", "coordinates": [ 0.0, 0.0 ] } },
{ "type": "Feature", "properties": { "id": 1525, "number": 941, "joint_subproject_number": 332, "title": "Construction d'un bâtiment scolaire de trois classes avec bureau et magasin plus un bloc de latrines à l'EPP Natchare AVEC FORAGE", "type": "Forages photovoltaïques dans les communautés pour eau de boisson", "subproject_type_designation": "Subproject", "sector": "Eau–Hydraulique", "works_type": "Construction", "component": "COMPOSANTE 1.1", "projects": "COSO", "financiers": "Banque Mondiale", "status": "Réception provisoire 100.0%", "current_status_of_the_site": "Réception provisoire", "progress_percent": null, "progress_value": 100.0, "estimated_cost": 30000000.0, "contract_amount_work_companies": 19699260.0, "total_contract_amount_paid": 19699260.0, "amount_of_the_care_and_maintenance_fund_expected": 250000.0, "care_and_maintenance_amount_on_village_account": null, "date_signature_contract_work_companies": "2025-11-07", "date_signature_contract_efme": null, "contract_companies_amount_for_efme": null, "date_signature_contract_controllers_in_SES": null, "date_of_signature_of_contract_for_construction_supervisors": null, "approval_date_cora": null, "launch_date": "2025-11-17", "expected_duration": 3.0, "expected_end_date": "2026-02-17", "work_completion_date": "2025-12-11", "date_of_technical_acceptance_of_work": "2025-12-11", "date_of_provisional_acceptance_of_work": "2025-12-11", "official_handover_date_to_community": null, "existence_of_maintenance_plan": false, "wave": "5", "number_of_classrooms": 0.0, "number_of_infrastructures": 1, "population": 510.0, "direct_beneficiaries_men": 257.0, "direct_beneficiaries_women": 283.0, "women_s_group": "True", "youth_group": null, "breeders_farmers_group": null, "ethnic_minority_group": "True", "date_of_organization_of_the_social_audit": null, "number_of_participants_m_in_social_audit": null, "number_of_participants_w_in_social_audit": null, "number_of_participants_t_in_social_audit": null, "beneficiary_villages_count": 2, "beneficiary_villages": "4435; 4436", "list_of_villages_crossed_by_track_or_electrification": [ ], "infrastructure_changed": null, "infrastructure_deleted": false, "level_of_achievement_donation_certificate": null, "comments": null, "location_name": "NATCHARE", "latitude": 10.8657, "longitude": 0.031187, "hierarchy": "NATCHARE > TAMI > TONE 3 > TONE > SAVANES", "link_to_subproject": null, "depth_of_drilling": null, "drilling_flow_rate": null, "number_of_latrine_blocks": null, "has_latrine_blocs": null, "storage_capacity": null, "official_handover_date_to_sector": null, "length_of_the_track": null, "extension_length": null, "number_of_drinking_fountains": null, "estimated_number_of_beneficiaries": null, "refugee_and_internally_displaced_persons_group": null, "has_fence": null, "number_of_sections_of_track_developed": null, "amount_of_the_controllers_contract_in_SES": null, "amount_of_the_contract_for_construction_supervisors": null, "date_signature_contract_facilitator": null, "amount_of_the_facilitator_contract": null, "amount_spent_on_completing_the_infrastructure": null, "amount_spent_on_infrastructure_up_to_provisional_acceptance": null, "number_of_streetlights": null, "distance_covered_by_streetlights": null, "canton": null, "market_name": null }, "geometry": { "type": "Point", "coordinates": [ 0.031187, 10.8657 ] } },
{ "type": "Feature", "properties": { "id": 1529, "number": 945, "joint_subproject_number": 217, "title": "Installation des lampadaires solaires ", "type": "Forages photovoltaïques dans les établissements scolaires", "subproject_type_designation": "Subproject", "sector": "Eau–Hydraulique", "works_type": "Construction", "component": "COMPOSANTE 1.1", "projects": "COSO", "financiers": "Banque Mondiale", "status": "Réception provisoire 100.0%", "current_status_of_the_site": "Réception provisoire", "progress_percent": null, "progress_value": 100.0, "estimated_cost": 20000000.0, "contract_amount_work_companies": 19516669.0, "total_contract_amount_paid": 19516669.0, "amount_of_the_care_and_maintenance_fund_expected": null, "care_and_maintenance_amount_on_village_account": 268000.0, "date_signature_contract_work_companies": "2025-04-02", "date_signature_contract_efme": null, "contract_companies_amount_for_efme": null, "date_signature_contract_controllers_in_SES": null, "date_of_signature_of_contract_for_construction_supervisors": null, "approval_date_cora": "2023-09-08", "launch_date": "2025-04-15", "expected_duration": 4.0, "expected_end_date": "2025-07-15", "work_completion_date": "2025-07-05", "date_of_technical_acceptance_of_work": "2025-07-09", "date_of_provisional_acceptance_of_work": "2025-07-09", "official_handover_date_to_community": null, "existence_of_maintenance_plan": false, "wave": "4", "number_of_classrooms": 0.0, "number_of_infrastructures": 1, "population": 1057.0, "direct_beneficiaries_men": 470.0, "direct_beneficiaries_women": 587.0, "women_s_group": "True", "youth_group": null, "breeders_farmers_group": "True", "ethnic_minority_group": "True", "date_of_organization_of_the_social_audit": null, "number_of_participants_m_in_social_audit": null, "number_of_participants_w_in_social_audit": null, "number_of_participants_t_in_social_audit": null, "beneficiary_villages_count": 1, "beneficiary_villages": "4038", "list_of_villages_crossed_by_track_or_electrification": [ ], "infrastructure_changed": null, "infrastructure_deleted": false, "level_of_achievement_donation_certificate": "N/A (ancien site)", "comments": null, "location_name": "DAKPALI 1", "latitude": null, "longitude": null, "hierarchy": "DAKPALI 1 > TCHAMONGA > OTI SUD 1 > OTI SUD > SAVANES", "link_to_subproject": null, "depth_of_drilling": null, "drilling_flow_rate": null, "number_of_latrine_blocks": null, "has_latrine_blocs": null, "storage_capacity": null, "official_handover_date_to_sector": null, "length_of_the_track": null, "extension_length": null, "number_of_drinking_fountains": null, "estimated_number_of_beneficiaries": 250.0, "refugee_and_internally_displaced_persons_group": null, "has_fence": null, "number_of_sections_of_track_developed": 2.0, "amount_of_the_controllers_contract_in_SES": null, "amount_of_the_contract_for_construction_supervisors": null, "date_signature_contract_facilitator": null, "amount_of_the_facilitator_contract": null, "amount_spent_on_completing_the_infrastructure": null, "amount_spent_on_infrastructure_up_to_provisional_acceptance": null, "number_of_streetlights": 13.0, "distance_covered_by_streetlights": null, "canton": null, "market_name": null }, "geometry": null },
{ "type": "Feature", "properties": { "id": 1538, "number": 958, "joint_subproject_number": 512, "title": "Réalisation d'un forage photovotaïque pour eau de boisson dans le marché de Kaboli", "type": "Forages photovoltaïques dans les marchés pour eau de boisson", "subproject_type_designation": "Infrastructure", "sector": "Eau–Hydraulique", "works_type": "Construction", "component": "COMPOSANTE 1.2", "projects": "COSO", "financiers": "Banque Mondiale", "status": "Réception provisoire 100.0%", "current_status_of_the_site": "Réception provisoire", "progress_percent": null, "progress_value": 100.0, "estimated_cost": 20000000.0, "contract_amount_work_companies": 19176851.0, "total_contract_amount_paid": 19176851.0, "amount_of_the_care_and_maintenance_fund_expected": null, "care_and_maintenance_amount_on_village_account": null, "date_signature_contract_work_companies": "2025-06-25", "date_signature_contract_efme": null, "contract_companies_amount_for_efme": null, "date_signature_contract_controllers_in_SES": null, "date_of_signature_of_contract_for_construction_supervisors": null, "approval_date_cora": null, "launch_date": "2025-08-11", "expected_duration": 4.0, "expected_end_date": "2025-12-11", "work_completion_date": "2026-03-13", "date_of_technical_acceptance_of_work": "2026-03-13", "date_of_provisional_acceptance_of_work": "2026-03-18", "official_handover_date_to_community": null, "existence_of_maintenance_plan": false, "wave": null, "number_of_classrooms": 0.0, "number_of_infrastructures": 1, "population": null, "direct_beneficiaries_men": null, "direct_beneficiaries_women": null, "women_s_group": null, "youth_group": null, "breeders_farmers_group": null, "ethnic_minority_group": null, "date_of_organization_of_the_social_audit": null, "number_of_participants_m_in_social_audit": null, "number_of_participants_w_in_social_audit": null, "number_of_participants_t_in_social_audit": null, "beneficiary_villages_count": 12, "beneficiary_villages": "1929; 1930; 1931; 1932; 1933; 1934; 1935; 4020; 4021; 4022; 4025; 4026", "list_of_villages_crossed_by_track_or_electrification": [ ], "infrastructure_changed": null, "infrastructure_deleted": false, "level_of_achievement_donation_certificate": null, "comments": null, "location_name": "KABOLI", "latitude": 8.746372, "longitude": 1.575045, "hierarchy": "KABOLI > TCHAMBA 3 > TCHAMBA > CENTRALE", "link_to_subproject": 1819.0, "depth_of_drilling": null, "drilling_flow_rate": null, "number_of_latrine_blocks": null, "has_latrine_blocs": null, "storage_capacity": null, "official_handover_date_to_sector": null, "length_of_the_track": null, "extension_length": null, "number_of_drinking_fountains": null, "estimated_number_of_beneficiaries": null, "refugee_and_internally_displaced_persons_group": null, "has_fence": null, "number_of_sections_of_track_developed": null, "amount_of_the_controllers_contract_in_SES": null, "amount_of_the_contract_for_construction_supervisors": null, "date_signature_contract_facilitator": null, "amount_of_the_facilitator_contract": null, "amount_spent_on_completing_the_infrastructure": null, "amount_spent_on_infrastructure_up_to_provisional_acceptance": null, "number_of_streetlights": null, "distance_covered_by_streetlights": null, "canton": "KABOLI", "market_name": "Marché de Kaboli" }, "geometry": { "type": "Point", "coordinates": [ 1.575045, 8.746372 ] } },
{ "type": "Feature", "properties": { "id": 1571, "number": 995, "joint_subproject_number": 577, "title": "Réalisation d'un forage photovoltaique AEP", "type": "Forages photovoltaïques dans les communautés pour eau de boisson", "subproject_type_designation": "Subproject", "sector": "Eau–Hydraulique", "works_type": "Construction", "component": "COMPOSANTE 1.1", "projects": "FA-COSO", "financiers": "Banque Mondiale", "status": "Remise de l'ouvrage à la communauté 100.0%", "current_status_of_the_site": "Réception provisoire", "progress_percent": 100.0, "progress_value": 100.0, "estimated_cost": 20000000.0, "contract_amount_work_companies": 13803395.74, "total_contract_amount_paid": 13803395.74, "amount_of_the_care_and_maintenance_fund_expected": null, "care_and_maintenance_amount_on_village_account": null, "date_signature_contract_work_companies": "2025-12-09", "date_signature_contract_efme": null, "contract_companies_amount_for_efme": null, "date_signature_contract_controllers_in_SES": null, "date_of_signature_of_contract_for_construction_supervisors": null, "approval_date_cora": null, "launch_date": "2025-12-29", "expected_duration": 3.0, "expected_end_date": "2026-03-29", "work_completion_date": "2026-04-02", "date_of_technical_acceptance_of_work": "2026-03-10", "date_of_provisional_acceptance_of_work": "2026-04-02", "official_handover_date_to_community": "2026-04-02", "existence_of_maintenance_plan": false, "wave": "118_2025", "number_of_classrooms": 0.0, "number_of_infrastructures": 1, "population": 409.0, "direct_beneficiaries_men": 172.0, "direct_beneficiaries_women": 257.0, "women_s_group": "True", "youth_group": null, "breeders_farmers_group": "True", "ethnic_minority_group": null, "date_of_organization_of_the_social_audit": null, "number_of_participants_m_in_social_audit": null, "number_of_participants_w_in_social_audit": null, "number_of_participants_t_in_social_audit": null, "beneficiary_villages_count": 1, "beneficiary_villages": "3835", "list_of_villages_crossed_by_track_or_electrification": [ ], "infrastructure_changed": null, "infrastructure_deleted": false, "level_of_achievement_donation_certificate": null, "comments": null, "location_name": "ZOLALE", "latitude": 11.093908, "longitude": 0.029553, "hierarchy": "ZOLALE > CINKASSE > CINKASSE 1 > CINKASSE > SAVANES", "link_to_subproject": null, "depth_of_drilling": null, "drilling_flow_rate": null, "number_of_latrine_blocks": 2.0, "has_latrine_blocs": null, "storage_capacity": null, "official_handover_date_to_sector": null, "length_of_the_track": null, "extension_length": null, "number_of_drinking_fountains": null, "estimated_number_of_beneficiaries": 409.0, "refugee_and_internally_displaced_persons_group": "True", "has_fence": null, "number_of_sections_of_track_developed": null, "amount_of_the_controllers_contract_in_SES": null, "amount_of_the_contract_for_construction_supervisors": null, "date_signature_contract_facilitator": null, "amount_of_the_facilitator_contract": null, "amount_spent_on_completing_the_infrastructure": 13221939.0, "amount_spent_on_infrastructure_up_to_provisional_acceptance": 13221939.0, "number_of_streetlights": null, "distance_covered_by_streetlights": null, "canton": null, "market_name": null }, "geometry": { "type": "Point", "coordinates": [ 0.029553, 11.093908 ] } },
{ "type": "Feature", "properties": { "id": 1639, "number": 1063, "joint_subproject_number": 638, "title": "Réalisation d'un forage photovoltaïque pour eau de boisson", "type": "Forages photovoltaïques dans les communautés pour eau de boisson", "subproject_type_designation": "Subproject", "sector": "Eau–Hydraulique", "works_type": "Construction", "component": "COMPOSANTE 1.1", "projects": "FA-COSO", "financiers": "Banque Mondiale", "status": "Réception provisoire 100.0%", "current_status_of_the_site": "Réception provisoire", "progress_percent": 100.0, "progress_value": 100.0, "estimated_cost": 20000000.0, "contract_amount_work_companies": 15340000.0, "total_contract_amount_paid": 15340000.0, "amount_of_the_care_and_maintenance_fund_expected": null, "care_and_maintenance_amount_on_village_account": null, "date_signature_contract_work_companies": "2025-12-12", "date_signature_contract_efme": null, "contract_companies_amount_for_efme": null, "date_signature_contract_controllers_in_SES": null, "date_of_signature_of_contract_for_construction_supervisors": null, "approval_date_cora": null, "launch_date": "2026-01-19", "expected_duration": 3.0, "expected_end_date": "2026-04-19", "work_completion_date": "2026-05-08", "date_of_technical_acceptance_of_work": "2026-05-06", "date_of_provisional_acceptance_of_work": "2026-05-08", "official_handover_date_to_community": null, "existence_of_maintenance_plan": false, "wave": "118_2025", "number_of_classrooms": 0.0, "number_of_infrastructures": 1, "population": 1800.0, "direct_beneficiaries_men": 709.0, "direct_beneficiaries_women": 1111.0, "women_s_group": null, "youth_group": "True", "breeders_farmers_group": "True", "ethnic_minority_group": "True", "date_of_organization_of_the_social_audit": null, "number_of_participants_m_in_social_audit": null, "number_of_participants_w_in_social_audit": null, "number_of_participants_t_in_social_audit": null, "beneficiary_villages_count": 2, "beneficiary_villages": "3999; 4000", "list_of_villages_crossed_by_track_or_electrification": [ ], "infrastructure_changed": null, "infrastructure_deleted": false, "level_of_achievement_donation_certificate": null, "comments": null, "location_name": "EDOGA 2", "latitude": 0.0, "longitude": 0.0, "hierarchy": "EDOGA 2 > POGNO > KPENDJAL OUEST 2 > KPENDJAL OUEST > SAVANES", "link_to_subproject": null, "depth_of_drilling": null, "drilling_flow_rate": null, "number_of_latrine_blocks": 2.0, "has_latrine_blocs": null, "storage_capacity": null, "official_handover_date_to_sector": null, "length_of_the_track": null, "extension_length": null, "number_of_drinking_fountains": null, "estimated_number_of_beneficiaries": null, "refugee_and_internally_displaced_persons_group": "True", "has_fence": null, "number_of_sections_of_track_developed": null, "amount_of_the_controllers_contract_in_SES": null, "amount_of_the_contract_for_construction_supervisors": null, "date_signature_contract_facilitator": null, "amount_of_the_facilitator_contract": null, "amount_spent_on_completing_the_infrastructure": 15340000.0, "amount_spent_on_infrastructure_up_to_provisional_acceptance": 15340000.0, "number_of_streetlights": null, "distance_covered_by_streetlights": null, "canton": null, "market_name": null }, "geometry": { "type": "Point", "coordinates": [ 0.0, 0.0 ] } },
{ "type": "Feature", "properties": { "id": 1665, "number": 1089, "joint_subproject_number": 660, "title": "Realisation de forage photovoltaique pour eau de boisson", "type": "Forages photovoltaïques dans les communautés pour eau de boisson", "subproject_type_designation": "Subproject", "sector": "Eau–Hydraulique", "works_type": "Construction", "component": "COMPOSANTE 1.1", "projects": "FA-COSO", "financiers": "Banque Mondiale", "status": "Réception provisoire 100.0%", "current_status_of_the_site": "Réception provisoire", "progress_percent": null, "progress_value": 100.0, "estimated_cost": 20000000.0, "contract_amount_work_companies": 19145211.0, "total_contract_amount_paid": 19145211.0, "amount_of_the_care_and_maintenance_fund_expected": null, "care_and_maintenance_amount_on_village_account": null, "date_signature_contract_work_companies": "2025-11-21", "date_signature_contract_efme": null, "contract_companies_amount_for_efme": null, "date_signature_contract_controllers_in_SES": null, "date_of_signature_of_contract_for_construction_supervisors": null, "approval_date_cora": null, "launch_date": "2025-11-26", "expected_duration": 3.0, "expected_end_date": "2026-02-26", "work_completion_date": "2026-03-10", "date_of_technical_acceptance_of_work": "2026-03-10", "date_of_provisional_acceptance_of_work": "2026-03-25", "official_handover_date_to_community": null, "existence_of_maintenance_plan": false, "wave": "118_2025", "number_of_classrooms": 0.0, "number_of_infrastructures": 1, "population": 1400.0, "direct_beneficiaries_men": 672.0, "direct_beneficiaries_women": 728.0, "women_s_group": "True", "youth_group": "True", "breeders_farmers_group": "True", "ethnic_minority_group": "True", "date_of_organization_of_the_social_audit": null, "number_of_participants_m_in_social_audit": null, "number_of_participants_w_in_social_audit": null, "number_of_participants_t_in_social_audit": null, "beneficiary_villages_count": 1, "beneficiary_villages": "4588", "list_of_villages_crossed_by_track_or_electrification": [ ], "infrastructure_changed": null, "infrastructure_deleted": false, "level_of_achievement_donation_certificate": null, "comments": null, "location_name": "DJOULE-TCHAMONGA", "latitude": null, "longitude": null, "hierarchy": "DJOULE-TCHAMONGA > GANDO > OTI SUD 1 > OTI SUD > SAVANES", "link_to_subproject": null, "depth_of_drilling": null, "drilling_flow_rate": null, "number_of_latrine_blocks": 2.0, "has_latrine_blocs": null, "storage_capacity": null, "official_handover_date_to_sector": null, "length_of_the_track": null, "extension_length": null, "number_of_drinking_fountains": null, "estimated_number_of_beneficiaries": 850.0, "refugee_and_internally_displaced_persons_group": null, "has_fence": null, "number_of_sections_of_track_developed": null, "amount_of_the_controllers_contract_in_SES": null, "amount_of_the_contract_for_construction_supervisors": null, "date_signature_contract_facilitator": null, "amount_of_the_facilitator_contract": null, "amount_spent_on_completing_the_infrastructure": null, "amount_spent_on_infrastructure_up_to_provisional_acceptance": null, "number_of_streetlights": null, "distance_covered_by_streetlights": null, "canton": null, "market_name": null }, "geometry": null },
{ "type": "Feature", "properties": { "id": 1673, "number": 1097, "joint_subproject_number": 666, "title": "Réalisation d'un forage photovoltaique pour eau de Boisson", "type": "Forages photovoltaïques dans les communautés pour eau de boisson", "subproject_type_designation": "Subproject", "sector": "Eau–Hydraulique", "works_type": "Construction", "component": "COMPOSANTE 1.1", "projects": "FA-COSO", "financiers": "Banque Mondiale", "status": "Réception technique 100.0%", "current_status_of_the_site": "Réception provisoire", "progress_percent": 0.0, "progress_value": 100.0, "estimated_cost": 20000000.0, "contract_amount_work_companies": 18390678.0, "total_contract_amount_paid": 18390678.0, "amount_of_the_care_and_maintenance_fund_expected": 250000.0, "care_and_maintenance_amount_on_village_account": null, "date_signature_contract_work_companies": "2025-11-21", "date_signature_contract_efme": null, "contract_companies_amount_for_efme": null, "date_signature_contract_controllers_in_SES": null, "date_of_signature_of_contract_for_construction_supervisors": null, "approval_date_cora": null, "launch_date": "2025-11-26", "expected_duration": 3.0, "expected_end_date": "2026-02-26", "work_completion_date": "2026-03-30", "date_of_technical_acceptance_of_work": null, "date_of_provisional_acceptance_of_work": "2026-03-18", "official_handover_date_to_community": null, "existence_of_maintenance_plan": false, "wave": "118_2025", "number_of_classrooms": 0.0, "number_of_infrastructures": 1, "population": 3843.0, "direct_beneficiaries_men": 1803.0, "direct_beneficiaries_women": 2253.0, "women_s_group": "True", "youth_group": "True", "breeders_farmers_group": "True", "ethnic_minority_group": "True", "date_of_organization_of_the_social_audit": null, "number_of_participants_m_in_social_audit": null, "number_of_participants_w_in_social_audit": null, "number_of_participants_t_in_social_audit": null, "beneficiary_villages_count": 1, "beneficiary_villages": "4593", "list_of_villages_crossed_by_track_or_electrification": [ ], "infrastructure_changed": null, "infrastructure_deleted": false, "level_of_achievement_donation_certificate": null, "comments": null, "location_name": "N'GAMBI", "latitude": null, "longitude": null, "hierarchy": "N'GAMBI > GANDO > OTI SUD 1 > OTI SUD > SAVANES", "link_to_subproject": null, "depth_of_drilling": null, "drilling_flow_rate": null, "number_of_latrine_blocks": 2.0, "has_latrine_blocs": null, "storage_capacity": null, "official_handover_date_to_sector": null, "length_of_the_track": null, "extension_length": null, "number_of_drinking_fountains": null, "estimated_number_of_beneficiaries": 300.0, "refugee_and_internally_displaced_persons_group": "True", "has_fence": null, "number_of_sections_of_track_developed": null, "amount_of_the_controllers_contract_in_SES": null, "amount_of_the_contract_for_construction_supervisors": null, "date_signature_contract_facilitator": null, "amount_of_the_facilitator_contract": null, "amount_spent_on_completing_the_infrastructure": null, "amount_spent_on_infrastructure_up_to_provisional_acceptance": null, "number_of_streetlights": null, "distance_covered_by_streetlights": null, "canton": null, "market_name": null }, "geometry": null },
{ "type": "Feature", "properties": { "id": 1687, "number": 1111, "joint_subproject_number": 676, "title": "Réalisation d'un forage photo voltaïque pour eau de boisson, dans le quartier des réfugiés (Pigniéka)", "type": "Forages photovoltaïques dans les communautés pour eau de boisson", "subproject_type_designation": "Subproject", "sector": "Eau–Hydraulique", "works_type": "Construction", "component": "COMPOSANTE 1.1", "projects": "FA-COSO", "financiers": "Banque Mondiale", "status": "Réception technique 100.0%", "current_status_of_the_site": "Réception technique", "progress_percent": 100.0, "progress_value": 100.0, "estimated_cost": 20000000.0, "contract_amount_work_companies": 14715799.0, "total_contract_amount_paid": 14715799.0, "amount_of_the_care_and_maintenance_fund_expected": null, "care_and_maintenance_amount_on_village_account": null, "date_signature_contract_work_companies": "2026-01-13", "date_signature_contract_efme": null, "contract_companies_amount_for_efme": null, "date_signature_contract_controllers_in_SES": null, "date_of_signature_of_contract_for_construction_supervisors": null, "approval_date_cora": "2025-05-27", "launch_date": "2026-01-26", "expected_duration": 3.0, "expected_end_date": "2026-04-26", "work_completion_date": "2026-05-15", "date_of_technical_acceptance_of_work": "2026-05-19", "date_of_provisional_acceptance_of_work": null, "official_handover_date_to_community": null, "existence_of_maintenance_plan": false, "wave": "118_2025", "number_of_classrooms": 0.0, "number_of_infrastructures": 1, "population": 3050.0, "direct_beneficiaries_men": 1042.0, "direct_beneficiaries_women": 2282.0, "women_s_group": "True", "youth_group": null, "breeders_farmers_group": null, "ethnic_minority_group": "True", "date_of_organization_of_the_social_audit": null, "number_of_participants_m_in_social_audit": null, "number_of_participants_w_in_social_audit": null, "number_of_participants_t_in_social_audit": null, "beneficiary_villages_count": 1, "beneficiary_villages": "6488", "list_of_villages_crossed_by_track_or_electrification": [ ], "infrastructure_changed": null, "infrastructure_deleted": false, "level_of_achievement_donation_certificate": null, "comments": null, "location_name": "NASSIKOU", "latitude": 10.165172, "longitude": 0.729873, "hierarchy": "NASSIKOU > SAGBIEBOU > OTI SUD 1 > OTI SUD > SAVANES", "link_to_subproject": null, "depth_of_drilling": null, "drilling_flow_rate": null, "number_of_latrine_blocks": 2.0, "has_latrine_blocs": null, "storage_capacity": null, "official_handover_date_to_sector": null, "length_of_the_track": null, "extension_length": null, "number_of_drinking_fountains": null, "estimated_number_of_beneficiaries": null, "refugee_and_internally_displaced_persons_group": "True", "has_fence": null, "number_of_sections_of_track_developed": null, "amount_of_the_controllers_contract_in_SES": null, "amount_of_the_contract_for_construction_supervisors": null, "date_signature_contract_facilitator": null, "amount_of_the_facilitator_contract": null, "amount_spent_on_completing_the_infrastructure": 10357833.0, "amount_spent_on_infrastructure_up_to_provisional_acceptance": null, "number_of_streetlights": null, "distance_covered_by_streetlights": null, "canton": null, "market_name": null }, "geometry": { "type": "Point", "coordinates": [ 0.729873, 10.165172 ] } },
{ "type": "Feature", "properties": { "id": 1692, "number": 1116, "joint_subproject_number": 680, "title": "Réalisation d'un forage photovoltaique pour eau de boisson", "type": "Forages photovoltaïques dans les communautés pour eau de boisson", "subproject_type_designation": "Subproject", "sector": "Eau–Hydraulique", "works_type": "Construction", "component": "COMPOSANTE 1.1", "projects": "FA-COSO", "financiers": "Banque Mondiale", "status": "Réception technique 100.0%", "current_status_of_the_site": "Réception technique", "progress_percent": 100.0, "progress_value": 100.0, "estimated_cost": 20000000.0, "contract_amount_work_companies": 15025605.0, "total_contract_amount_paid": 15025605.0, "amount_of_the_care_and_maintenance_fund_expected": null, "care_and_maintenance_amount_on_village_account": null, "date_signature_contract_work_companies": "2026-01-13", "date_signature_contract_efme": null, "contract_companies_amount_for_efme": null, "date_signature_contract_controllers_in_SES": null, "date_of_signature_of_contract_for_construction_supervisors": null, "approval_date_cora": "2025-05-27", "launch_date": "2026-01-13", "expected_duration": 3.0, "expected_end_date": "2026-04-13", "work_completion_date": "2026-05-14", "date_of_technical_acceptance_of_work": "2026-05-19", "date_of_provisional_acceptance_of_work": null, "official_handover_date_to_community": null, "existence_of_maintenance_plan": false, "wave": "118_2025", "number_of_classrooms": 0.0, "number_of_infrastructures": 1, "population": 599.0, "direct_beneficiaries_men": 235.0, "direct_beneficiaries_women": 364.0, "women_s_group": "True", "youth_group": "True", "breeders_farmers_group": "True", "ethnic_minority_group": "True", "date_of_organization_of_the_social_audit": null, "number_of_participants_m_in_social_audit": null, "number_of_participants_w_in_social_audit": null, "number_of_participants_t_in_social_audit": null, "beneficiary_villages_count": 1, "beneficiary_villages": "6515", "list_of_villages_crossed_by_track_or_electrification": [ ], "infrastructure_changed": null, "infrastructure_deleted": false, "level_of_achievement_donation_certificate": null, "comments": null, "location_name": "TIEPAH", "latitude": 10.178085, "longitude": 0.612965, "hierarchy": "TIEPAH > SAGBIEBOU > OTI SUD 1 > OTI SUD > SAVANES", "link_to_subproject": null, "depth_of_drilling": null, "drilling_flow_rate": null, "number_of_latrine_blocks": 2.0, "has_latrine_blocs": null, "storage_capacity": null, "official_handover_date_to_sector": null, "length_of_the_track": null, "extension_length": null, "number_of_drinking_fountains": null, "estimated_number_of_beneficiaries": null, "refugee_and_internally_displaced_persons_group": "True", "has_fence": null, "number_of_sections_of_track_developed": null, "amount_of_the_controllers_contract_in_SES": null, "amount_of_the_contract_for_construction_supervisors": null, "date_signature_contract_facilitator": null, "amount_of_the_facilitator_contract": null, "amount_spent_on_completing_the_infrastructure": 13523044.0, "amount_spent_on_infrastructure_up_to_provisional_acceptance": null, "number_of_streetlights": null, "distance_covered_by_streetlights": null, "canton": null, "market_name": null }, "geometry": { "type": "Point", "coordinates": [ 0.612965, 10.178085 ] } },
{ "type": "Feature", "properties": { "id": 1826, "number": 1237, "joint_subproject_number": 673, "title": "Construction d'un bâtiment  du JEP de deux classes plus clôture sans forage", "type": "Forages photovoltaïques dans les établissements scolaires", "subproject_type_designation": "Infrastructure", "sector": "Eau–Hydraulique", "works_type": "Construction", "component": "COMPOSANTE 1.1", "projects": "FA-COSO", "financiers": "Banque Mondiale", "status": "Réception technique 100.0%", "current_status_of_the_site": "Achevé", "progress_percent": null, "progress_value": 22.0, "estimated_cost": 20000000.0, "contract_amount_work_companies": 14296252.0, "total_contract_amount_paid": 14296252.0, "amount_of_the_care_and_maintenance_fund_expected": null, "care_and_maintenance_amount_on_village_account": null, "date_signature_contract_work_companies": "2026-01-13", "date_signature_contract_efme": null, "contract_companies_amount_for_efme": null, "date_signature_contract_controllers_in_SES": null, "date_of_signature_of_contract_for_construction_supervisors": null, "approval_date_cora": null, "launch_date": "2026-01-26", "expected_duration": 4.0, "expected_end_date": "2026-05-26", "work_completion_date": "2026-03-24", "date_of_technical_acceptance_of_work": "2026-03-24", "date_of_provisional_acceptance_of_work": null, "official_handover_date_to_community": null, "existence_of_maintenance_plan": false, "wave": "118_2025", "number_of_classrooms": 0.0, "number_of_infrastructures": 1, "population": null, "direct_beneficiaries_men": null, "direct_beneficiaries_women": null, "women_s_group": null, "youth_group": null, "breeders_farmers_group": null, "ethnic_minority_group": null, "date_of_organization_of_the_social_audit": null, "number_of_participants_m_in_social_audit": null, "number_of_participants_w_in_social_audit": null, "number_of_participants_t_in_social_audit": null, "beneficiary_villages_count": 1, "beneficiary_villages": "6482", "list_of_villages_crossed_by_track_or_electrification": [ ], "infrastructure_changed": null, "infrastructure_deleted": false, "level_of_achievement_donation_certificate": null, "comments": null, "location_name": "BAOULE", "latitude": 10.263224, "longitude": 0.578949, "hierarchy": "BAOULE > SAGBIEBOU > OTI SUD 1 > OTI SUD > SAVANES", "link_to_subproject": 1682.0, "depth_of_drilling": null, "drilling_flow_rate": null, "number_of_latrine_blocks": null, "has_latrine_blocs": null, "storage_capacity": null, "official_handover_date_to_sector": null, "length_of_the_track": null, "extension_length": null, "number_of_drinking_fountains": null, "estimated_number_of_beneficiaries": null, "refugee_and_internally_displaced_persons_group": null, "has_fence": null, "number_of_sections_of_track_developed": null, "amount_of_the_controllers_contract_in_SES": null, "amount_of_the_contract_for_construction_supervisors": null, "date_signature_contract_facilitator": null, "amount_of_the_facilitator_contract": null, "amount_spent_on_completing_the_infrastructure": null, "amount_spent_on_infrastructure_up_to_provisional_acceptance": null, "number_of_streetlights": null, "distance_covered_by_streetlights": null, "canton": null, "market_name": null }, "geometry": { "type": "Point", "coordinates": [ 0.578949, 10.263224 ] } },
{ "type": "Feature", "properties": { "id": 1827, "number": 1238, "joint_subproject_number": 516, "title": "Réhabilitation du Marché de KORBONGOU", "type": "Forages photovoltaïques dans les marchés pour eau de boisson", "subproject_type_designation": "Infrastructure", "sector": "Eau–Hydraulique", "works_type": "Construction", "component": "COMPOSANTE 1.2", "projects": "COSO", "financiers": "Banque Mondiale", "status": "Achevé 100.0%", "current_status_of_the_site": "Achevé", "progress_percent": null, "progress_value": 100.0, "estimated_cost": null, "contract_amount_work_companies": null, "total_contract_amount_paid": null, "amount_of_the_care_and_maintenance_fund_expected": null, "care_and_maintenance_amount_on_village_account": null, "date_signature_contract_work_companies": "2025-04-11", "date_signature_contract_efme": null, "contract_companies_amount_for_efme": null, "date_signature_contract_controllers_in_SES": null, "date_of_signature_of_contract_for_construction_supervisors": null, "approval_date_cora": null, "launch_date": "2025-04-23", "expected_duration": 6.0, "expected_end_date": null, "work_completion_date": "2025-12-31", "date_of_technical_acceptance_of_work": null, "date_of_provisional_acceptance_of_work": null, "official_handover_date_to_community": null, "existence_of_maintenance_plan": false, "wave": "New ouv", "number_of_classrooms": 0.0, "number_of_infrastructures": 1, "population": null, "direct_beneficiaries_men": null, "direct_beneficiaries_women": null, "women_s_group": null, "youth_group": null, "breeders_farmers_group": null, "ethnic_minority_group": null, "date_of_organization_of_the_social_audit": null, "number_of_participants_m_in_social_audit": null, "number_of_participants_w_in_social_audit": null, "number_of_participants_t_in_social_audit": null, "beneficiary_villages_count": 61, "beneficiary_villages": "3692; 3693; 3696; 3698; 3699; 3700; 3701; 3706; 3707; 3709; 3711; 3713; 3716; 3719; 3720; 3721; 3723; 3726; 3727; 3728; 3729; 3730; 3731; 3732; 3733; 3734; 3735; 3736; 3738; 3739; 3740; 3742; 3743; 3744; 3745; 3746; 3747; 3748; 3863; 3864; 3865; 3866; 3867; 3868; 3870; 3872; 3873; 3880; 3881; 3974; 3975; 3979; 3983; 3986; 3987; 3988; 3989; 3990; 3996; 4002; 4006", "list_of_villages_crossed_by_track_or_electrification": [ ], "infrastructure_changed": null, "infrastructure_deleted": false, "level_of_achievement_donation_certificate": null, "comments": null, "location_name": "KORBONGOU CENTRE", "latitude": null, "longitude": null, "hierarchy": "KORBONGOU CENTRE > KORBONGOU > TONE 4 > TONE > SAVANES", "link_to_subproject": 1392.0, "depth_of_drilling": null, "drilling_flow_rate": null, "number_of_latrine_blocks": null, "has_latrine_blocs": null, "storage_capacity": null, "official_handover_date_to_sector": null, "length_of_the_track": null, "extension_length": null, "number_of_drinking_fountains": null, "estimated_number_of_beneficiaries": null, "refugee_and_internally_displaced_persons_group": null, "has_fence": null, "number_of_sections_of_track_developed": null, "amount_of_the_controllers_contract_in_SES": null, "amount_of_the_contract_for_construction_supervisors": null, "date_signature_contract_facilitator": null, "amount_of_the_facilitator_contract": null, "amount_spent_on_completing_the_infrastructure": null, "amount_spent_on_infrastructure_up_to_provisional_acceptance": null, "number_of_streetlights": null, "distance_covered_by_streetlights": null, "canton": "KORBONGOU", "market_name": "Marché de Korbongou " }, "geometry": null },
{ "type": "Feature", "properties": { "id": 1966, "number": 1448, "joint_subproject_number": 865, "title": "Mini forage photovoltaïque pour les activité de maraichage de groupement de jeunes du Canton de SAM-NABA", "type": "Forages photovoltaïques pour les activités maraîchères", "subproject_type_designation": "Subproject", "sector": "Eau–Hydraulique", "works_type": null, "component": "COMPOSANTE 1.3", "projects": "COSO", "financiers": "Banque Mondiale", "status": "Achevé 100.0%", "current_status_of_the_site": "Achevé", "progress_percent": null, "progress_value": 100.0, "estimated_cost": 6000000.0, "contract_amount_work_companies": 6986094.0, "total_contract_amount_paid": 6986094.0, "amount_of_the_care_and_maintenance_fund_expected": null, "care_and_maintenance_amount_on_village_account": null, "date_signature_contract_work_companies": null, "date_signature_contract_efme": null, "contract_companies_amount_for_efme": null, "date_signature_contract_controllers_in_SES": null, "date_of_signature_of_contract_for_construction_supervisors": null, "approval_date_cora": null, "launch_date": "2025-07-02", "expected_duration": 3.0, "expected_end_date": "2025-10-02", "work_completion_date": "2025-11-24", "date_of_technical_acceptance_of_work": null, "date_of_provisional_acceptance_of_work": null, "official_handover_date_to_community": null, "existence_of_maintenance_plan": false, "wave": "New ouv", "number_of_classrooms": null, "number_of_infrastructures": 1, "population": null, "direct_beneficiaries_men": null, "direct_beneficiaries_women": null, "women_s_group": null, "youth_group": null, "breeders_farmers_group": null, "ethnic_minority_group": null, "date_of_organization_of_the_social_audit": null, "number_of_participants_m_in_social_audit": null, "number_of_participants_w_in_social_audit": null, "number_of_participants_t_in_social_audit": null, "beneficiary_villages_count": 20, "beneficiary_villages": "2069; 2072; 2077; 2078; 2080; 2081; 3884; 3901; 3902; 3903; 3904; 3905; 3906; 3907; 3909; 3910; 3911; 3912; 3913; 3914", "list_of_villages_crossed_by_track_or_electrification": [ ], "infrastructure_changed": null, "infrastructure_deleted": false, "level_of_achievement_donation_certificate": null, "comments": null, "location_name": "BONDANTCHALE (SAM-NABA)", "latitude": 0.0, "longitude": 0.0, "hierarchy": "BONDANTCHALE (SAM-NABA) > SAM-NABA > CINKASSE 2 > CINKASSE > SAVANES", "link_to_subproject": null, "depth_of_drilling": null, "drilling_flow_rate": null, "number_of_latrine_blocks": null, "has_latrine_blocs": null, "storage_capacity": null, "official_handover_date_to_sector": null, "length_of_the_track": null, "extension_length": null, "number_of_drinking_fountains": null, "estimated_number_of_beneficiaries": null, "refugee_and_internally_displaced_persons_group": null, "has_fence": null, "number_of_sections_of_track_developed": null, "amount_of_the_controllers_contract_in_SES": null, "amount_of_the_contract_for_construction_supervisors": null, "date_signature_contract_facilitator": null, "amount_of_the_facilitator_contract": null, "amount_spent_on_completing_the_infrastructure": null, "amount_spent_on_infrastructure_up_to_provisional_acceptance": null, "number_of_streetlights": null, "distance_covered_by_streetlights": null, "canton": "SAM-NABA", "market_name": null }, "geometry": { "type": "Point", "coordinates": [ 0.0, 0.0 ] } },
{ "type": "Feature", "properties": { "id": 1967, "number": 1449, "joint_subproject_number": 865, "title": "Mini forage photovoltaïque pour les activité de maraichage de groupement de jeunes du Canton de SAM-NABA", "type": "Forages photovoltaïques pour les activités maraîchères", "subproject_type_designation": "Infrastructure", "sector": "Eau–Hydraulique", "works_type": null, "component": "COMPOSANTE 1.3", "projects": "COSO", "financiers": "Banque Mondiale", "status": "Achevé 100.0%", "current_status_of_the_site": "Achevé", "progress_percent": null, "progress_value": 100.0, "estimated_cost": 6000000.0, "contract_amount_work_companies": 6986094.0, "total_contract_amount_paid": 6986094.0, "amount_of_the_care_and_maintenance_fund_expected": null, "care_and_maintenance_amount_on_village_account": null, "date_signature_contract_work_companies": null, "date_signature_contract_efme": null, "contract_companies_amount_for_efme": null, "date_signature_contract_controllers_in_SES": null, "date_of_signature_of_contract_for_construction_supervisors": null, "approval_date_cora": null, "launch_date": "2025-07-02", "expected_duration": 3.0, "expected_end_date": "2025-10-02", "work_completion_date": "2025-11-24", "date_of_technical_acceptance_of_work": null, "date_of_provisional_acceptance_of_work": null, "official_handover_date_to_community": null, "existence_of_maintenance_plan": false, "wave": "New ouv", "number_of_classrooms": null, "number_of_infrastructures": 1, "population": null, "direct_beneficiaries_men": null, "direct_beneficiaries_women": null, "women_s_group": null, "youth_group": null, "breeders_farmers_group": null, "ethnic_minority_group": null, "date_of_organization_of_the_social_audit": null, "number_of_participants_m_in_social_audit": null, "number_of_participants_w_in_social_audit": null, "number_of_participants_t_in_social_audit": null, "beneficiary_villages_count": 20, "beneficiary_villages": "2069; 2072; 2077; 2078; 2080; 2081; 3884; 3901; 3902; 3903; 3904; 3905; 3906; 3907; 3909; 3910; 3911; 3912; 3913; 3914", "list_of_villages_crossed_by_track_or_electrification": [ ], "infrastructure_changed": null, "infrastructure_deleted": false, "level_of_achievement_donation_certificate": null, "comments": null, "location_name": "SALAMOU", "latitude": 0.0, "longitude": 0.0, "hierarchy": "SALAMOU > SAM-NABA > CINKASSE 2 > CINKASSE > SAVANES", "link_to_subproject": 1966.0, "depth_of_drilling": null, "drilling_flow_rate": null, "number_of_latrine_blocks": null, "has_latrine_blocs": null, "storage_capacity": null, "official_handover_date_to_sector": null, "length_of_the_track": null, "extension_length": null, "number_of_drinking_fountains": null, "estimated_number_of_beneficiaries": null, "refugee_and_internally_displaced_persons_group": null, "has_fence": null, "number_of_sections_of_track_developed": null, "amount_of_the_controllers_contract_in_SES": null, "amount_of_the_contract_for_construction_supervisors": null, "date_signature_contract_facilitator": null, "amount_of_the_facilitator_contract": null, "amount_spent_on_completing_the_infrastructure": null, "amount_spent_on_infrastructure_up_to_provisional_acceptance": null, "number_of_streetlights": null, "distance_covered_by_streetlights": null, "canton": "SAM-NABA", "market_name": null }, "geometry": { "type": "Point", "coordinates": [ 0.0, 0.0 ] } },
{ "type": "Feature", "properties": { "id": 1968, "number": 1450, "joint_subproject_number": 865, "title": "Mini forage photovoltaïque pour les activité de maraichage de groupement de jeunes du Canton de SAM-NABA", "type": "Forages photovoltaïques pour les activités maraîchères", "subproject_type_designation": "Infrastructure", "sector": "Eau–Hydraulique", "works_type": null, "component": "COMPOSANTE 1.3", "projects": "COSO", "financiers": "Banque Mondiale", "status": "Achevé 100.0%", "current_status_of_the_site": "Achevé", "progress_percent": null, "progress_value": 100.0, "estimated_cost": 6000000.0, "contract_amount_work_companies": 6986094.0, "total_contract_amount_paid": 6986094.0, "amount_of_the_care_and_maintenance_fund_expected": null, "care_and_maintenance_amount_on_village_account": null, "date_signature_contract_work_companies": null, "date_signature_contract_efme": null, "contract_companies_amount_for_efme": null, "date_signature_contract_controllers_in_SES": null, "date_of_signature_of_contract_for_construction_supervisors": null, "approval_date_cora": null, "launch_date": "2025-07-02", "expected_duration": 3.0, "expected_end_date": "2025-10-02", "work_completion_date": "2025-11-24", "date_of_technical_acceptance_of_work": null, "date_of_provisional_acceptance_of_work": null, "official_handover_date_to_community": null, "existence_of_maintenance_plan": false, "wave": "New ouv", "number_of_classrooms": null, "number_of_infrastructures": 1, "population": null, "direct_beneficiaries_men": null, "direct_beneficiaries_women": null, "women_s_group": null, "youth_group": null, "breeders_farmers_group": null, "ethnic_minority_group": null, "date_of_organization_of_the_social_audit": null, "number_of_participants_m_in_social_audit": null, "number_of_participants_w_in_social_audit": null, "number_of_participants_t_in_social_audit": null, "beneficiary_villages_count": 20, "beneficiary_villages": "2069; 2072; 2077; 2078; 2080; 2081; 3884; 3901; 3902; 3903; 3904; 3905; 3906; 3907; 3909; 3910; 3911; 3912; 3913; 3914", "list_of_villages_crossed_by_track_or_electrification": [ ], "infrastructure_changed": null, "infrastructure_deleted": false, "level_of_achievement_donation_certificate": null, "comments": null, "location_name": "YANGBONGBONGUE", "latitude": 0.0, "longitude": 0.0, "hierarchy": "YANGBONGBONGUE > SAM-NABA > CINKASSE 2 > CINKASSE > SAVANES", "link_to_subproject": 1966.0, "depth_of_drilling": null, "drilling_flow_rate": null, "number_of_latrine_blocks": null, "has_latrine_blocs": null, "storage_capacity": null, "official_handover_date_to_sector": null, "length_of_the_track": null, "extension_length": null, "number_of_drinking_fountains": null, "estimated_number_of_beneficiaries": null, "refugee_and_internally_displaced_persons_group": null, "has_fence": null, "number_of_sections_of_track_developed": null, "amount_of_the_controllers_contract_in_SES": null, "amount_of_the_contract_for_construction_supervisors": null, "date_signature_contract_facilitator": null, "amount_of_the_facilitator_contract": null, "amount_spent_on_completing_the_infrastructure": null, "amount_spent_on_infrastructure_up_to_provisional_acceptance": null, "number_of_streetlights": null, "distance_covered_by_streetlights": null, "canton": "SAM-NABA", "market_name": null }, "geometry": { "type": "Point", "coordinates": [ 0.0, 0.0 ] } },
{ "type": "Feature", "properties": { "id": 1969, "number": 1451, "joint_subproject_number": 865, "title": "Mini forage photovoltaïque pour les activité de maraichage de groupement de jeunes du Canton de SAM-NABA", "type": "Forages photovoltaïques pour les activités maraîchères", "subproject_type_designation": "Infrastructure", "sector": "Eau–Hydraulique", "works_type": null, "component": "COMPOSANTE 1.3", "projects": "COSO", "financiers": "Banque Mondiale", "status": "Achevé 100.0%", "current_status_of_the_site": "Achevé", "progress_percent": null, "progress_value": 100.0, "estimated_cost": 6000000.0, "contract_amount_work_companies": 6986094.0, "total_contract_amount_paid": 6986094.0, "amount_of_the_care_and_maintenance_fund_expected": null, "care_and_maintenance_amount_on_village_account": null, "date_signature_contract_work_companies": null, "date_signature_contract_efme": null, "contract_companies_amount_for_efme": null, "date_signature_contract_controllers_in_SES": null, "date_of_signature_of_contract_for_construction_supervisors": null, "approval_date_cora": null, "launch_date": "2025-07-02", "expected_duration": 3.0, "expected_end_date": "2025-10-02", "work_completion_date": "2025-11-24", "date_of_technical_acceptance_of_work": null, "date_of_provisional_acceptance_of_work": null, "official_handover_date_to_community": null, "existence_of_maintenance_plan": false, "wave": "New ouv", "number_of_classrooms": null, "number_of_infrastructures": 1, "population": null, "direct_beneficiaries_men": null, "direct_beneficiaries_women": null, "women_s_group": null, "youth_group": null, "breeders_farmers_group": null, "ethnic_minority_group": null, "date_of_organization_of_the_social_audit": null, "number_of_participants_m_in_social_audit": null, "number_of_participants_w_in_social_audit": null, "number_of_participants_t_in_social_audit": null, "beneficiary_villages_count": 20, "beneficiary_villages": "2069; 2072; 2077; 2078; 2080; 2081; 3884; 3901; 3902; 3903; 3904; 3905; 3906; 3907; 3909; 3910; 3911; 3912; 3913; 3914", "list_of_villages_crossed_by_track_or_electrification": [ ], "infrastructure_changed": null, "infrastructure_deleted": false, "level_of_achievement_donation_certificate": null, "comments": null, "location_name": "TINTARGUINE 2", "latitude": 0.0, "longitude": 0.0, "hierarchy": "TINTARGUINE 2 > SAM-NABA > CINKASSE 2 > CINKASSE > SAVANES", "link_to_subproject": 1966.0, "depth_of_drilling": null, "drilling_flow_rate": null, "number_of_latrine_blocks": null, "has_latrine_blocs": null, "storage_capacity": null, "official_handover_date_to_sector": null, "length_of_the_track": null, "extension_length": null, "number_of_drinking_fountains": null, "estimated_number_of_beneficiaries": null, "refugee_and_internally_displaced_persons_group": null, "has_fence": null, "number_of_sections_of_track_developed": null, "amount_of_the_controllers_contract_in_SES": null, "amount_of_the_contract_for_construction_supervisors": null, "date_signature_contract_facilitator": null, "amount_of_the_facilitator_contract": null, "amount_spent_on_completing_the_infrastructure": null, "amount_spent_on_infrastructure_up_to_provisional_acceptance": null, "number_of_streetlights": null, "distance_covered_by_streetlights": null, "canton": "SAM-NABA", "market_name": null }, "geometry": { "type": "Point", "coordinates": [ 0.0, 0.0 ] } },
{ "type": "Feature", "properties": { "id": 1970, "number": 1452, "joint_subproject_number": 865, "title": "Mini forage photovoltaïque pour les activité de maraichage de groupement de jeunes du Canton de SAM-NABA", "type": "Forages photovoltaïques pour les activités maraîchères", "subproject_type_designation": "Infrastructure", "sector": "Eau–Hydraulique", "works_type": null, "component": "COMPOSANTE 1.3", "projects": "COSO", "financiers": "Banque Mondiale", "status": "Achevé 100.0%", "current_status_of_the_site": "Achevé", "progress_percent": null, "progress_value": 100.0, "estimated_cost": 6000000.0, "contract_amount_work_companies": 6986094.0, "total_contract_amount_paid": 6986094.0, "amount_of_the_care_and_maintenance_fund_expected": null, "care_and_maintenance_amount_on_village_account": null, "date_signature_contract_work_companies": null, "date_signature_contract_efme": null, "contract_companies_amount_for_efme": null, "date_signature_contract_controllers_in_SES": null, "date_of_signature_of_contract_for_construction_supervisors": null, "approval_date_cora": null, "launch_date": "2025-07-02", "expected_duration": 3.0, "expected_end_date": "2025-10-02", "work_completion_date": "2025-11-24", "date_of_technical_acceptance_of_work": null, "date_of_provisional_acceptance_of_work": null, "official_handover_date_to_community": null, "existence_of_maintenance_plan": false, "wave": "New ouv", "number_of_classrooms": null, "number_of_infrastructures": 1, "population": null, "direct_beneficiaries_men": null, "direct_beneficiaries_women": null, "women_s_group": null, "youth_group": null, "breeders_farmers_group": null, "ethnic_minority_group": null, "date_of_organization_of_the_social_audit": null, "number_of_participants_m_in_social_audit": null, "number_of_participants_w_in_social_audit": null, "number_of_participants_t_in_social_audit": null, "beneficiary_villages_count": 20, "beneficiary_villages": "2069; 2072; 2077; 2078; 2080; 2081; 3884; 3901; 3902; 3903; 3904; 3905; 3906; 3907; 3909; 3910; 3911; 3912; 3913; 3914", "list_of_villages_crossed_by_track_or_electrification": [ ], "infrastructure_changed": null, "infrastructure_deleted": false, "level_of_achievement_donation_certificate": null, "comments": null, "location_name": "TINTARGUINE 1", "latitude": 0.0, "longitude": 0.0, "hierarchy": "TINTARGUINE 1 > SAM-NABA > CINKASSE 2 > CINKASSE > SAVANES", "link_to_subproject": 1966.0, "depth_of_drilling": null, "drilling_flow_rate": null, "number_of_latrine_blocks": null, "has_latrine_blocs": null, "storage_capacity": null, "official_handover_date_to_sector": null, "length_of_the_track": null, "extension_length": null, "number_of_drinking_fountains": null, "estimated_number_of_beneficiaries": null, "refugee_and_internally_displaced_persons_group": null, "has_fence": null, "number_of_sections_of_track_developed": null, "amount_of_the_controllers_contract_in_SES": null, "amount_of_the_contract_for_construction_supervisors": null, "date_signature_contract_facilitator": null, "amount_of_the_facilitator_contract": null, "amount_spent_on_completing_the_infrastructure": null, "amount_spent_on_infrastructure_up_to_provisional_acceptance": null, "number_of_streetlights": null, "distance_covered_by_streetlights": null, "canton": "SAM-NABA", "market_name": null }, "geometry": { "type": "Point", "coordinates": [ 0.0, 0.0 ] } }
]
}
